tree
version=v4
num_class=1
num_tree_per_iteration=1
label_index=0
max_feature_idx=13
objective=binary sigmoid:1
feature_names=interaction_count unique_item_count repeated_item_count first_item_id last_item_id mean_item_id std_item_id min_item_id max_item_id total_time_delta mean_time_delta max_time_delta std_time_delta nonzero_time_intervals
feature_infos=[1:20] [1:20] [0:19] [7:47662] [7:47666] [7:47649] [0:23800.5] [7:47649] [7:47681] [0:19] [0:4] [0:4] [0:1.5] [0:13]
tree_sizes=3120 3509 3506 3520 3529 3526 3537 3538 3527 3537 3530 3522 3541 3525 3525 3529 3530 3542 3524 3538 3526 3538 3517 3521 3531 3545 3533 3527 3536 3531 3545 3539 3529 3545 3535 3536 3538 3533 3521 3542 3531 3548 3537 3520 3543 3547 3537 3546 3539 3546 3540 3532 3535 3534 3541 3544 3538 3540 3541 3549 3544 3551 3512 3524 3561 3540 3544 3511 3527 3534 3509 3549 3540 3529 3539 3539 3525 3520 3520 3504 3514 3532 3520 3521 3549 3529 3521 3523 3534 3502 3523 3503 3529 3517 3518 3515 3543

Tree=0
num_leaves=31
num_cat=0
split_feature=2 2 0 9 0 9 8 8 8 9 4 0 7 9 8 9 8 7 8 0 4 8 5 0 0 7 0 4 3 0
split_gain=87228.4 16053.7 9121.51 4072.54 2872.74 2412.96 2118.24 1326.58 1126.89 1016.43 908.288 726.646 762.724 578.762 539.026 523.414 376.45 468.158 351.382 363.918 310.79 276.645 275.93 239.178 238.468 253.292 231.285 227.676 216.292 213.05
threshold=1.0000000180025095e-35 1.5000000000000002 4.5000000000000009 1.0000000180025095e-35 8.5000000000000018 1.0000000180025095e-35 47081.500000000007 44318.500000000007 44354.500000000007 1.0000000180025095e-35 47648.500000000007 2.5000000000000004 39606.500000000007 1.0000000180025095e-35 39664.500000000007 1.0000000180025095e-35 20015.500000000004 39693.000000000007 47648.500000000007 5.5000000000000009 47648.500000000007 39664.500000000007 24380.250000000004 6.5000000000000009 4.5000000000000009 25968.500000000004 7.5000000000000009 47648.500000000007 39637.500000000007 2.5000000000000004
decision_type=2 2 2 2 2 2 2 2 2 2 2 2 2 2 2 2 2 2 2 2 2 2 2 2 2 2 2 2 2 2
left_child=2 3 5 10 9 6 11 13 23 24 16 -1 -13 28 -7 -9 -2 -18 19 -10 -8 -15 -6 -5 -3 -26 -17 -11 -4 -16
right_child=1 4 7 8 22 14 20 15 18 27 -12 12 -14 21 29 26 17 -19 -20 -21 -22 -23 -24 -25 25 -27 -28 -29 -30 -31
leaf_value=-0.05272206303724928 -0.011256555144518071 0.025546897787407808 -0.042861625352996549 0.018801334063417791 0.057710054726902028 -0.037965846847814413 -0.010014771048744462 -2.2619316896629724e-05 0.030231709542054369 0.050608101316715254 0.044696321642429426 -0.045506018371872035 -0.017455818606202069 -0.024266964535046079 -0.026784771956275918 0.019316596931659696 0.0069790468424654542 -0.0086612392582541831 0.077271432640273433 0.055744457102795554 0.035307017543859648 0.0079365079365079361 0.07172389628591451 0.037117803161416871 0.030861273837716564 0.050000000000000003 0.043634081718030959 0.08236046016190883 -0.012967708867247567 -0.0106220186086053
leaf_weight=42752.5 6149.75 5999.75 1593.5 10044.5 4659.5 4655.5 846.25 2210.5 2740.5 14923.5 1169 12628 2999 895.25 3316.25 2151 17169.25 6633 877.75 2852.75 684 2614.5 14270 2166.75 4011.5 3038 1792.75 586.75 975.5 5293.25
leaf_count=171010 24599 23999 6374 40178 18638 18622 3385 8842 10962 59694 4676 50512 11996 3581 13265 8604 68677 26532 3511 11411 2736 10458 57080 8667 16046 12152 7171 2347 3902 21173
internal_value=0 0.0323697 -0.036874 0.0125368 0.0531692 -0.043555 -0.0478274 0.00309 0.0309906 0.0431573 0.00145882 -0.0493495 -0.0401229 -0.0134773 -0.0242593 0.019454 -0.000228699 0.00262055 0.0478597 0.0432441 0.0102434 -0.000277798 0.0682744 0.0220514 0.0328735 0.0391092 0.0303708 0.0518093 -0.0315103 -0.0168477
internal_weight=182700 97292.2 85407.8 49803.2 47489 73174.8 59909.8 12233 18682.2 28559.5 31121 58379.5 15627 6078.75 13265 6154.25 29952 23802.2 6471 5593.25 1530.25 3509.75 18929.5 12211.2 13049.2 7049.5 3943.75 15510.2 2569 8609.5
internal_count=730800 389169 341631 199213 189956 292699 239639 48932 74729 114238 124484 233518 62508 24315 53060 24617 119808 95209 25884 22373 6121 14039 75718 48845 52197 28198 15775 62041 10276 34438
is_linear=0
shrinkage=0.05


Tree=1
num_leaves=31
num_cat=0
split_feature=2 2 0 9 0 8 9 8 8 4 9 0 7 9 9 8 0 8 7 8 0 8 8 5 0 4 0 0 3 5
split_gain=78762.2 14510.3 8238.95 3677.15 2617.85 2182.76 2169.81 1197.46 1018.78 820.164 783.279 657.506 689.358 522.555 472.593 407.776 362.363 339.756 422.519 318.463 329.227 309.091 249.702 229.195 228.015 227.789 216.06 209.003 195.419 192.578
threshold=1.0000000180025095e-35 1.5000000000000002 4.5000000000000009 1.0000000180025095e-35 7.5000000000000009 47081.500000000007 1.0000000180025095e-35 44318.500000000007 44354.500000000007 47648.500000000007 1.0000000180025095e-35 2.5000000000000004 39606.500000000007 1.0000000180025095e-35 1.0000000180025095e-35 39664.500000000007 13.500000000000002 20015.500000000004 39693.000000000007 47648.500000000007 5.5000000000000009 47648.500000000007 39664.500000000007 27995.549804687504 2.5000000000000004 47648.500000000007 6.5000000000000009 7.5000000000000009 39637.500000000007 2478.416625976563
decision_type=2 2 2 2 2 2 2 2 2 2 2 2 2 2 2 2 2 2 2 2 2 2 2 2 2 2 2 2 2 2
left_child=2 3 5 9 10 6 11 13 26 17 -3 -1 -13 28 -9 -8 23 29 -19 20 -10 -7 -15 -6 -17 -12 -5 -16 -4 -2
right_child=1 4 7 8 16 21 15 14 19 -11 25 12 -14 22 27 24 -18 18 -20 -21 -22 -23 -24 -25 -26 -27 -28 -29 -30 -31
leaf_value=-0.050121385100014071 0.0074786301585419088 0.030258799944632316 -0.040737578166897243 0.017862876255250248 0.049282702531646405 -0.0096248969898232242 -0.0360807827377062 -2.1486828645897302e-05 0.028726802215179398 0.042483084256305939 0.04652248336182406 -0.043253497460085832 -0.016584314940426642 -0.023057070769882754 0.018352510976020656 -0.028175133379873214 0.071071517811889945 0.0066301780287312722 -0.0082283334803030569 0.07351941985108186 0.05299910872446998 0.030785837808714495 0.0075398026969683138 0.062780168679455461 -0.011047232947734362 0.078805036261100428 0.03527427387272327 0.041472456478009304 -0.012319847237064235 -0.015002147851363249
leaf_weight=42722.80527099967 1178.4627003967762 12008.824418276548 1592.7683690488338 10043.612129598856 4883.3195966333151 903.71396817266941 4653.8228539228439 2210.5 2739.8738927543163 1168.4163784980774 12563.203964084387 12621.464414834976 2998.7715519666672 895.11819818615913 2150.7993519902229 3137.4371985197067 8589.6246825009584 17169.041233122349 6632.8754623532295 876.44105653464794 2850.5349260419607 993.26440319418907 2614.458859205246 8836.155869320035 5104.3560888469219 571.28066320717335 2166.0039099007845 1791.896966740489 975.45900824666023 4971.0926596075296
leaf_count=171010 4714 48049 6374 40178 19550 3615 18622 8842 10962 4676 50285 50512 11996 3581 8604 12552 34399 68677 26532 3511 11411 3974 10458 35384 20418 2289 8667 7171 3902 19885
internal_value=5.747e-08 0.0307654 -0.0350475 0.0119117 0.0505504 -0.0413998 -0.0428094 0.00293599 0.0294505 0.00138594 0.0394882 -0.0469119 -0.0381336 -0.0128055 0.0184846 -0.0242486 0.0630181 -0.000217268 0.00248956 0.0454965 0.0411032 0.0115343 -0.000263935 0.0579759 -0.0175674 0.0479266 0.0209517 0.0288602 -0.029944 -0.0106941
internal_weight=182615 97248.8 85366.6 49796.4 47452.4 73135.6 71238.7 12231 18676.5 31119.9 25143.3 58343 15620.2 6077.8 6153.2 12895.6 22309.1 29951.5 23801.9 6466.85 5590.41 1896.98 3509.58 13719.5 8241.79 13134.5 12209.6 3942.7 2568.23 6149.56
internal_count=730800 389169 341631 199213 189956 292699 285110 48932 74729 124484 100623 233518 62508 24315 24617 51592 89333 119808 95209 25884 22373 7589 14039 54934 32970 52574 48845 15775 10276 24599
is_linear=0
shrinkage=0.05


Tree=2
num_leaves=31
num_cat=0
split_feature=2 2 0 9 0 9 8 8 8 4 8 9 0 9 8 0 9 8 7 4 0 4 8 8 7 13 3 0 7 0
split_gain=71182 13150.6 7453.01 3322.93 2399.56 1983.13 1722.69 1081.26 923.955 741.311 629.199 613.403 477.56 472.173 441.694 441.066 427.059 306.662 381.34 291.548 287.374 259.67 229.505 225.432 207.519 197.376 196.373 202.112 193.639 189.986
threshold=1.0000000180025095e-35 1.5000000000000002 4.5000000000000009 1.0000000180025095e-35 6.5000000000000009 1.0000000180025095e-35 47081.500000000007 44318.500000000007 44354.500000000007 47648.500000000007 44366.500000000007 1.0000000180025095e-35 10.500000000000002 1.0000000180025095e-35 39664.500000000007 2.5000000000000004 1.0000000180025095e-35 20015.500000000004 39693.000000000007 47648.500000000007 5.5000000000000009 47648.500000000007 47648.500000000007 39664.500000000007 39606.500000000007 1.5000000000000002 47130.000000000007 3.5000000000000004 25910.000000000004 8.5000000000000018
decision_type=2 2 2 2 2 2 2 2 2 2 2 2 2 2 2 2 2 2 2 2 2 2 2 2 2 2 2 2 2 2
left_child=2 3 5 9 11 6 10 13 25 17 24 -3 28 -4 -7 -12 -9 -2 -19 20 -10 -8 -13 -15 -1 -5 27 -16 -6 -18
right_child=1 4 7 8 12 14 21 16 19 -11 15 22 -14 23 26 -17 29 18 -20 -21 -22 -23 -24 -25 -26 -27 -28 -29 -30 -31
leaf_value=-0.049215841057636794 -0.010160507046995547 0.027076831634753537 -0.028471542847443916 0.017696948960879109 0.047073847346989023 -0.034312198774083549 -0.009402026511042957 -2.0413945039940271e-05 0.027871123704624686 0.040416804836049043 -0.041883488060780023 0.042347929198275555 0.064691444413807295 -0.021913469494216208 -0.021069616856827213 -0.023623663119557933 0.019325884052360069 0.0062988887487170249 -0.0078173385304017625 0.071584951713246331 0.05041286503003415 0.032038540896648669 0.074669467722987937 0.0071631376081588349 -0.039881578222178034 0.038165667027856974 0.033046824673759335 -0.0035739496232225967 0.060454832570379285 0.042299077739693068
leaf_weight=36285.63712477684 6148.8888580203056 10605.376628890634 2566.0631374418736 10884.386275067925 8752.7095077484846 4649.1244029998779 846.16663132607937 2210.5 2786.3452233076096 1166.7816669344902 9854.4201031923294 9863.468084871769 13635.780076235533 894.74893966317177 6143.2723026871681 4977.5878602862358 2548.515528023243 17168.45484380424 6632.527152299881 798.45262891054153 2870.4343378543854 683.25354981422424 581.60682564973831 2614.3433844745159 7123.3010628223419 1320.652503117919 205.976965457201 2257.2356826066971 3912.1271930783987 1391.2292864173651
leaf_count=145501 24599 42463 10276 43558 35113 18622 3385 8842 11156 4676 39522 39547 54792 3581 24584 19937 10200 68677 26532 3212 11516 2736 2341 10458 28558 5287 824 9030 15700 5575
internal_value=2.4612e-07 0.0292651 -0.0333415 0.0113209 0.0481285 -0.0393905 -0.0432707 0.0027905 0.0280032 0.00131683 -0.0446463 0.0355473 0.0581982 -0.0121709 -0.021894 -0.0357555 0.0175692 -0.000206423 0.00236517 0.0433017 0.0393095 0.00911114 0.0441477 -0.00025082 -0.0476841 0.0199118 -0.0151858 -0.0163685 0.0512072 0.0274383
internal_weight=182379 97128 85251.4 49776.9 47351.1 73026 59770.4 12225.4 18660.3 31116.7 58240.9 21050.5 26300.6 6075.16 13255.6 14832 6150.24 29949.9 23801 6455.23 5656.78 1529.42 10445.1 3509.09 43408.9 12205 8606.48 8400.51 12664.8 3939.74
internal_count=730800 389169 341631 199213 189956 292699 239639 48932 74729 124484 233518 84351 105605 24315 53060 59459 24617 119808 95209 25884 22672 6121 41888 14039 174059 48845 34438 33614 50813 15775
is_linear=0
shrinkage=0.05


Tree=3
num_leaves=31
num_cat=0
split_feature=2 2 0 9 0 8 9 9 8 9 8 4 3 0 8 0 8 0 8 3 5 3 4 7 8 5 8 0 5 0
split_gain=64379.6 11946 6809.47 3004.86 2210.78 1840.9 1598.84 1100.87 840.232 778.155 704.412 670.595 664.822 524.052 364.445 289.414 268.889 275.365 262.459 257.298 240.16 211.568 202.075 201.619 255.044 199.918 234.669 190.082 186.953 185.088
threshold=1.0000000180025095e-35 1.5000000000000002 3.5000000000000004 1.0000000180025095e-35 8.5000000000000018 47081.500000000007 1.0000000180025095e-35 1.0000000180025095e-35 44354.500000000007 1.0000000180025095e-35 39664.500000000007 47648.500000000007 39673.500000000007 5.5000000000000009 44366.500000000007 4.5000000000000009 47648.500000000007 6.5000000000000009 47648.500000000007 39673.500000000007 24380.250000000004 39519.500000000007 25767.500000000004 25910.000000000004 41156.500000000007 35082.484375000007 40643.500000000007 6.5000000000000009 24550.025390625004 1.5000000000000002
decision_type=2 2 2 2 2 2 2 2 2 2 2 2 2 2 2 2 2 2 2 2 2 2 2 2 2 2 2 2 2 2
left_child=2 3 5 11 9 7 12 14 27 23 -8 15 -4 -12 -1 21 17 -10 -7 -17 -6 -2 -11 -3 -25 -14 -27 -5 -15 -16
right_child=1 4 6 8 20 18 10 -9 16 22 13 -13 25 28 29 19 -18 -19 -20 -21 -22 -23 -24 24 -26 26 -28 -29 -30 -31
leaf_value=-0.046165856960387858 0.0012310597418610228 0.021834404242375413 -0.034502147810885411 0.016030284249663927 0.049313061406084664 -0.010225336891134492 -0.023351513873329535 -0.025711234818699039 0.027968278471763586 0.037060743892693482 -0.00065490082458702543 0.038481356357515574 -0.022597134278004707 0.00027559195078611271 -0.048710142720759075 9.9532877228948155e-05 0.067152012563474736 0.050577726006675511 0.028642512469843118 0.026047513702456195 0.062441530825440308 -0.0081976950304488982 0.048982111510903821 0.043623902397657628 0.023846703373557054 0.061796651614794286 -0.0038221615076562405 0.032375891286687324 0.027894314981237657 -0.033678112546509889
leaf_weight=40282.332034543157 16956.750135302544 6476.569414332509 4650.3301472216845 10036.653475925326 4623.2549565732479 795.55847185850143 1582.9042413383722 9974.0353047698736 3290.319096416235 5555.8920205384493 3957.2842498868704 1164.2548004388809 1586.134738266468 718.47764857113361 2537.4395043253899 1975.5279728770256 867.25508935749531 2279.7823397219181 956.55971759557724 1850.0473729372025 14129.855610132217 9165.2562445104122 9868.7308939695358 3450.3373008966446 3090.0776615589857 142.47754734754562 3117.683342680335 2161.6724604219198 4162.810946315527 10611.600777953863
leaf_count=162003 67838 25964 18664 40178 18638 3183 6344 39966 13196 22336 15834 4676 6358 2877 10203 7903 3511 9177 3833 7401 57080 36666 39705 13838 12395 571 12486 8667 16680 42629
internal_value=5.43912e-07 0.0278575 -0.0317419 0.0107618 0.0458778 -0.039563 -0.00615712 -0.0409601 0.0266395 0.0370905 0.00736574 0.00125125 -0.0209969 0.0128669 -0.0438066 -0.000196124 0.0412543 0.0372221 0.0109944 0.012648 0.0592049 -0.00207715 0.0446881 0.0280877 0.03428 -0.00803784 -0.000954448 0.0189269 0.0238291 -0.0365789
internal_weight=182018 96942.2 85075.6 49747.5 47194.7 65157.5 19918.1 63405.4 18635.7 28441.6 10421.5 31111.8 9496.63 8838.57 53431.4 29947.6 6437.36 5570.1 1752.12 3825.58 18753.1 26122 15424.6 13017 6540.41 4846.3 3260.16 12198.3 4881.29 13149
internal_count=730800 389169 341631 199213 189956 261817 79814 254801 74729 114238 41735 124484 38079 35391 214835 119808 25884 22373 7016 15304 75718 104504 62041 52197 26233 19415 13057 48845 19557 52832
is_linear=0
shrinkage=0.05


Tree=4
num_leaves=31
num_cat=0
split_feature=2 2 0 9 0 8 8 9 8 0 9 8 9 0 8 8 5 7 8 7 4 0 8 5 8 9 7 8 8 8
split_gain=58263.2 10873.3 6181.98 2718.98 2064.25 1669.32 1445.21 1006.49 765.742 685.365 683.072 607.147 510.844 427.13 345.5 715.95 280.716 362.498 257.658 250.632 248.916 244.115 237.192 235.89 211.275 195.901 183.96 183.58 179.612 169.107
threshold=1.0000000180025095e-35 1.5000000000000002 3.5000000000000004 1.0000000180025095e-35 6.5000000000000009 47081.500000000007 44318.500000000007 1.0000000180025095e-35 44354.500000000007 6.5000000000000009 1.0000000180025095e-35 47648.500000000007 1.0000000180025095e-35 12.500000000000002 39664.500000000007 40417.500000000007 20074.833007812504 39693.000000000007 39638.500000000007 38804.500000000007 47648.500000000007 5.5000000000000009 47648.500000000007 27995.549804687504 47648.500000000007 1.0000000180025095e-35 2988.5000000000005 40733.500000000007 25341.000000000004 44318.500000000007
decision_type=2 2 2 2 2 2 2 2 2 2 2 2 2 2 2 2 2 2 2 2 2 2 2 2 2 2 2 2 2 2
left_child=2 3 5 11 12 7 10 14 28 25 19 16 -3 23 -1 -16 26 -18 -12 -4 21 -10 -7 -6 -14 -8 -2 -21 -5 -9
right_child=1 4 6 8 13 22 9 29 20 -11 18 -13 24 -15 15 -17 17 -19 -20 27 -22 -23 -24 -25 -26 -27 -28 -29 -30 -31
leaf_value=-0.046137549157728913 0.0030740681392362524 0.024364642208494922 -0.034182035108575093 0.0072169957233313422 0.040152424690310766 -0.0097157880859672849 -0.00936813657147453 -0.028601365731027534 0.025112373007040084 0.028042021121056818 -0.022742736471746301 0.036130173475753348 0.038252424280084261 0.061399978113774845 -0.0029917247836377518 -0.039830240537147739 0.0068298052935815874 -0.0071375600832338142 0.0016431993356103771 0.054513929534323595 0.065686308593802839 0.045940847486258853 0.027246333247199356 0.052718234170246826 0.069466898262625226 0.0086613999832444565 -0.013577629994634868 -0.014209635239021749 0.021412442073192133 -0.01421986136715284
leaf_weight=24476.297090277076 2406.4483232349157 10578.713600769639 4938.6302471905947 2935.0569131672382 5838.8535664230585 795.42112442851067 3232.829208984971 7090.2140132933855 2779.265454351902 3068.1952610462904 1522.7729885280132 1195.4697740674019 9803.5230337977409 9832.8180775791407 1385.6783953905106 27376.134209945798 15542.646653056145 6625.5540812015533 3752.3363875895739 124.83377368748188 786.40419429540634 2848.6260177195072 955.3284080773592 10364.380971163511 573.82736866176128 2821.6280625015497 5337.2798457890749 438.58627560734749 9254.2153062820435 2872.0353148281574
leaf_count=98850 9627 42463 19864 11756 23588 3183 12955 28456 11156 12316 6110 4814 39547 40010 5590 110395 62179 26509 15015 500 3212 11516 3833 42007 2341 11295 21355 1759 37089 11510
internal_value=9.2029e-07 0.0265331 -0.0302373 0.010232 0.0437773 -0.0377076 -0.00585501 -0.0390417 0.025353 0.00879043 -0.0182521 0.00118896 0.0320965 0.053179 -0.0417712 -0.0380554 -0.000207511 0.00265529 -0.00539632 -0.0305776 0.0393369 0.035655 0.0104533 0.0481901 0.0399785 -0.000965625 -0.00840293 0.00101705 0.0179943 -0.0244553
internal_weight=181554 96703.1 84850.9 49711 46992.1 64951.1 19899.8 63200.4 18603.6 9122.65 10777.2 31107.4 20956.1 26036.1 53238.1 28761.8 29911.9 22168.2 5275.11 5502.05 6414.3 5627.89 1750.75 16203.2 10377.4 6054.46 7743.73 563.42 12189.3 9962.25
internal_count=730800 389169 341631 199213 189956 261817 79814 254801 74729 36566 43248 124484 84351 105605 214835 115985 119670 88688 21125 22123 25884 22672 7016 65595 41888 24250 30982 2259 48845 39966
is_linear=0
shrinkage=0.05


Tree=5
num_leaves=31
num_cat=0
split_feature=2 2 0 9 0 9 8 8 8 9 4 0 7 8 9 0 8 7 8 0 9 4 0 7 4 13 4 5 8 3
split_gain=52757.6 9913.31 5670.05 2461.39 1906.94 1498.73 1278.83 830.656 699.281 661.144 550.694 511.685 562.057 361.845 341.2 322.484 255.871 293.072 232.033 239.472 226.672 199.352 188.448 212.513 180.49 171.938 163.845 162.062 161.141 160.305
threshold=1.0000000180025095e-35 1.5000000000000002 4.5000000000000009 1.0000000180025095e-35 8.5000000000000018 1.0000000180025095e-35 47081.500000000007 44318.500000000007 44354.500000000007 1.0000000180025095e-35 47648.500000000007 2.5000000000000004 39606.500000000007 44318.500000000007 1.0000000180025095e-35 7.5000000000000009 20015.500000000004 39693.000000000007 47648.500000000007 4.5000000000000009 1.0000000180025095e-35 47648.500000000007 4.5000000000000009 25968.500000000004 25767.500000000004 1.5000000000000002 20166.500000000004 2478.416625976563 39638.500000000007 39637.500000000007
decision_type=2 2 2 2 2 2 2 2 2 2 2 2 2 2 2 2 2 2 2 2 2 2 2 2 2 2 2 2 2 2
left_child=2 3 5 10 9 6 11 14 25 22 16 26 -13 -7 29 -9 27 -18 19 -10 -6 -8 -3 -24 -11 -5 -1 -2 -16 -4
right_child=1 4 7 8 20 13 21 15 18 24 -12 12 -14 -15 28 -17 17 -19 -20 -21 -22 -23 23 -25 -26 -27 -28 -29 -30 -31
leaf_value=-0.046592249528471935 0.0073978128996121011 0.018814065381658623 -0.03414270363755912 0.015042254306004596 0.040644966647436956 -0.024727158904517384 -0.0085574881572623076 0.0070454076445379725 0.02043594202282667 0.033454107205931921 0.03497534033926504 -0.035613770130108531 -0.011470496863510005 -0.0071429264541704096 -0.019128846340452602 0.030891360519899214 0.0056196968193240916 -0.0067570729767897162 0.061836336389743118 0.041892666616638985 0.056541858870263008 0.02780555579470791 0.023335494418718815 0.040935533873096334 0.044764676966136972 0.034183152699509466 -0.039644299983114285 -0.013225997903491438 0.0058129994082967186 -0.0083477300026958655
leaf_weight=11771.495028451085 1178.4726259112358 5971.692760437727 1580.5998834967613 10863.732711613178 2611.2474385946989 8844.6437718272209 845.66494420170784 3912.3772898167372 2088.0151441693306 5517.4420516341925 1157.1314268708229 12492.275858864188 2987.016183629632 4371.6544028818607 857.14650988578796 2223.6396417915821 17165.671967640519 6630.4856543391943 851.42633524537086 3447.2620778530836 15874.95575851202 679.97496320307255 3987.1851566880941 3009.8656063377857 9777.9202762544155 1315.2900084108114 30393.389090195298 4968.4803034812212 2648.5380997657776 973.1217021048069
leaf_count=47778 4714 23999 6374 43558 10686 35542 3385 15667 8393 22336 4676 50512 11996 17518 3440 8950 68677 26532 3511 13980 65032 2736 16046 12152 39705 5287 123232 19885 10599 3902
internal_value=1.31117e-06 0.0252849 -0.02882 0.00973 0.0418099 -0.0341337 -0.0375339 0.00271954 0.0241364 0.0336431 0.00112987 -0.0387298 -0.0309549 -0.0189107 -0.0104118 0.015687 -0.000178064 0.00217107 0.0375365 0.0337988 0.0542964 0.00764946 0.0253382 0.0309064 0.0406847 0.0171094 -0.041584 -0.00927207 -0.000285329 -0.0243133
internal_weight=180998 96416.3 84581.5 49666 46750.3 72386.1 59169.8 12195.4 18565.7 28264.1 31100.2 57644.2 15479.3 13216.3 6059.41 6136.02 29943.1 23796.2 6386.7 5535.28 18486.2 1525.64 12968.7 6997.05 15295.4 12179 42164.9 6146.95 3505.68 2553.72
internal_count=730800 389169 341631 199213 189956 292699 239639 48932 74729 114238 124484 233518 62508 53060 24315 24617 119808 95209 25884 22373 75718 6121 52197 28198 62041 48845 171010 24599 14039 10276
is_linear=0
shrinkage=0.05


Tree=6
num_leaves=31
num_cat=0
split_feature=2 0 0 2 8 8 9 2 9 9 8 3 5 0 8 8 9 0 9 8 8 3 8 4 3 8 9 0 8 8
split_gain=47794.3 9098.61 5174.36 2187.31 1392.26 1241.26 1216.49 1064.91 924.415 831.044 551.571 533.099 451.251 373.368 364.303 318.826 274.553 256.018 250.397 220.286 199.362 183.397 180.726 180.052 178.774 181.064 172.799 167.39 161.629 151.786
threshold=1.0000000180025095e-35 5.5000000000000009 3.5000000000000004 1.5000000000000002 47081.500000000007 47648.500000000007 1.0000000180025095e-35 2.5000000000000004 1.0000000180025095e-35 1.0000000180025095e-35 44366.500000000007 39673.500000000007 25957.333007812504 12.500000000000002 47648.500000000007 44366.500000000007 1.0000000180025095e-35 7.5000000000000009 1.0000000180025095e-35 39638.500000000007 47648.500000000007 25968.500000000004 41156.500000000007 20166.500000000004 40409.500000000007 44318.500000000007 1.0000000180025095e-35 1.5000000000000002 40643.500000000007 39652.500000000007
decision_type=2 2 2 2 2 2 2 2 2 2 2 2 2 2 2 2 2 2 2 2 2 2 2 2 2 2 2 2 2 2
left_child=2 3 4 5 9 8 11 12 23 15 19 -4 26 21 16 -1 22 -12 -14 -8 -6 -9 -5 -2 -13 -26 -3 -17 -21 -11
right_child=1 7 6 14 20 -7 10 13 -10 29 17 24 18 -15 -16 27 -18 -19 -20 28 -22 -23 -24 -25 25 -27 -28 -29 -30 -31
leaf_value=-0.040308142315475734 -0.0077043718972190133 0.0018628782205683968 -0.030299610823955637 0.024590511871372397 -0.0088201251651349316 0.044072578708585962 -0.020590656248075399 0.036868414239823157 0.015228180137733735 -0.030052930379412469 0.010352832932933187 0.030458679433099985 0.02558374769893771 0.058009344259953313 0.061260276822691563 -0.042907320565035517 0.032946453887495536 0.03411555273851543 0.04266513238071145 0.031034686042608218 0.025094974527703623 0.048747627212452738 0.0088000114495584633 0.0011579224135529985 -0.022334464624434724 -0.0015228450577150312 0.024822203281442815 -0.028520881474195625 -0.0016976465409744589 -0.017379254825003475
leaf_weight=39737.754514142871 8083.5863193273544 1098.2866362482309 4615.3187403231859 5559.8350945562124 795.07845479249954 1986.9232277423143 1518.2954697310925 4834.5327676534653 11912.522640183568 3871.1632418185472 3264.7064322829247 305.80262230336666 2933.9385974258184 8500.9909502118826 752.00153289735317 2503.8379069268703 6926.4945669919252 1736.3418636023998 7983.4926418960094 423.34743793308735 952.30075544118881 9907.17652541399 2688.1679868847132 19694.253722846508 1636.1187941879034 2893.204069674015 3228.8849253505468 10504.978194922209 3455.5766208022833 6061.8828037381172
leaf_count=162003 32354 4417 18664 22392 3183 8152 6110 19721 47827 15621 13078 1228 11823 35236 3096 10203 28187 7020 32608 1695 3833 40607 10823 78805 6589 11598 13121 42629 13832 24345
internal_value=1.73255e-06 0.0241058 -0.0274817 0.0115296 -0.0343583 0.0055066 -0.00516059 0.0429285 0.00357597 -0.0355856 0.00664001 -0.0181447 0.0326589 0.0496642 0.0272908 -0.038084 0.0256073 0.0186031 0.0380747 -0.00444499 0.0096632 0.0448518 0.0194441 -0.00142108 -0.00654241 -0.00904059 0.0189949 -0.0312899 0.00187477 -0.0223185
internal_weight=180367 96091.1 84275.7 57603.8 64427 41677.3 19848.7 38487.3 39690.4 62679.6 10398.3 9450.44 15244.6 23242.7 15926.5 52746.6 15174.5 5001.05 10917.4 5397.22 1747.38 14741.7 8248 27777.8 4835.13 4529.32 4327.17 13008.8 3878.92 9933.05
internal_count=730800 389169 341631 231636 261817 167138 79814 157533 158986 254801 41735 38079 61969 95564 64498 214835 61402 20098 44431 21637 7016 60328 33215 111159 19415 18187 17538 52832 15527 39966
is_linear=0
shrinkage=0.05


Tree=7
num_leaves=31
num_cat=0
split_feature=2 0 0 2 9 8 8 2 9 8 8 5 0 8 0 8 8 9 9 8 9 9 9 9 7 8 4 8 8 9
split_gain=43313.1 8326.28 4743.46 1985.36 1251.22 1130.42 1054.31 989.656 835.223 685.076 544.423 417.1 354.209 336.306 327.575 307.014 295.591 270.872 251.414 205.601 204.39 199.021 190.642 180.94 167.108 163.905 162.52 154.742 164.048 143.493
threshold=1.0000000180025095e-35 5.5000000000000009 4.5000000000000009 1.5000000000000002 1.0000000180025095e-35 47648.500000000007 47648.500000000007 2.5000000000000004 1.0000000180025095e-35 44318.500000000007 44366.500000000007 28010.099609375004 13.500000000000002 47648.500000000007 2.5000000000000004 39664.500000000007 39664.500000000007 1.0000000180025095e-35 1.0000000180025095e-35 40424.500000000007 1.0000000180025095e-35 1.0000000180025095e-35 1.0000000180025095e-35 1.0000000180025095e-35 39606.500000000007 41156.500000000007 20166.500000000004 40417.500000000007 44318.500000000007 1.0000000180025095e-35
decision_type=2 2 2 2 2 2 2 2 2 2 2 2 2 2 2 2 2 2 2 2 2 2 2 2 2 2 2 2 2 2
left_child=2 3 4 5 6 8 10 11 26 16 24 21 22 18 -12 -6 -4 -11 25 -18 -13 -3 -9 -21 -1 -5 -2 -17 -29 -7
right_child=1 7 9 13 15 29 -8 12 -10 17 14 20 -14 -15 -16 27 19 -19 -20 23 -22 -23 -24 -25 -26 -27 -28 28 -30 -31
leaf_value=-0.039349662832202842 -0.0073201441556252252 0.0030345833435348425 -0.027704322353208872 0.023412918786030041 -0.027607574520425494 0.031055052660515205 0.021686176716942909 0.034761953672087918 0.014481012646748817 0.00044844006901623525 -0.032158590710711775 0.025565178045051762 0.056736232591821492 0.058834013408425936 -0.016663666245994493 0.020300864807138504 0.036706312879509186 0.022346754748936441 0.031446075198772745 -0.018159421379704957 0.041694437239534338 0.02543370523178938 0.046898337698372788 0.0031151741415725177 -0.03089229790316704 0.0083662216540584203 0.0011000324542787085 -0.020543813531951033 -0.0063826133427687367 0.058526890511728408
leaf_weight=35478.382811695337 8082.518148958683 1317.6666773557663 1601.4294218868017 5547.811165317893 4602.3723390102386 1174.1649418920279 830.755595266819 4547.433315217495 11901.100795298815 2209.7638468593359 10157.104617655277 2709.0195038467646 7273.4360947757959 744.06390491127968 5135.501774713397 364.01442770659924 308.79753063619137 3912.3454473912716 6894.939547881484 1691.4025981277227 7143.158069819212 4008.6737699061632 11218.427772194147 2442.9184751957655 6991.7604783624411 2686.2228693366051 19694.172192543745 3845.9160732775927 4367.5545371621847 798.63918381929398
leaf_count=145501 32354 5302 6469 22392 18622 4788 3353 18639 47827 8842 41477 10938 30513 3096 20750 1463 1240 15775 28187 6829 29371 16358 46412 9777 28558 10823 78805 15457 17518 3364
internal_value=2.16118e-06 0.0229881 -0.0262155 0.0109695 -0.0311092 0.00523509 -0.0342402 0.041078 0.00339835 0.00265337 -0.0350445 0.0311651 0.0476087 0.0260164 -0.0269551 -0.0171896 -0.00928713 0.0144426 0.0244024 -0.00264903 0.0372594 0.0198925 0.0433978 -0.00558853 -0.0379573 0.0185042 -0.00135009 -0.0115997 -0.0130135 0.0421763
internal_weight=179681 95741.4 83940 57523.6 71773.4 41650.6 58593.5 38217.8 39677.8 12166.7 57762.7 15178.5 23039.3 15873 15292.6 13179.9 6044.55 6122.11 15129 4443.12 9852.18 5326.34 15765.9 4134.32 42470.1 8234.03 27776.7 8577.49 8213.47 1972.8
internal_count=730800 389169 341631 231636 292699 167138 239639 157533 158986 48932 236286 61969 95564 64498 62227 53060 24315 24617 61402 17846 40309 21660 65051 16606 174059 33215 111159 34438 32975 8152
is_linear=0
shrinkage=0.05


Tree=8
num_leaves=31
num_cat=0
split_feature=2 0 0 2 8 8 0 2 9 5 9 9 0 9 3 5 8 8 8 5 8 13 9 9 0 8 3 5 8 8
split_gain=39264.6 7650.67 4352.74 1543.11 1452.35 1183.85 1040.95 1017.64 693.368 568.654 561.801 544.222 408.223 362.529 334.192 287.441 272.341 671.67 251.25 237.577 204.161 181.037 171.417 164.454 162.323 157.998 156.661 152.822 150.65 135.728
threshold=1.0000000180025095e-35 4.5000000000000009 3.5000000000000004 2.5000000000000004 47648.500000000007 47081.500000000007 6.5000000000000009 1.5000000000000002 1.0000000180025095e-35 39607.099609375007 1.0000000180025095e-35 1.0000000180025095e-35 10.500000000000002 1.0000000180025095e-35 39637.500000000007 30742.761718750004 39664.500000000007 40417.500000000007 40710.500000000007 35413.312500000007 39531.500000000007 1.5000000000000002 1.0000000180025095e-35 1.0000000180025095e-35 7.5000000000000009 47648.500000000007 25968.500000000004 22558.536132812504 39638.500000000007 39618.500000000007
decision_type=2 2 2 2 2 2 2 2 2 2 2 2 2 2 2 2 2 2 2 2 2 2 2 2 2 2 2 2 2 2
left_child=2 4 5 11 7 8 9 10 16 13 20 19 26 28 -8 21 -1 -18 -11 -3 -2 -13 -6 29 -17 -7 -5 -14 -4 -9
right_child=1 3 6 12 22 25 14 23 -10 18 -12 15 27 -15 -16 24 17 -19 -20 -21 -22 -23 -24 -25 -26 -27 -28 -29 -30 -31
leaf_value=-0.038739703599707853 0.0019129837720155347 0.0077339410276185232 -0.03888082155216905 0.031698575756851192 0.032480413476323244 -0.0071819445786497106 0.00026318923379962147 0.02058529317928199 -0.020377244414060029 0.068707287386750845 0.012159516071778086 0.019333501019709303 0.040122583669309771 -0.0074122432625718278 0.025331225991676028 0.032053249422201967 0.002703784185411551 -0.033227366932502868 0.0028305429040703291 0.026249103978084328 -0.007078846030987066 0.037060675744037937 0.058326385058531618 0.027740135607159329 0.046646214295788392 0.023046702744716097 0.042883160731576997 0.054804067384106904 -0.020838193509272438 0.0046448344695559493
leaf_weight=23912.851291954517 15380.308118462563 4236.1398418843746 1597.53942745924 4743.1480313688517 1373.5752476751804 794.09136101603508 2387.6403969675303 3608.2993421852589 9896.2853451669216 151.01970009505749 10003.099463328719 4766.519406825304 2208.8746895492077 4975.1513898074627 3000.0686409175396 4125.2577882409096 1366.7686231136322 26877.477801635861 3479.5112871825695 2931.5708992183208 10707.5407114923 2063.8022562712431 1203.6873387098312 4168.0885302126408 3541.610156327486 948.69477538764477 9210.3734590858221 8972.2307705581188 4194.8526144176722 2119.9525269418955
leaf_count=98850 61560 17061 6534 19507 5622 3183 9633 14586 39966 605 40230 19471 9294 19975 12103 16897 5590 110395 13969 11837 42846 8489 5143 17122 14734 3833 38172 38051 16995 8547
internal_value=2.62595e-06 0.0219293 -0.025015 0.036356 0.00802699 -0.0313694 -0.00452623 0.00598005 -0.0325108 -0.0115417 0.00208523 0.0265768 0.0447853 -0.0173116 0.014222 0.032149 -0.0348131 -0.0314886 0.00557083 0.0153066 -0.00177764 0.0246898 0.0445515 0.020184 0.0387943 0.00927318 0.0390812 0.0519037 -0.0258143 0.0146859
internal_weight=178946 95364.1 83582 46799.5 48564.6 63796.2 19785.8 45987.3 62053.4 14398.1 36090.9 21664.9 25134.6 10767.5 5387.71 14497.2 52157.1 28244.2 3630.53 7167.71 26087.8 6830.32 2577.26 9896.34 7666.87 1742.79 13953.5 11181.1 5792.39 5728.25
internal_count=730800 389169 341631 193513 195656 261817 79814 184891 254801 58078 144636 88489 105024 43504 21736 59591 214835 115985 14574 28898 104406 27960 10765 40255 31631 7016 57679 47345 23529 23133
is_linear=0
shrinkage=0.05


Tree=9
num_leaves=31
num_cat=0
split_feature=2 2 0 9 0 8 0 9 8 9 5 3 4 8 9 9 5 8 5 7 4 4 8 0 4 7 0 8 8 4
split_gain=35602.7 7041.03 3969.25 1644.38 1486.75 1077.03 946.469 639.839 554.007 487.238 438.279 410.929 359.335 265.562 233.088 212.588 210.174 209.725 199.857 276.304 179.968 175.29 272.652 166.033 154.076 152.208 151.522 145.609 142.959 133.806
threshold=1.0000000180025095e-35 1.5000000000000002 3.5000000000000004 1.0000000180025095e-35 8.5000000000000018 47081.500000000007 5.5000000000000009 1.0000000180025095e-35 44354.500000000007 1.0000000180025095e-35 39607.099609375007 39679.500000000007 47648.500000000007 44366.500000000007 1.0000000180025095e-35 1.0000000180025095e-35 22558.536132812504 40710.500000000007 20074.833007812504 39693.000000000007 47648.500000000007 20166.500000000004 41156.500000000007 6.5000000000000009 25767.500000000004 2988.5000000000005 1.5000000000000002 20015.500000000004 47648.500000000007 20166.500000000004
decision_type=2 2 2 2 2 2 2 2 2 2 2 2 2 2 2 2 2 2 2 2 2 2 2 2 2 2 2 2 2 2
left_child=2 3 5 12 9 7 10 13 27 21 14 15 18 29 -4 -8 -6 -12 25 -20 23 -3 -23 -10 -11 -2 -15 -5 -7 -1
right_child=1 4 6 8 16 28 11 -9 20 24 17 -13 -14 26 -16 -17 -18 -19 19 -21 -22 22 -24 -25 -26 -27 -28 -29 -30 -31
leaf_value=-0.039469966846378213 0.0033171369663808539 0.010742077829054376 -0.026064811890643441 0.0014876480537779587 0.035550088545499813 -0.0068251957886874166 -0.020681653810720062 -0.019398623538176497 0.021588093798090183 0.027285477501699171 0.063281585837063725 0.019841968324373356 0.028461058021571867 -0.038201880170130757 -0.0096645762076117275 0.0051006395963720773 0.049132256550609738 0.00022272029100240911 0.005853253670963625 -0.0063368030571298809 0.054958822132688157 0.031857210280194656 0.014902856823321615 0.039282392428974779 0.037849855457116874 -0.011829264367694247 -0.024400272081258126 0.015983528518479537 0.021946788347499791 -0.033262014868690279
leaf_weight=13040.389206424356 2407.3134690970182 3268.1457662433386 4956.8169772773981 2094.6340811401606 3563.0350451916456 793.82520347833633 1166.8504289537668 9876.2724842280149 3301.1143201440573 5411.8058326095343 138.08539853990078 4187.8380851298571 1134.9585356861353 2460.2820206433535 3848.6638461202383 2539.8547405898571 14198.294999361038 2922.5017687380314 15561.565603777766 6628.6241151690483 739.67555584013462 5219.7280168831348 4345.3923132270575 2215.5771109461784 9527.2171211689711 5333.4986292123795 10373.766018927097 10016.61608093977 946.48570813238621 25958.653460174799
leaf_count=54306 9632 13253 20225 8419 15023 3183 4731 39966 13420 22336 554 16888 4676 10203 15456 10226 60695 11734 62285 26532 3212 21273 17671 9252 39705 21359 42629 40426 3833 107697
internal_value=3.10517e-06 0.0209243 -0.0238741 0.0078579 0.0351099 -0.0299684 -0.00430592 -0.0310623 0.0197177 0.0278846 -0.0132314 0.00910977 0.000845866 -0.0332847 -0.0188967 -0.00301548 0.0464076 0.00306777 -0.000201279 0.00221186 0.0317995 0.0207392 0.0241549 0.0286944 0.0340228 -0.00711889 -0.027046 0.0134765 0.00882274 -0.0353378
internal_weight=178177 94967.2 83210.3 49433.6 45533.6 63449.7 19760.6 61709.4 18367.6 27772.3 11866.1 7894.54 31066 51833.1 8805.48 3706.71 17761.3 3060.59 29931 22190.2 6256.37 12833.3 9565.12 5516.69 14939 7740.81 12834 12111.3 1740.31 38999
internal_count=730800 389169 341631 199213 189956 261817 79814 254801 74729 114238 47969 31845 124484 214835 35681 14957 75718 12288 119808 88817 25884 52197 38944 22672 62041 30991 52832 48845 7016 162003
is_linear=0
shrinkage=0.05


Tree=10
num_leaves=31
num_cat=0
split_feature=2 0 0 2 8 8 8 0 9 9 9 0 2 4 5 8 5 9 7 13 8 8 0 4 8 8 8 0 4 9
split_gain=32289.6 6534.03 3620.9 1477.26 980.216 900.189 860.494 821.407 610.984 590.96 409.376 402.967 355.674 296.676 271.666 245.705 232.55 197.646 170.931 170.571 159.926 153.796 139.663 139.451 133.293 132.707 129.371 125.358 124.119 120.809
threshold=1.0000000180025095e-35 5.5000000000000009 3.5000000000000004 1.5000000000000002 47081.500000000007 44318.500000000007 47648.500000000007 10.500000000000002 1.0000000180025095e-35 1.0000000180025095e-35 1.0000000180025095e-35 6.5000000000000009 2.5000000000000004 47648.500000000007 34245.691406250007 44366.500000000007 26116.166992187504 1.0000000180025095e-35 38804.500000000007 1.5000000000000002 39638.500000000007 42944.000000000007 1.5000000000000002 20166.500000000004 40733.500000000007 41156.500000000007 47648.500000000007 2.5000000000000004 20166.500000000004 1.0000000180025095e-35
decision_type=2 2 2 2 2 2 2 2 2 2 2 2 2 2 2 2 2 2 2 2 2 2 2 2 2 2 2 2 2 2
left_child=2 3 4 6 9 10 8 12 23 15 18 -7 14 17 19 28 -9 25 -4 -3 -12 -22 -17 -2 -20 -5 -6 -11 -1 -8
right_child=1 7 5 13 26 11 29 16 -10 27 20 -13 -14 -15 -16 22 -18 -19 24 -21 21 -23 -24 -25 -26 -27 -28 -29 -30 -31
leaf_value=-0.037813668740939839 -0.0067514491377727807 0.013749208700424637 -0.026636246486001897 0.020164006214154279 -0.0064862125132156964 8.7707518117692242e-06 0.026917612744212661 0.035688930465788006 0.012337224716363993 -0.02334953777653245 -0.017753736969339653 0.02234395350233007 0.036576712585960604 0.054473988754810354 0.033183491107812588 -0.036573793949162874 0.049655535055853878 0.027248931058912507 0.048282525353330635 0.034471199610705522 0.0060960588444934315 -0.020891788725030239 -0.023277611926784542 0.0010495258702950183 -0.010467915963024396 0.0066028311536211123 0.020902205331601434 -0.011953512615102045 -0.0318117271127039 0.052539854290490344
leaf_weight=12933.744671836495 8079.5060116350651 5411.1501173228025 4843.4414688497782 5505.1862031072378 793.5534576177597 6036.1845581829548 1157.118620455265 4205.4438689053059 11859.368639931083 5634.4510508179665 1510.0268699526787 3034.7161309421062 11463.021016761661 690.50704862177372 4787.5738523006439 2441.7878388762474 10231.388992488384 6808.6831364929676 123.99944959580898 1216.2976890951395 3112.6319503039122 635.71039889752865 10331.476340100169 19690.064983859658 436.03379558026791 2683.3124704807997 944.1570055782795 4220.9300561547279 25789.366920977831 763.66779166460037
leaf_count=54306 32354 22164 19864 22392 3183 24250 4788 17957 47827 22882 6110 12316 48219 2967 19847 10203 44289 28290 500 5057 12469 2546 42629 78805 1759 10849 3833 17084 107697 3364
internal_value=3.53848e-06 0.0199696 -0.0227903 0.00935693 -0.0286372 -0.00409689 0.00442117 0.0362485 0.00283703 -0.029686 -0.0139473 0.00748112 0.0303555 0.0224296 0.0241081 -0.0318328 0.0455871 0.0209542 -0.0236123 0.0175522 -0.0040155 0.00151898 -0.0258194 -0.00122015 0.00254028 0.0157201 0.00839484 -0.0184688 -0.0338164 0.0371045
internal_weight=177375 94552.3 82822.2 57237.4 63089.5 19732.7 41549.7 37314.9 39628.9 61351.8 10661.8 9070.9 22878 15687.7 11415 51496.4 14436.8 14997.2 5403.47 6627.45 5258.37 3748.34 12773.3 27769.6 560.033 8188.5 1737.71 9855.38 38723.1 1920.79
internal_count=730800 389169 341631 231636 261817 79814 167138 157533 158986 254801 43248 36566 95287 64498 47068 214835 62246 61531 22123 27221 21125 15015 52832 111159 2259 33241 7016 39966 162003 8152
is_linear=0
shrinkage=0.05


Tree=11
num_leaves=31
num_cat=0
split_feature=2 0 0 2 8 9 8 8 0 9 2 8 5 9 8 9 0 13 0 6 8 4 4 8 7 5 5 13 8 5
split_gain=29289.3 6038.89 3333.46 1837.24 948.305 777.217 545.998 518.504 498.129 492.865 491.281 423 363.529 359.294 313.512 287.832 186.859 175.617 165.358 163.869 163.513 139.569 135.392 208.271 135.134 814.745 131.15 129.667 127.368 118.143
threshold=1.0000000180025095e-35 6.5000000000000009 4.5000000000000009 1.5000000000000002 44366.500000000007 1.0000000180025095e-35 47648.500000000007 39664.500000000007 2.5000000000000004 1.0000000180025095e-35 3.5000000000000004 47648.500000000007 28010.099609375004 1.0000000180025095e-35 47648.500000000007 1.0000000180025095e-35 9.5000000000000018 1.5000000000000002 13.500000000000002 208.6252136230469 47648.500000000007 20166.500000000004 19232.500000000004 41156.500000000007 39606.500000000007 40369.250000000007 39804.083984375007 1.5000000000000002 20015.500000000004 39646.550781250007
decision_type=2 2 2 2 2 2 2 2 2 2 2 2 2 2 2 2 2 2 2 2 2 2 2 2 2 2 2 2 2 2
left_child=2 3 4 5 9 14 8 -4 -6 24 12 28 17 26 21 22 29 -3 -12 -10 -17 -2 -5 -24 -1 -26 -9 -14 -7 -15
right_child=1 10 7 15 6 11 -8 13 19 -11 18 -13 27 16 -16 20 -18 -19 -20 -21 -22 -23 23 -25 25 -27 -28 -29 -30 -31
leaf_value=-0.033171868982456491 -0.0064224121862219404 0.014948581905571124 -0.02417940562739827 0.0069780917855146209 -0.025212565037629545 0.00085709075821757729 0.019707206871952293 -0.01101805258181726 0.010120608819632676 -0.018908945419700746 0.039731011405965057 0.050608887157907359 0.033742123091408525 0.0045807347288605782 0.025622110646062846 0.027356900605249423 0.028536597668405619 0.03410515299307295 0.050577517471642887 -0.011576338451281341 0.055992318628655086 0.0012683826336534285 0.027328635943551862 0.010900202624601812 0.011214957359152445 -0.033591393934117184 0.0088806809612591141 0.046819946094000787 0.014387843661284518 0.022899751832322041
leaf_weight=34512.278848052025 8308.3037441521883 3743.6688328385353 1586.183759778738 2552.2945507615805 11457.392790526152 2061.2329138219357 976.96370385587215 2858.6317242980003 1001.2475568056107 8867.6244439929724 8537.6747661232948 761.11489887535572 7422.2334321737289 3738.598546013236 1153.7264289557934 9450.9919150322676 1609.0719359219074 1758.2888784408569 5971.6362572312355 6651.1037785112858 526.28303429484367 20343.584259524941 4466.0744205117226 3396.267802298069 1238.8153319954872 5604.8985399156809 1165.7288930565119 2545.4076792299747 11133.401289492846 1151.1133798807859
leaf_count=145501 33277 15565 6469 10370 47556 8292 3974 11556 4051 36057 36724 3407 31401 15037 4798 39547 6551 7452 26410 27002 2341 81431 18283 13810 5128 23430 4674 10979 45082 4645
internal_value=3.92851e-06 0.01906 -0.0217602 0.0104028 -0.0259333 0.00462683 -0.0167513 0.00246968 -0.0186152 -0.0296055 0.037586 0.0143648 0.0313872 0.00648657 6.72693e-05 0.0227982 0.0137569 0.0210705 0.0441951 -0.00873747 0.0288674 -0.000961748 0.016984 0.0202321 -0.0318991 -0.0254808 -0.00525402 0.0370818 0.0122741 0.00889331
internal_weight=176552 94132.2 82419.7 64153.3 70310.3 43761.4 20086.7 12109.3 19109.7 50223.6 29978.9 13955.7 15469.6 10523.1 29805.6 20391.9 6498.78 5501.96 14509.3 7652.35 9977.27 28651.9 10414.6 7862.34 41356 6843.71 4024.36 9967.64 13194.6 4889.71
internal_count=730800 389169 341631 260638 292699 176287 82583 48932 78609 210116 128531 56781 65397 42463 119506 84351 26233 23017 63134 31053 41888 114708 42463 32093 174059 28558 16230 42380 53374 19682
is_linear=0
shrinkage=0.05


Tree=12
num_leaves=31
num_cat=0
split_feature=2 0 0 2 8 8 8 2 9 5 9 9 0 9 13 0 8 8 8 0 3 8 3 8 8 4 9 9 5 8
split_gain=26571.1 5581.65 3055.86 1201.85 1064.42 830.003 750.268 638.175 513.185 393.791 362.988 354.485 341.395 339.428 274.513 215.767 211.088 602.309 193.878 178.282 155.362 163.085 142.659 176.389 141.191 195.909 138.953 133.257 130.071 126.884
threshold=1.0000000180025095e-35 4.5000000000000009 3.5000000000000004 2.5000000000000004 47648.500000000007 47081.500000000007 44318.500000000007 1.5000000000000002 1.0000000180025095e-35 30742.761718750004 1.0000000180025095e-35 1.0000000180025095e-35 7.5000000000000009 1.0000000180025095e-35 1.5000000000000002 7.5000000000000009 39664.500000000007 40417.500000000007 39531.500000000007 15.500000000000002 39637.500000000007 40643.500000000007 25968.500000000004 41156.500000000007 39531.500000000007 24981.000000000004 1.0000000180025095e-35 1.0000000180025095e-35 24020.166992187504 39638.500000000007
decision_type=2 2 2 2 2 2 2 2 2 2 2 2 2 2 2 2 2 2 2 2 2 2 2 2 2 2 2 2 2 2
left_child=2 4 5 9 7 8 13 10 16 14 18 22 27 20 -3 -11 -1 -18 -2 28 -4 -22 -5 -24 25 -9 -6 -8 -13 -15
right_child=1 3 6 11 26 -7 12 24 -10 15 -12 19 -14 29 -16 -17 17 -19 -20 -21 21 -23 23 -25 -26 -27 -28 -29 -30 -31
leaf_value=-0.032710996045398108 0.0020552156658124004 0.010441000375125959 -0.028058452405307473 0.016104953046269306 0.027440627129330222 0.0079349893862295084 -0.0052857720378576469 0.012079394931495504 -0.016703274494366625 0.023168077523244443 0.0096789931889703137 0.031080618130697825 0.024192833932521279 -0.015848206771422495 0.031186959824962016 0.037367347124165978 0.0063247183294485214 -0.027915399993600307 -0.0067084208236983861 0.050239631108297246 0.025454898455262449 -0.016120203480027625 0.042831557902254791 0.022227145794116984 0.0083899990564765391 0.030181483441593028 0.051223499764518114 0.008648900378447252 0.042017867755383791 0.0013478598163628288
leaf_weight=23195.643052622676 15373.918610826135 7741.8192347735167 3349.7753420174122 1807.1733855307102 1346.3125815987587 1731.5425515621901 3521.0109819024801 3122.7002906948328 9809.7473358809948 7309.5148157030344 9958.9874296635389 3779.6374371051788 2185.6863374859095 1503.16669896245 2008.1463144272566 4220.0425470322371 1350.4048723727465 26263.433916151524 10705.732812315226 4720.6320930719376 272.93591417372227 1737.2409882247448 2161.3361071050167 1999.7556609660387 3767.8474057763815 2866.7954586297274 1129.3354036957026 3346.1756845265627 9681.0421071201563 3746.0948733538389
leaf_count=98850 61560 31770 13926 7563 5622 7016 14177 12863 39966 30142 40230 16167 8950 6110 8489 18088 5590 110395 42846 21214 1111 7086 9227 8518 15521 11871 5143 13439 42335 15015
internal_value=4.35768e-06 0.0181947 -0.0207784 0.0307741 0.00635611 -0.0261982 -0.0035913 0.00462983 -0.0271732 0.0221104 0.00155864 0.0384081 0.00698203 -0.0126136 0.0147139 0.0283653 -0.0291947 -0.0262409 -0.00154227 0.0418789 -0.0214641 -0.0104753 0.027835 0.0329294 0.0159733 0.0207437 0.0382898 0.00150418 0.0389468 -0.00357637
internal_weight=175714 93700.7 82012.9 45429.1 48271.6 62350.8 19662.1 45796 60619.2 21279.5 36038.6 24149.6 9052.87 10609.2 9749.97 11529.6 50809.5 27613.8 26079.7 18181.3 5359.95 2010.18 5968.27 4161.09 9757.34 5989.5 2475.65 6867.19 13460.7 5249.26
internal_count=730800 389169 341631 193513 195656 261817 79814 184891 254801 88489 144636 105024 36566 43248 40259 48230 214835 115985 104406 79716 22123 8197 25308 17745 40255 24734 10765 27616 58502 21125
is_linear=0
shrinkage=0.05


Tree=13
num_leaves=31
num_cat=0
split_feature=2 0 0 2 8 9 8 3 2 0 9 8 5 9 8 13 0 5 0 6 8 8 7 4 8 4 8 5 9 8
split_gain=24107.2 5153.16 2794.51 1528.22 832.871 641.327 458.669 447.406 444.45 429.91 415.817 364.558 260.861 257.796 256.329 238.379 212.939 208.311 154.293 151.276 146.328 144.24 134.461 130.645 121.883 116.66 179.793 113.748 108.191 108.064
threshold=1.0000000180025095e-35 6.5000000000000009 4.5000000000000009 1.5000000000000002 44366.500000000007 1.0000000180025095e-35 47648.500000000007 39673.500000000007 2.5000000000000004 2.5000000000000004 1.0000000180025095e-35 47648.500000000007 28025.450195312504 1.0000000180025095e-35 47648.500000000007 1.5000000000000002 7.5000000000000009 22914.062500000004 13.500000000000002 208.6252136230469 47648.500000000007 39531.500000000007 38758.500000000007 20166.500000000004 20015.500000000004 19232.500000000004 41156.500000000007 21341.500000000004 1.0000000180025095e-35 44354.500000000007
decision_type=2 2 2 2 2 2 2 2 2 2 2 2 2 2 2 2 2 2 2 2 2 2 2 2 2 2 2 2 2 2
left_child=2 3 4 5 10 14 9 15 12 -6 24 27 28 25 23 21 22 -10 -19 -11 -15 -4 -9 -2 -1 -5 -27 -7 -3 -14
right_child=1 8 7 13 6 11 -8 16 17 19 -12 -13 29 20 -16 -17 -18 18 -20 -21 -22 -23 -24 -25 -26 26 -28 -29 -30 -31
leaf_value=-0.034912177763837628 -0.0062067395600778792 -0.001695715561590024 -0.026472871810306643 0.00596433252540568 -0.022960264608275643 0.0033679552458170722 0.018403461413442439 0.00019554495741938251 0.029584781160763657 0.010520093125706006 -0.017330948705652442 0.04728501926270709 0.024748350326197883 0.025137930788215745 0.023241653916970525 0.017805010209146193 0.024880411147501183 0.038234035019704307 0.048910411623986967 -0.01034357618970845 0.052696623733287311 -0.0068510146977835322 0.020684551278465621 0.0012346799900811185 -0.027968073304912744 0.024921899323800966 0.0096131495085554457 0.013893278873221599 0.019942165849900505 0.037533129749959288
leaf_weight=7819.0940984934568 8307.1122191697359 717.75866866111755 1255.6298529058695 2545.3787205815315 11341.461106002331 3495.5129307508469 973.45135004818439 3256.5921717882156 4280.1490126848221 999.90226845443249 8827.7088377028704 734.82202206552029 2819.6198980808258 9345.0413871109486 1141.1260283738375 786.16959863901138 2026.2265350222588 9278.6921445727348 5326.83605222404 6627.2053004354239 507.84649479389191 3685.9749895781279 1061.8304907381535 20340.297867774963 32937.759264931083 4427.1423031240702 3383.9159892499447 9662.8594631552696 2960.5491581261158 3994.3414797186852
leaf_count=33690 33277 2913 5164 10370 47556 14108 3974 13094 18630 4051 36057 3407 11948 39547 4798 3182 8291 40899 24423 27002 2341 14935 4266 81431 140369 18283 13810 39266 12445 17273
internal_value=4.77759e-06 0.0173693 -0.0198431 0.00939982 -0.0236988 0.00414001 -0.0150696 0.00236229 0.0347012 -0.0167874 -0.0271693 0.0130112 0.0264503 0.0207687 2.52892e-06 -0.00776829 0.0115079 0.0392852 0.0421279 -0.00760838 0.0265584 -0.0118368 0.00523346 -0.000923166 -0.0293003 0.0152605 0.0182898 0.0110972 0.0157199 0.0322428
internal_weight=174868 93269 81599 63891.1 69526.6 43681.7 19942 12072.4 29377.9 18968.6 49584.6 13893.2 10492.3 20209.3 29788.5 5727.77 6344.65 18885.7 14605.5 7627.11 9852.89 4941.6 4318.42 28647.4 40756.9 10356.4 7811.06 13158.4 3678.31 6813.96
internal_count=730800 389169 341631 260638 292699 176287 82583 48932 128531 78609 210116 56781 44579 84351 119506 23281 25651 83952 65322 31053 41888 20099 17360 114708 174059 42463 32093 53374 15358 29221
is_linear=0
shrinkage=0.05


Tree=14
num_leaves=31
num_cat=0
split_feature=2 0 0 2 8 8 9 9 9 9 9 8 5 8 5 0 5 5 4 0 2 0 0 13 8 5 9 8 3 7
split_gain=21872.5 4746.95 2577.95 1046.4 907.319 703.281 643.78 519.288 446.3 359.13 324.635 311.37 304.872 276.156 527.22 311.308 216.183 195.492 192.526 179.914 165.166 165.097 149.123 139.389 130.445 161.456 124.058 122.912 122.608 117.869
threshold=1.0000000180025095e-35 4.5000000000000009 3.5000000000000004 2.5000000000000004 47648.500000000007 47081.500000000007 1.0000000180025095e-35 1.0000000180025095e-35 1.0000000180025095e-35 1.0000000180025095e-35 1.0000000180025095e-35 44366.500000000007 35583.716796875007 39531.500000000007 27389.928710937504 2.5000000000000004 31818.500000000004 39430.607421875007 44355.500000000007 1.5000000000000002 1.5000000000000002 15.500000000000002 9.5000000000000018 1.5000000000000002 41208.500000000007 26256.690429687504 1.0000000180025095e-35 39652.500000000007 25968.500000000004 1792.5000000000002
decision_type=2 2 2 2 2 2 2 2 2 2 2 2 2 2 2 2 2 2 2 2 2 2 2 2 2 2 2 2 2 2
left_child=2 4 5 9 7 8 12 13 18 17 24 -8 -4 14 -2 -15 23 -3 29 -20 -9 28 -13 -11 25 -5 -6 -10 -12 -1
right_child=1 3 6 10 26 -7 11 20 27 16 21 22 -14 15 -16 -17 -18 -19 19 -21 -22 -23 -24 -25 -26 -27 -28 -29 -30 -31
leaf_value=-0.018797427558024715 -0.0020920247906524247 0.0062273849884920329 -0.020591025862277564 0.018127069106518567 0.025289967541737686 0.0074799292243371259 -0.0028939420021409494 0.0086712981709872895 -0.022154148564471687 0.014332409052684632 0.029379745229595546 0.010070669573180834 -0.0022867611063153818 -0.014812004701329548 0.01514308213324104 0.0011407593973224912 0.031299759368719308 0.025332985363634902 -0.03198624965367821 -0.016064562029136028 0.020661771886212345 0.047116122723665325 0.031528031194517615 0.029478472574868783 0.016584735625359209 0.040386361519146458 0.048046090041862166 -0.010638684667534912 0.03955532435127819 -0.029014619865025251
leaf_weight=3050.0208479911089 11746.258752837777 5299.9169431328773 5281.4860512316227 1337.9162818938494 1332.2056834995747 1727.3560548424721 5367.2960121035576 9937.4897412210703 3783.275834992528 5076.0448294878006 4495.0852853804827 3926.1111913919449 3996.0230612456799 5014.7189127206802 7130.8060662150383 7838.0521191060543 6754.4973760396242 1791.4692229479551 2404.7843562215567 6767.5107297599316 4039.4724818021059 4564.6188015788794 1020.0943921208382 2167.7440871596336 2460.1765685081482 2082.9508249014616 1088.0985506176949 5979.8657882213593 8670.3806331455708 37887.204291045666
leaf_count=13201 47223 21561 21887 5631 5622 7016 21637 40230 15621 21196 19682 15856 16192 20076 28744 31496 29099 7337 10316 28427 17122 21214 4242 9296 10599 9078 5143 24345 38820 162891
internal_value=5.24686e-06 0.0165834 -0.018949 0.0283155 0.00568653 -0.0239735 -0.00315051 0.00410674 -0.0248809 0.0202211 0.0355454 0.00544602 -0.012707 0.000569565 0.00441853 -0.00508347 0.024865 0.011054 -0.0267864 -0.0202389 0.0121367 0.0389221 0.014496 0.018865 0.0253657 0.0316807 0.0355205 -0.015101 0.0360811 -0.0282534
internal_weight=174019 92827.9 81191 44700.8 48127.1 61600 19591 45706.8 59872.7 21089.7 23611.1 10313.5 9277.51 31729.8 18877.1 12852.8 13998.3 7091.39 50109.5 9172.3 13977 17730.1 4946.21 7243.79 5881.04 3420.87 2420.3 9763.14 13165.5 40937.2
internal_count=730800 389169 341631 193513 195656 261817 79814 184891 254801 88489 105024 41735 38079 127539 75967 51572 59591 28898 214835 38743 57352 79716 20098 30492 25308 14709 10765 39966 58502 176092
is_linear=0
shrinkage=0.05


Tree=15
num_leaves=31
num_cat=0
split_feature=2 0 0 2 8 0 8 9 0 2 7 8 7 5 3 4 9 8 8 9 0 8 13 13 9 13 4 6 13 8
split_gain=19845.3 4416.55 2353.62 1291.17 640.88 608.304 532.576 425.827 413.931 402.514 322.667 431.643 317.877 292.597 280.615 222.624 173.24 149.203 149.071 146.623 142.695 142.687 138.366 137.066 130.827 117.48 113.712 108.243 108.143 106.81
threshold=1.0000000180025095e-35 6.5000000000000009 3.5000000000000004 1.5000000000000002 47081.500000000007 5.5000000000000009 47648.500000000007 1.0000000180025095e-35 2.5000000000000004 3.5000000000000004 39606.500000000007 40710.500000000007 38804.500000000007 28010.099609375004 39637.500000000007 47648.500000000007 1.0000000180025095e-35 20015.500000000004 44318.500000000007 1.0000000180025095e-35 13.500000000000002 41156.500000000007 1.5000000000000002 1.5000000000000002 1.0000000180025095e-35 1.5000000000000002 20166.500000000004 282.01794433593756 1.5000000000000002 40710.500000000007
decision_type=2 2 2 2 2 2 2 2 2 2 2 2 2 2 2 2 2 2 2 2 2 2 2 2 2 2 2 2 2 2
left_child=2 3 4 6 8 12 7 26 17 13 19 -12 18 22 23 16 21 -1 -4 -10 -11 -5 -3 -7 -19 -15 -2 -6 -16 -14
right_child=1 9 5 15 27 14 -8 -9 10 20 11 -13 29 25 28 -17 -18 24 -20 -21 -22 -23 -24 -25 -26 -27 -28 -29 -30 -31
leaf_value=-0.032558436623698006 -0.0058525178700972666 0.011648914922145698 -0.018743914931275578 0.017841511525305952 0.018512902083458477 -0.0073379320074539057 0.030005521191042512 0.009954977069252087 -0.023782212419658336 0.034049582729772605 0.061166498812965965 -0.0073934174263426663 0.047529661865506188 0.028435727095119125 0.013011762300040815 0.04707945721544507 0.02294049304798796 -0.026000726881645231 -0.0057200863499030649 -0.011530570778661486 0.044411620076611355 0.0053811140398416285 0.02888977707292208 0.01803186344884215 -0.017195636866976539 0.041156594321628458 0.0010908632388883944 -0.0066335188456063399 0.035042731632212817 0.0040745230438252724
leaf_weight=7568.992433577776 8304.9188992679119 3685.5675666630268 6165.2208122462034 6546.2913942188025 943.62042945623398 2876.6751274913549 1836.5670214146376 13118.506124392152 8154.2509709894657 8175.0284832865 252.05519695580006 2574.0380767434835 152.12790258228779 7183.3036904633045 3636.7115776240826 681.43288138508797 9257.8244741410017 32613.233851745725 3413.6714736968279 3486.0653863549232 5597.2499240785837 3539.9100196361542 1700.7483918219805 653.3091084510088 4845.3608101457357 2428.5915716737509 20334.228150233626 783.07677282392979 657.76963995397091 2006.4166358560324
leaf_count=33053 33277 15565 25515 27071 3856 11715 8205 53374 35011 36724 1034 10599 616 31401 14768 3139 39684 140912 13767 14265 26410 14457 7452 2654 19927 10979 81431 3160 2708 8071
internal_value=5.67475e-06 0.0158329 -0.0180958 0.0084814 -0.0229201 -0.00299764 0.00365367 0.00249467 -0.0237916 0.0320892 -0.0164337 -0.00127866 -0.0101965 0.026422 0.00780138 0.0189911 0.0180016 -0.0261556 -0.0141026 -0.0201131 0.0382609 0.0134683 0.0170928 -0.00264264 -0.0248618 0.0316498 -0.000922612 0.00710871 0.0163862 0.00713711
internal_weight=173173 92390.2 80782.6 63619.7 61220.7 19561.9 43594.2 41757.7 59494 28770.5 14466.4 2826.09 11737.4 14998.2 7824.47 20025.5 19344 45027.6 9578.89 11640.3 13772.3 10086.2 5386.32 3529.98 37458.6 9611.9 28639.1 1726.7 4294.48 2158.54
internal_count=730800 389169 341631 260638 261817 79814 176287 168082 254801 128531 60909 11633 47969 65397 31845 84351 81212 193892 39282 49276 63134 41528 23017 14369 160839 42380 114708 7016 17476 8687
is_linear=0
shrinkage=0.05


Tree=16
num_leaves=31
num_cat=0
split_feature=2 0 0 2 8 8 0 9 8 8 0 9 5 0 4 9 5 9 5 6 8 2 7 5 7 8 8 8 4 9
split_gain=18006.2 4068.33 2152.18 1174.41 680.013 486.424 385.664 384.886 361.52 357.38 343.079 330.417 279.77 248.112 207.871 199.509 160.424 159.303 139.443 131.018 129.703 125.843 111.123 701.803 117.907 104.491 103.432 102.896 102.645 95.6581
threshold=1.0000000180025095e-35 6.5000000000000009 4.5000000000000009 1.5000000000000002 44366.500000000007 47648.500000000007 12.500000000000002 1.0000000180025095e-35 39664.500000000007 47648.500000000007 2.5000000000000004 1.0000000180025095e-35 35583.716796875007 8.5000000000000018 47648.500000000007 1.0000000180025095e-35 39646.550781250007 1.0000000180025095e-35 21981.361328125004 208.6252136230469 41156.500000000007 1.5000000000000002 39606.500000000007 40369.250000000007 1792.5000000000002 40424.500000000007 44399.500000000007 20015.500000000004 20166.500000000004 1.0000000180025095e-35
decision_type=2 2 2 2 2 2 2 2 2 2 2 2 2 2 2 2 2 2 2 2 2 2 2 2 2 2 2 2 2 2
left_child=2 3 4 5 11 7 12 28 -4 10 26 22 15 16 17 -3 25 20 -8 -12 -5 -17 24 -24 -1 -10 -6 -9 -2 -7
right_child=1 6 8 14 9 29 18 27 13 -11 19 -13 -14 -15 -16 21 -18 -19 -20 -21 -22 -23 23 -25 -26 -27 -28 -29 -30 -31
leaf_value=-0.017796695320577045 -0.0055610090178835753 0.01064383476547855 -0.020201219519929883 0.017005635810718314 -0.0045301382018668934 0.019722189864104758 0.025749283028152117 -0.00080250800115791118 0.029890801326828378 0.016740841641960557 0.010663634801021109 -0.015099749409455058 0.034672670944059028 0.019233427731268501 0.045502923136751583 0.014973058355619571 0.01286696469220229 0.021928666256044279 0.041797705108795713 -0.0087681927237555565 0.0051160120848947228 0.028933352058522394 0.01430913991499444 -0.027637563099189379 -0.027967517005843313 -0.0044769196344478616 -0.021486207786209768 0.011380883238343013 0.0010363305849125967 0.043290600160751244
leaf_weight=3147.7767467498779 8303.2911784797907 2896.6389756947756 1563.7461321651936 6525.2063070088625 986.54917198419571 1119.987777903676 1634.424707621336 2055.4948002547026 230.34009876847267 968.07847860455513 998.90363186597824 8762.5566344708204 6962.4996381998062 2522.8174892365932 670.08196479082108 2098.5937529653311 2158.1221929192543 9202.1932944506407 7876.0219585597515 6591.5906285941601 3537.243497133255 6995.0280927866697 1222.0155410915613 5418.887618675828 30069.829950749874 5552.0433189719915 10179.531245723367 11046.451019018888 20334.032978504896 699.36703059077263
leaf_count=13800 33277 12341 6469 27071 4211 4798 7482 8292 930 3974 4051 36057 31263 10378 3139 8929 8705 39684 37267 27002 14457 31249 5128 23430 131701 22450 43345 45082 81431 3407
internal_value=5.95664e-06 0.015116 -0.0172818 0.00807448 -0.020714 0.0034742 0.0308235 0.00237107 0.00222251 -0.0128837 -0.0144127 -0.0238907 0.0267007 0.00557375 0.0181264 0.0220715 0.00123386 0.0171741 0.0390397 -0.00621098 0.0128261 0.0257116 -0.0258233 -0.0199188 -0.0270037 -0.00310789 -0.0199881 0.0094695 -0.000876545 0.028782
internal_weight=172329 91956.6 80372.8 63493.3 68345.7 43558.6 28463.2 41739.3 12027.1 19724.7 18756.6 48621.1 18952.8 10463.3 19934.7 11990.3 7940.51 19264.6 9510.45 7590.49 10062.4 9093.62 39858.5 6640.9 33217.6 5782.38 11166.1 13101.9 28637.3 1819.35
internal_count=730800 389169 341631 260638 292699 176287 128531 168082 48932 82583 78609 210116 83782 42463 84351 52519 32085 81212 44749 31053 41528 40178 174059 28558 145501 23380 47556 53374 114708 8205
is_linear=0
shrinkage=0.05


Tree=17
num_leaves=31
num_cat=0
split_feature=2 0 0 2 8 8 9 9 0 5 9 7 8 8 5 0 3 3 13 5 0 3 3 8 9 7 13 2 3 8
split_gain=16337.5 3755.29 1988.01 881.523 707.056 543.533 538.928 379.738 362.688 317.38 278.361 275.633 382.445 250.447 451.641 276.579 249.581 248.904 222.089 154.795 152.151 144.882 141.194 137.638 126.809 124.306 123.031 122.36 120.718 149.889
threshold=1.0000000180025095e-35 4.5000000000000009 3.5000000000000004 2.5000000000000004 47648.500000000007 47081.500000000007 1.0000000180025095e-35 1.0000000180025095e-35 2.5000000000000004 25225.750000000004 1.0000000180025095e-35 39606.500000000007 40417.500000000007 39531.500000000007 27389.928710937504 2.5000000000000004 39673.500000000007 39637.500000000007 1.5000000000000002 22914.062500000004 6.5000000000000009 39673.500000000007 40409.500000000007 20015.500000000004 1.0000000180025095e-35 1792.5000000000002 1.5000000000000002 1.5000000000000002 25968.500000000004 41156.500000000007
decision_type=2 2 2 2 2 2 2 2 2 2 2 2 2 2 2 2 2 2 2 2 2 2 2 2 2 2 2 2 2 2
left_child=2 4 5 9 7 8 16 13 23 -3 28 24 -13 14 -2 -15 -4 26 21 -12 -19 -11 -18 -1 -10 -25 -8 -9 -5 -30
right_child=1 3 6 10 -6 -7 17 27 11 18 19 12 -14 15 -16 -17 22 20 -20 -21 -22 -23 -24 25 -26 -27 -28 -29 29 -31
leaf_value=-0.030230206578376613 -0.0019858823743000948 0.0077198089381888884 -0.019933585643174517 0.011432370722288358 0.031589225299271509 0.0067116123171018956 -0.0065289194465839809 0.0073158390932082408 -0.021753344050802283 0.012402378817326023 0.026681426218516126 0.066143172821320012 -0.0059284002713546786 -0.014183207712369068 0.013981759804255815 0.00085710417855887604 0.029638660524196437 0.005801192900028904 0.034908157252506199 0.037748997273324036 0.023012679752451106 0.02334051919260487 -0.0056991007058304032 -0.0071333676751032726 -0.010322243971174551 -0.023313281009237463 0.014001216713594 0.017702038519261366 0.036517714093084575 0.017141987380305226
leaf_weight=7438.4410074055195 11732.190730437636 5846.4309787303209 4439.6366255730391 1764.5837570428848 2337.2506796717644 1721.5383863896132 4052.6724180579185 9905.4326699078083 8050.8927136212587 5260.3564886301756 4185.5520348697901 197.96353371441364 2622.5926785767078 5012.8358565866947 7113.5324176251888 7832.8328236043453 301.72131912410259 3184.8219094574451 2547.0669562667608 12885.174659118056 2151.4378349930048 7131.794003739953 4476.3237048834562 1227.8635897785425 3472.5765959769487 35739.461594209075 890.00161997973919 3973.2039252817631 2061.0090758502483 1935.5004586726427
leaf_count=33053 47223 24382 18664 7563 10765 7016 16418 40230 35011 22215 18910 802 10831 20076 28744 31496 1228 12792 11434 60806 8905 30458 18187 5330 14265 155509 3620 17122 9227 8518
internal_value=6.20904e-06 0.0144316 -0.0165039 0.025046 0.00476772 -0.0209803 -0.00261987 0.00339207 -0.0217918 0.0175962 0.0318281 -0.0148795 -0.000869985 0.000371597 0.00404129 -0.00501216 -0.0113983 0.00525226 0.0214612 0.0350354 0.0127404 0.0186974 -0.00346761 -0.0240245 -0.0183086 -0.0227759 -0.00283216 0.0102892 0.0223248 0.0271341
internal_weight=171493 91524.7 79967.9 43617.5 47907.3 60471.3 19496.6 45570 58749.8 20785.6 22831.8 14344 2820.56 31691.4 18845.7 12845.7 9217.68 10278.9 14939.2 17070.7 5336.26 12392.2 4778.05 44405.8 11523.5 36967.3 4942.67 13878.6 5761.09 3996.51
internal_count=730800 389169 341631 193513 195656 261817 79814 184891 254801 88489 105024 60909 11633 127539 75967 51572 38079 41735 64107 79716 21697 52673 19415 193892 49276 160839 20038 57352 25308 17745
is_linear=0
shrinkage=0.05


Tree=18
num_leaves=31
num_cat=0
split_feature=2 0 0 2 8 8 8 0 0 9 9 8 5 4 13 4 0 7 5 13 9 5 2 8 8 8 7 8 6 0
split_gain=14822.1 3491.93 1814.41 990.604 495.231 495.014 403.257 378.401 359.901 349.97 319.05 256.247 255.017 187.336 162.313 159.129 159.009 158.449 138.592 150.581 129.661 127.62 124.937 120.51 117.548 104.752 103.883 96.2123 94.7993 93.4549
threshold=1.0000000180025095e-35 6.5000000000000009 3.5000000000000004 1.5000000000000002 47081.500000000007 39664.500000000007 47648.500000000007 5.5000000000000009 12.500000000000002 1.0000000180025095e-35 1.0000000180025095e-35 40417.500000000007 34390.347656250007 47648.500000000007 1.5000000000000002 44355.500000000007 1.5000000000000002 38804.500000000007 24550.025390625004 1.5000000000000002 1.0000000180025095e-35 22169.099609375004 2.5000000000000004 39681.500000000007 41156.500000000007 39652.500000000007 1792.5000000000002 47509.000000000007 282.01794433593756 1.5000000000000002
decision_type=2 2 2 2 2 2 2 2 2 2 2 2 2 2 2 2 2 2 2 2 2 2 2 2 2 2 2 2 2 2
left_child=2 3 4 6 9 -4 10 11 12 15 27 23 14 20 22 26 -17 -13 -9 -20 24 -10 -3 -7 -5 -11 -1 -2 29 -6
right_child=1 8 5 13 28 7 -8 18 21 25 -12 17 -14 -15 -16 16 -18 -19 19 -21 -22 -23 -24 -25 -26 -27 -28 -29 -30 -31
leaf_value=-0.014929350986468221 -0.00078080026949544029 0.0093269029838104738 -0.020242154796472924 0.015733602352742945 0.0095540152914038844 -0.0049202430131932359 0.026354000945012796 -0.0079422145414501186 0.024016097533000332 -0.018709813483956176 0.0085374548756703226 -0.010811099691364521 0.031538634285763804 0.042948499822225206 0.030214423881341032 -0.027769309078514381 -0.012605495514747451 0.005037252340414463 0.0092193758995562942 0.03075512392374756 0.019987018491221462 0.039331856483693785 0.021688504114529009 0.058818998569453107 0.0043948017500274276 -0.0080143539216962264 -0.024645688472644318 -0.076579855198218846 -0.0064824017722259104 0.050116561306616396
leaf_weight=2973.4210651516914 28585.17942686379 3701.7074050754309 3268.6685645580292 6488.5202725827694 764.63081562519073 111.41928817331791 1781.5850709676743 942.52620132267475 1657.2524511367083 3728.2101174890995 13065.41531701386 6849.1760950684547 7634.5182759612799 650.4688186943531 2729.9372532814741 2336.6023600846529 6646.0940828919411 2048.8951231390238 5056.3300330042839 966.90773659944534 9088.5525837540627 7586.3651131987572 4564.3267275691032 221.73541684448719 3528.8183411955833 5931.5505541712046 36766.049159452319 41.92563633620739 781.84929841756821 174.38673347234726
leaf_count=13201 114540 15693 13765 27071 3152 457 8205 3825 7722 15621 53374 28006 35000 3139 12413 10316 28427 8252 20595 4007 39684 37027 20676 907 14457 24345 162891 168 3160 704
internal_value=6.45217e-06 0.0137767 -0.0157603 0.0072774 -0.0200572 -0.00249307 0.00305854 0.00108882 0.0285201 -0.0208364 0.00206309 -0.00554989 0.0245181 0.016561 0.0196438 -0.0225601 -0.0165499 -0.00716181 0.00988662 0.0126765 0.0156627 0.036586 0.0161527 0.0375022 0.0117393 -0.0121423 -0.0239187 -0.000891811 0.00637859 0.017087
internal_weight=170673 91104.6 79568.5 63230.5 60102.8 19465.7 43474.1 16197 27874.1 58381.9 41692.5 9231.23 18630.5 19756.4 10996 48722.2 8982.7 8898.07 6965.76 6023.24 19105.9 9243.62 8266.03 333.155 10017.3 9659.76 39739.5 28627.1 1720.87 939.018
internal_count=730800 389169 341631 260638 261817 79814 176287 66049 128531 254801 168082 37622 83782 84351 48782 214835 38743 36258 28427 24602 81212 44749 36369 1364 41528 39966 176092 114708 7016 3856
is_linear=0
shrinkage=0.05


Tree=19
num_leaves=31
num_cat=0
split_feature=2 0 0 2 9 8 8 2 0 9 7 8 5 8 5 4 9 8 0 4 8 9 9 0 9 8 8 7 3 3
split_gain=13446.8 3215.61 1655.87 900.799 474.215 453.925 368.202 353.232 340.764 288.348 270.534 338.953 245.562 222.646 220.638 175.021 138.125 135.037 129.627 120.159 203.463 111.187 110.743 109.335 94.759 91.2613 89.72 84.9895 82.212 113.836
threshold=1.0000000180025095e-35 6.5000000000000009 3.5000000000000004 1.5000000000000002 1.0000000180025095e-35 47648.500000000007 47648.500000000007 3.5000000000000004 2.5000000000000004 1.0000000180025095e-35 39606.500000000007 40710.500000000007 23356.250000000004 44366.500000000007 35583.716796875007 47648.500000000007 1.0000000180025095e-35 20015.500000000004 13.500000000000002 20166.500000000004 39531.500000000007 1.0000000180025095e-35 1.0000000180025095e-35 10.500000000000002 1.0000000180025095e-35 20015.500000000004 41131.500000000007 27760.500000000004 39637.500000000007 40715.500000000007
decision_type=2 2 2 2 2 2 2 2 2 2 2 2 2 2 2 2 2 2 2 2 2 2 2 2 2 2 2 2 2 2
left_child=2 3 5 6 14 8 9 12 17 26 21 -12 -3 28 -4 19 -14 -1 27 -5 -21 -10 -19 -15 -8 -11 -2 -9 -6 -30
right_child=1 7 4 15 13 -7 24 18 10 25 11 -13 16 23 -16 -17 -18 22 -20 20 -22 -23 -24 -25 -26 -27 -28 -29 29 -31
leaf_value=-0.028102336648738346 0.0012916056461488128 0.0096406875741062679 -0.017406054336370134 0.008510607791994515 -0.0066643151439188877 0.015520383311506368 0.016227353641165145 0.025785982336414444 -0.019716691895790756 -0.0015579053339859223 0.055664973118588104 -0.0046982658446601128 0.015243807420685311 0.0094312083619260394 -0.0017653912669734523 0.041540445434926437 0.028417678407903341 -0.02173035724974217 0.039440982253855277 0.024419782518259034 0.01213745591094045 -0.0090488530639421007 -0.01363981500527447 0.029708908719359148 0.040108156714718401 0.0099269996724238099 -0.0045105740393752026 0.037055762714369639 0.024927686449024343 -0.001717516480385022
leaf_weight=7311.9017305970192 18074.205522656441 3137.2421608567238 5201.4768815040588 5257.9801889359951 3436.2660342603922 928.13433545827866 1096.3713512420654 5395.4552016705275 8038.3141022771597 2052.5409752428532 255.04563026130199 2637.8233800083399 2570.5244028419256 4116.346928268671 3980.2147746235132 639.18177042901516 8805.5812201201916 32189.90794813633 5243.8542158901691 5895.9469272196293 7876.0481445342302 3508.6776469796896 4869.4571072310209 792.78065790235996 668.78860001266003 10997.189615249634 10552.649382054806 2424.7292772680521 572.70061331987381 1335.8638906180859
leaf_count=33053 72421 13590 21887 22234 13953 3833 4798 25167 35376 8292 1034 10928 11088 16726 16192 3139 40719 142867 26410 25349 33629 14463 20263 3372 3407 45082 42287 11557 2308 5376
internal_value=6.68023e-06 0.0131513 -0.0150494 0.00692759 -0.00237233 -0.0191738 0.0029081 0.0273943 -0.0197213 0.00196076 -0.0130496 0.000623572 0.0220255 0.00501817 -0.0106259 0.0158051 0.0254409 -0.0218925 0.0333588 0.0149407 0.0173957 -0.0164752 -0.0206673 0.0127059 0.0252754 0.00812058 -0.000847238 0.0292803 -0.00204284 0.00627788
internal_weight=169863 90688.3 79174.9 63110.9 19435.6 59739.3 43441.7 27577.4 58811.1 41676.6 14439.9 2892.87 14513.3 10254 9181.69 19669.2 11376.1 44371.3 13064 19030 13772 11547 37059.4 4909.13 1765.16 13049.7 28626.9 7820.18 5344.83 1908.56
internal_count=730800 389169 341631 260638 79814 261817 176287 128531 257984 168082 61801 11962 65397 41735 38079 84351 51807 196183 63134 81212 58978 49839 163130 20098 8205 53374 114708 36724 21637 7684
is_linear=0
shrinkage=0.05


Tree=20
num_leaves=31
num_cat=0
split_feature=2 0 0 2 8 8 9 9 9 3 9 5 8 8 0 5 13 0 2 0 9 9 0 3 8 5 4 7 5 7
split_gain=12198.8 2978.2 1527.42 736.048 658.119 550.787 301.141 289.529 283.165 282.437 248.649 244.975 207.444 407.643 238.131 201.3 189.83 167.248 146.671 139.629 120.073 116.095 114.925 138.596 113.946 133.643 112.769 102.168 654.554 103.61
threshold=1.0000000180025095e-35 4.5000000000000009 5.5000000000000009 2.5000000000000004 44366.500000000007 47648.500000000007 1.0000000180025095e-35 1.0000000180025095e-35 1.0000000180025095e-35 39673.500000000007 1.0000000180025095e-35 47104.666015625007 39531.500000000007 25856.500000000004 2.5000000000000004 27868.349609375004 1.5000000000000002 2.5000000000000004 1.5000000000000002 15.500000000000002 1.0000000180025095e-35 1.0000000180025095e-35 9.5000000000000018 39681.500000000007 41215.500000000007 26256.690429687504 25904.000000000004 39606.500000000007 40369.250000000007 1792.5000000000002
decision_type=2 2 2 2 2 2 2 2 2 2 2 2 2 2 2 2 2 2 2 2 2 2 2 2 2 2 2 2 2 2
left_child=2 5 4 9 6 8 27 11 12 16 24 17 13 -2 -14 -4 18 -6 -3 26 -17 -7 23 -11 25 -5 -12 29 -29 -1
right_child=1 3 15 10 7 21 -8 -9 -10 22 19 -13 14 -15 -16 20 -18 -19 -20 -21 -22 -23 -24 -25 -26 -27 -28 28 -30 -31
leaf_value=-0.014327600809540212 -0.0035159304605939102 0.0010076948676733149 -0.0056702925155412403 0.012986243715146176 -0.018192903822797559 0.018123982398314181 -0.011961066336594002 0.0011057312402977181 0.0087551628327590132 0.044506130198590871 0.022676546133980402 0.013414604171016122 -0.0132435516004006 0.011218720745643777 0.00071756874084666746 0.0015753903436787878 0.023931461868605706 -0.0074771289773521224 0.013555566558965507 0.039567395212245671 0.017244767423895451 0.040987636394169621 0.032185016187853931 0.016920918849216562 0.011004229995834482 0.033575191454490838 0.032595412791461852 0.016762452400511794 -0.023642925196438153 -0.023775083866684962
leaf_weight=3210.8011717945337 9839.2001835256815 4827.0461050122976 2315.9375436007977 1304.0994955599308 9381.4996394962072 1276.236819177866 9789.981934428215 5077.5404315292835 13789.728454843163 489.27136258780956 4537.8280003815889 858.39505186676979 5009.099829941988 8976.2379923760891 7826.7031944990158 1850.9815493673086 2030.6029127091169 5951.1197535693645 4499.9113954752684 4126.5829111337662 3601.2482579946518 982.76292489469051 2089.0295619815588 6566.4155182391405 2341.2011809200048 1992.200754031539 7775.7441069036722 1234.5306437909603 5328.7912974208593 30183.117802798748
leaf_count=14391 39631 19947 9489 5643 41163 5622 40568 20616 57352 2093 21125 3545 20076 36336 31496 7499 9142 24622 19389 21214 14857 5143 9719 28199 10470 9195 37377 5228 23650 136003
internal_value=6.91292e-06 0.0125535 -0.0143704 0.0221654 -0.016673 0.00397335 -0.0198202 -0.00931161 0.00277541 0.0153436 0.0285004 -0.0125785 0.000170164 0.0035135 -0.00473068 0.0066794 0.0100777 -0.0140337 0.00706158 0.0316076 0.0119252 0.0280707 0.0218838 0.0188338 0.0194389 0.0254297 0.0289401 -0.0217458 -0.0160429 -0.0228667
internal_weight=169064 90279.9 78783.9 42579.9 71015.8 47700 49747.2 21268.6 45441 20502.3 22077.7 16191 31651.2 18815.4 12835.8 7768.17 11357.6 15332.6 9326.96 16440.2 5452.23 2259 9144.72 7055.69 5637.5 3296.3 12313.6 39957.2 6563.32 33393.9
internal_count=730800 389169 341631 193513 309786 195656 219840 89946 184891 88489 105024 69330 127539 75967 51572 31845 48478 65785 39336 79716 22356 10765 40011 30292 25308 14838 58502 179272 28878 150394
is_linear=0
shrinkage=0.05


Tree=21
num_leaves=31
num_cat=0
split_feature=2 0 0 2 8 8 13 5 8 0 0 9 7 8 6 4 2 8 9 0 9 7 5 8 8 13 6 9 9 4
split_gain=11065.9 2744.44 1405.14 762.794 404.314 391.421 322.445 326.068 312.824 296.333 287.719 222.047 215.389 306.065 198.194 156.111 138.462 117.349 116.472 113.564 112.133 107.742 105.444 100.181 99.0406 94.1941 94.1718 92.4894 90.3994 87.541
threshold=1.0000000180025095e-35 6.5000000000000009 3.5000000000000004 1.5000000000000002 39638.500000000007 47081.500000000007 1.5000000000000002 30693.250000000004 47081.500000000007 6.5000000000000009 2.5000000000000004 1.0000000180025095e-35 39606.500000000007 40417.500000000007 695.80307006835949 47648.500000000007 4.5000000000000009 20015.500000000004 1.0000000180025095e-35 10.500000000000002 1.0000000180025095e-35 1792.5000000000002 24550.025390625004 41156.500000000007 40710.500000000007 1.5000000000000002 3193.400512695313 1.0000000180025095e-35 1.0000000180025095e-35 20166.500000000004
decision_type=2 2 2 2 2 2 2 2 2 2 2 2 2 2 2 2 2 2 2 2 2 2 2 2 2 2 2 2 2 2
left_child=2 3 5 8 -4 10 7 16 11 14 17 29 28 -14 24 20 -3 -1 -16 26 23 -19 -11 -5 -6 -24 -9 -10 -12 -2
right_child=1 6 4 15 9 -7 -8 19 27 22 12 -13 13 -15 18 -17 -18 21 -20 -21 -22 -23 25 -25 -26 -27 -28 -29 -30 -31
leaf_value=-0.026115719125797927 -0.0052145747361868784 0.009931842020699291 -0.018551090538462774 0.013714940869819711 0.053875579030967929 0.0059849898156412069 0.03347553927789456 0.031284791607460165 0.012827864528260423 -0.0065682557313634085 -0.018099954112657659 0.007039840652668672 0.059978130274562516 -0.0042301735877961133 -0.010340701099247347 0.039180699579852561 0.024308830402426106 -0.0044383971461912199 0.00029635660884124853 0.034103831268092785 0.017718242172518672 -0.019627825006156268 0.0107659132924992 0.0032162793423790581 0.010868170598331336 0.029648461819260459 0.018841078955376841 0.033861563632124142 -0.0083877187855149662 0.00089447890386187617
leaf_weight=7187.3972231596708 8288.4518143236637 5748.0258153527975 3110.1904737502337 6426.4591588675976 156.41399697959423 1714.7044309228659 8356.4333507716656 2400.6722577512264 1365.561442732811 691.06155180931091 7850.7105103433132 12811.294722110033 199.83746422827244 2604.5750936716795 5534.3449922949076 618.73380076885223 2363.2183429300785 1207.9598460793495 4810.2024736255407 3991.6738696247339 8947.9270044416189 34822.734326437116 3312.4957562237978 3515.1224615126848 928.57022911310196 824.93034140765667 4146.5014074742794 846.68773061037064 3448.2269578278065 20048.7079320997
leaf_count=33053 33232 25472 13252 27071 642 7016 41201 11311 5923 2810 35011 52529 802 10831 22958 3139 11458 5330 19331 20060 39684 155509 13611 14457 3735 3475 19029 4252 14265 80351
internal_value=7.1224e-06 0.0119827 -0.0137206 0.00625615 -0.00203433 -0.0175545 0.0253136 0.0216565 0.00256198 0.00112536 -0.0182587 0.00157726 -0.0120576 0.000345196 -0.00326214 0.0144671 0.0141206 -0.0202822 -0.00539448 0.0274566 0.0136576 -0.0191186 0.011511 0.0100028 0.0170682 0.0145308 0.0234039 0.020878 -0.015136 -0.000892383
internal_weight=168280 89875.5 78404.4 62868.9 19368.2 59036.1 27006.5 18650.1 43360.7 16258 57321.4 41148.5 14103.4 2804.41 11429.5 19508.2 8111.24 43218.1 10344.5 10538.8 18889.5 36030.7 4828.49 9941.58 1084.98 4137.43 6547.17 2212.25 11298.9 28337.2
internal_count=730800 389169 341631 260638 79814 261817 128531 87330 176287 66562 254801 166112 60909 11633 46666 84351 36930 193892 42289 50400 81212 160839 19896 41528 4377 17086 30340 10175 49276 113583
is_linear=0
shrinkage=0.05


Tree=22
num_leaves=31
num_cat=0
split_feature=2 0 9 2 8 0 8 8 0 4 3 0 8 5 0 6 3 8 5 8 5 8 8 8 3 7 0 9 13 5
split_gain=10037.2 2534.93 1295.87 655.528 469.201 458.699 433.876 262.02 239.615 248.062 258.132 226.562 205.752 186.187 224.15 167.572 158.893 144.349 137.819 136.728 135.402 116.533 733.001 447.532 170.843 141.007 119.285 105.793 103.632 105.973
threshold=1.0000000180025095e-35 4.5000000000000009 1.0000000180025095e-35 2.5000000000000004 47648.500000000007 5.5000000000000009 44366.500000000007 44354.500000000007 2.5000000000000004 39529.500000000007 27490.000000000004 13.500000000000002 44318.500000000007 47104.666015625007 2.5000000000000004 695.80307006835949 25968.500000000004 42348.500000000007 24550.025390625004 44235.500000000007 21606.333007812504 39664.500000000007 40417.500000000007 39681.500000000007 37629.500000000007 27760.500000000004 2.5000000000000004 1.0000000180025095e-35 1.5000000000000002 32924.523437500007
decision_type=2 2 2 2 2 2 2 2 2 2 2 2 2 2 2 2 2 2 2 2 2 2 2 2 2 2 2 2 2 2
left_child=2 4 6 7 8 12 21 19 9 10 -2 16 -4 14 -8 -10 -5 -11 -7 20 -3 24 23 -23 25 -1 -24 -6 29 -9
right_child=1 3 5 11 27 18 13 28 15 17 -12 -13 -14 -15 -16 -17 -18 -19 -20 -21 -22 22 26 -25 -26 -27 -28 -29 -30 -31
leaf_value=-0.021962254784309937 -0.0031112141639407323 0.0018070166214012287 -0.011000355421384436 0.01639155468912705 0.016570370540493023 -0.005243449563823303 -0.016564853123677538 0.0083636153721909062 0.010172218662933285 -0.018779456701353156 0.011295959093891595 0.034941537756485321 0.0013349799805618433 0.012476555389960526 -0.004781556547120207 0.0020290639599937171 0.026969451346363874 -0.0034911883065986576 0.014686110386972061 -0.02409089498508964 0.013552729605456997 -0.01406311515070497 -0.023442745062346115 0.040192402422349199 -0.031885296945939695 -0.010043519137282996 -0.014691793340629837 0.03868639403826387 0.03226309148081985 0.02257479300645366
leaf_weight=16471.614472419024 8487.0192739218473 3396.3343773335218 9595.2702616155148 5379.5433562994003 1262.4037978649139 1095.7637464404106 9277.4956167340279 1902.5690764337778 11335.45249478519 2635.6355564892292 4906.3615199625492 5777.1319066882133 5219.3357679098845 856.27016769349575 7143.5687370449305 14271.949846759439 10439.664340287447 3727.6051897853613 4163.686394020915 296.13419046998024 8839.5205340832472 679.55168607831001 9379.2450051009655 862.47013567388058 3704.1861487030983 2921.7114601135254 6658.8652362972498 945.89725813269615 1654.9070933908224 4224.9102504402399
leaf_count=75939 34112 14256 39966 24606 5622 4457 41163 8206 47264 10602 19730 30513 21218 3545 29490 58150 49905 15033 17233 1282 38079 2923 42759 3654 16913 13419 28952 5143 7896 18770
internal_value=7.29202e-06 0.0114364 -0.0130995 0.0204023 0.00353745 -0.00215108 -0.0168917 0.0139548 0.00244187 -0.00169525 0.00216653 0.0264671 -0.00665449 -0.0102536 -0.0114388 0.00563374 0.0233723 -0.00982354 0.0105339 0.00947996 0.0102924 -0.0197112 -0.0166437 0.0162826 -0.022046 -0.0201666 -0.0198094 0.0260435 0.0211608 0.0181623
internal_weight=167512 89483 78029 41910.7 47572.3 20074.1 57955 20314.4 45364 19756.6 13393.4 21596.3 14814.6 17277.3 16421.1 25607.4 15819.2 6363.24 5259.45 12532 12235.9 40677.6 17580.1 1542.02 23097.5 19393.3 16038.1 2208.3 7782.39 6127.48
internal_count=730800 389169 341631 193513 195656 82874 258757 88489 184891 79477 53842 105024 61184 74198 70653 105414 74511 25635 21690 53617 52335 184559 78288 6577 106271 89358 71711 10765 34872 26976
is_linear=0
shrinkage=0.05


Tree=23
num_leaves=31
num_cat=0
split_feature=2 0 0 2 8 9 9 3 5 8 3 9 0 13 2 7 4 8 0 4 8 6 8 7 7 7 8 8 13 4
split_gain=9103.27 2346.27 1191.68 639.046 432.803 308.573 261.466 248.288 214.721 209.155 198.418 198.389 196.196 167.899 149.299 144.571 139.671 116.493 106.071 103.845 183.858 103.473 100.461 98.2582 196.157 120.927 92.5725 251.576 89.5919 77.929
threshold=1.0000000180025095e-35 6.5000000000000009 4.5000000000000009 1.5000000000000002 44366.500000000007 1.0000000180025095e-35 1.0000000180025095e-35 44355.500000000007 30693.250000000004 47648.500000000007 46888.500000000007 1.0000000180025095e-35 2.5000000000000004 1.5000000000000002 4.5000000000000009 29867.500000000004 47648.500000000007 39519.500000000007 10.500000000000002 20166.500000000004 39531.500000000007 208.6252136230469 44399.500000000007 25968.500000000004 37639.500000000007 2452.5000000000005 43794.000000000007 43720.500000000007 1.5000000000000002 20166.500000000004
decision_type=2 2 2 2 2 2 2 2 2 2 2 2 2 2 2 2 2 2 2 2 2 2 2 2 2 2 2 2 2 2
left_child=2 3 4 6 11 15 23 13 14 12 29 26 22 17 28 -3 19 -4 -10 -5 -21 -14 -6 25 -25 -2 27 -1 -7 -8
right_child=1 5 7 16 9 8 10 -9 18 -11 -12 -13 21 -15 -16 -17 -18 -19 -20 20 -22 -23 -24 24 -26 -27 -28 -29 -30 -31
leaf_value=-0.01917917795168235 0.0067108667879491185 0.0083064863557573716 -0.019518201676408137 0.0064284051225269104 0.0011248635109069747 0.011902049160338128 0.0005968376073885994 0.013635473595421263 0.025990902443945918 0.01394704031860821 0.032958306377687395 -0.010900683929159589 0.011178439151710504 0.01557949109602021 0.029345857742953764 0.026945444525450713 0.0369606957974844 -0.0024430136641712969 0.035924257101621622 0.021487222281532013 0.0097120279251779081 -0.0061222827091646607 -0.015858872349674664 0.010697808865773727 -0.0013839371421558383 -0.005573412831366178 -0.032852284767914741 0.034482402077379105 0.023782069277894141 0.0090906475143260456
leaf_weight=36449.945772722363 2426.6124298125505 4186.2926115244627 1188.2317571640015 5201.6399007737637 955.38876064121723 4039.144347012043 3858.5811742246151 3330.1717024147511 5222.9693523347378 957.17279103398323 752.40959931910038 8610.129598736763 996.28237263858318 1122.3001817911863 3484.1049921512604 1384.3881334215403 598.98730906844139 6267.6715330332518 5536.0561084747314 5784.6914668083191 7764.7107139676809 6521.0884975790977 9822.8331397473812 4852.9388243108988 10917.530516982079 11486.25021353364 1221.0211997628212 219.73145353794098 2614.0639390647411 8997.0132533609867
leaf_count=167525 9717 18814 5051 22234 4211 18321 15743 13694 25295 3974 3939 36057 4051 4628 17762 6584 3139 25559 29141 25349 33629 27002 43345 19464 44259 46066 5533 1001 12614 37099
internal_value=7.28043e-06 0.010913 -0.0125058 0.00563922 -0.0151416 0.0233948 0.00226289 0.00204807 0.0261823 -0.00883726 0.00800189 -0.0177518 -0.0100293 -0.00245031 0.0209608 0.0129385 0.013193 -0.00516425 0.0311021 0.0124338 0.0147393 -0.00382941 -0.0143534 -0.000368096 0.0023339 -0.00343085 -0.0193086 -0.0188576 0.0165697 0.00654125
internal_weight=166770 89108.4 77662 62641.4 65753.6 26467 43291.3 11908.4 20896.3 19252.8 13608 46500.8 18295.6 8578.2 10137.3 5570.68 19350 7455.9 10759 18751 13549.4 7517.37 10778.2 29683.3 15770.5 13912.9 37890.7 36669.7 6653.21 12855.6
internal_count=730800 389169 341631 260638 292699 128531 176287 48932 103133 82583 56781 210116 78609 35238 48697 25398 84351 30610 54436 81212 58978 31053 47556 119506 63723 55783 174059 168526 30935 52842
is_linear=0
shrinkage=0.05


Tree=24
num_leaves=31
num_cat=0
split_feature=2 0 9 2 8 0 8 3 9 9 8 8 8 0 5 0 13 5 2 5 8 0 8 5 8 8 8 8 7 8
split_gain=8254.94 2159.51 1109.47 582.228 410.587 383.91 357.412 238.131 211.666 207.63 178.207 172.332 318.251 185.307 159.232 182.465 145.78 128.805 121.698 120.708 113.361 111.259 107.223 117.768 106.406 670.897 401.767 161.64 169.413 111.406
threshold=1.0000000180025095e-35 4.5000000000000009 1.0000000180025095e-35 2.5000000000000004 47648.500000000007 5.5000000000000009 44366.500000000007 39673.500000000007 1.0000000180025095e-35 1.0000000180025095e-35 44318.500000000007 39531.500000000007 25856.500000000004 2.5000000000000004 47104.666015625007 2.5000000000000004 1.5000000000000002 24020.166992187504 1.5000000000000002 24550.025390625004 40424.500000000007 9.5000000000000018 41208.500000000007 26256.690429687504 39664.500000000007 40417.500000000007 39681.500000000007 37622.500000000007 27760.500000000004 40710.500000000007
decision_type=2 2 2 2 2 2 2 2 2 2 2 2 2 2 2 2 2 2 2 2 2 2 2 2 2 2 2 2 2 2
left_child=2 4 6 7 9 10 24 16 22 11 -4 12 -2 -13 15 -8 18 -10 -3 -7 -9 -22 23 -5 27 26 -26 28 -1 -27
right_child=1 3 5 8 -6 19 14 20 17 -11 -12 13 -14 -15 -16 -17 -18 -19 -20 -21 21 -23 -24 -25 25 29 -28 -29 -30 -31
leaf_value=-0.019952008030843602 -0.0032666169003597147 -0.00031323356113680992 -0.0099838197754320776 0.010382844973980954 0.024414953682817628 -0.0049474926820556216 -0.015198732644230752 0.043529007532918301 0.020248262606426527 0.0072632062174291584 0.0015083527448784039 -0.012088754898594125 0.0097684126361039739 0.00023328983124549396 0.011623305052123148 -0.0045409216019328489 0.020195737751950129 0.030359075659798354 0.011175021602456876 0.013719785276762184 0.014350889689135511 0.027897328779698239 0.0079446410242059503 0.03001605215309245 -0.012555255544201888 -0.003999327313015561 0.038931619778880475 -0.027714323990725556 -0.0058356881533127396 -0.019416778359374991
leaf_weight=14697.778433665633 9826.2814711779356 4799.8315434902906 9555.7309552431107 1280.4526535272598 2164.1487880498171 1094.4806285500526 9187.8533165603876 439.90487262606621 4370.3003143966198 13699.385717600584 5213.9753052890301 5003.627829477191 8945.380180478096 7819.3356295824051 852.7178448587656 7134.1969178617001 1967.0074445158243 11280.164696022868 4435.4887538701296 4148.2381431609392 6523.1937098056078 1974.5424070060253 2315.9041655510664 1893.0349509418011 673.79179127514362 1274.2421531826258 865.726054251194 5566.6475084424019 2484.7230316251516 14563.467109844089
leaf_count=68918 39631 19947 39966 5631 10765 4457 41163 1917 21147 57352 21218 20076 36336 31496 3545 29490 9142 58569 19389 17233 28498 9596 10599 9078 2923 5768 3654 25812 11541 65943
internal_value=7.43156e-06 0.0104133 -0.0119361 0.0187766 0.00313875 -0.00180089 -0.0154758 0.0126929 0.0245726 0.00212217 -0.00592687 -0.00010698 0.00294505 -0.00457488 -0.0094399 -0.0105403 0.00783662 0.0275357 0.00520428 0.00982277 0.0187798 0.0174986 0.0161248 0.0220944 -0.0180593 -0.0151133 0.0163977 -0.0203096 -0.0179107 -0.0181763
internal_weight=166052 88738 77313.6 41279.8 47458.2 20012.4 57301.1 20140 21139.9 45294 14769.7 31594.6 18771.7 12823 17174.8 16322.1 11202.3 15650.5 9235.32 5242.72 8937.64 8497.74 5489.39 3173.49 40126.4 17377.2 1539.52 22749.1 17182.5 15837.7
internal_count=730800 389169 341631 193513 195656 82874 258757 88489 105024 184891 61184 127539 75967 51572 74198 70653 48478 79716 39336 21690 40011 38094 25308 14709 184559 78288 6577 106271 80459 71711
is_linear=0
shrinkage=0.05


Tree=25
num_leaves=31
num_cat=0
split_feature=2 0 0 2 3 8 13 5 0 8 6 0 8 9 9 2 4 7 8 7 3 9 9 8 13 9 13 5 9 0
split_gain=7485.66 1999.51 1028.82 538.983 297.24 289.229 276.715 273.591 231.537 229.031 190.618 176.987 175.271 158.985 156.083 132.882 125.745 113.003 106.76 100.328 99.4915 95.5799 87.4724 86.5057 82.3094 78.4361 75.7891 73.3618 73.0424 71.9846
threshold=1.0000000180025095e-35 6.5000000000000009 3.5000000000000004 1.5000000000000002 39673.500000000007 47648.500000000007 1.5000000000000002 33208.687500000007 2.5000000000000004 47081.500000000007 504.04238891601568 6.5000000000000009 40424.500000000007 1.0000000180025095e-35 1.0000000180025095e-35 1.5000000000000002 47648.500000000007 38775.500000000007 20015.500000000004 1792.5000000000002 39656.500000000007 1.0000000180025095e-35 1.0000000180025095e-35 41156.500000000007 1.5000000000000002 1.0000000180025095e-35 7.5000000000000009 28219.250000000004 1.0000000180025095e-35 10.500000000000002
decision_type=2 2 2 2 2 2 2 2 2 2 2 2 2 2 2 2 2 2 2 2 2 2 2 2 2 2 2 2 2 2
left_child=2 3 5 9 14 8 7 15 18 13 20 12 -6 -2 -4 -3 21 -14 -1 -20 -10 23 -12 -5 -16 -17 27 -8 -11 -9
right_child=1 6 4 16 11 -7 26 29 10 28 22 -13 17 -15 24 25 -18 -19 19 -21 -22 -23 -24 -25 -26 -27 -28 -29 -30 -31
leaf_value=-0.022678564069410476 -0.00093072189158793805 0.0011640977566338836 -0.014750347286464053 0.011437071072546615 0.037541504449383596 0.013108638417167393 0.024090802973580572 0.021268961594560098 -0.014418475028764059 0.010788055169224724 -0.014979855165200574 0.015283187856801739 -0.0056576300632025624 0.0057921704217768922 -0.0047669332062797148 0.007415514090505889 0.034954607398255372 0.0081992497073632518 -0.0016496987038282481 -0.01640218057480216 0.010108123823332283 0.015135903989975453 -0.0057087423753460313 0.0016419553023395415 0.011925453214315714 0.018691813037729869 -0.11156299678807757 0.033792686926085461 0.029844817002928549 0.030894211041013114
leaf_weight=6960.522633716464 28314.680599927902 2057.6189118772745 4309.8301996588707 6349.2190155386925 304.77444054186344 918.27189716696739 3460.3418272435665 5316.4386220723391 552.91260813176632 1347.4097245782614 8242.9014187306166 2811.9791389852762 4595.3023989200592 12755.559032544494 4142.5529026985168 2153.5096465796232 581.43896506726742 2164.2087647020817 1192.2380122989416 34552.856086850166 1639.5882898420095 8776.9765089303255 3680.0143732726574 3494.7442784011364 898.72111622989178 5432.0362496078014 9.5260107368230802 4459.7118428647518 802.1828246563673 3060.8069255053997
leaf_count=33053 113583 8768 18664 27071 1253 3833 17368 25603 2515 5923 37209 11760 18797 52529 16906 9856 3139 8735 5358 157772 6800 39684 15277 14457 3699 26792 51 23782 4252 16311
internal_value=7.40963e-06 0.00993608 -0.0113926 0.00508685 -0.00137497 -0.0147285 0.0216008 0.0181758 -0.0151783 0.00198997 -0.00962669 0.00467424 0.000451292 0.00115727 -0.00776391 0.0124336 0.0120572 -0.00122104 -0.0170133 -0.0159101 0.00392292 0.0113422 -0.0121183 0.00795967 -0.00179114 0.0154905 0.0293843 0.0295538 0.0178996 0.0247858
internal_weight=165339 88372.2 76966.7 62422.2 19227.4 57739.3 25950 18020.4 56821 43219.8 14115.4 9876.26 7064.29 41070.2 9351.1 9643.16 19202.4 6759.51 42705.6 35745.1 2192.5 18620.9 11922.9 9843.96 5041.27 7585.55 7929.58 7920.05 2149.59 8377.25
internal_count=730800 389169 341631 260638 79814 261817 128531 87330 257984 176287 61801 40545 28785 166112 39269 45416 84351 27532 196183 163130 9315 81212 52486 41528 20605 36648 41201 41150 10175 41914
is_linear=0
shrinkage=0.05


Tree=26
num_leaves=31
num_cat=0
split_feature=2 2 9 0 9 8 8 8 4 8 9 3 5 0 8 8 8 8 0 4 5 8 8 0 3 9 3 8 8 8
split_gain=6787.01 1837.86 947.859 595.69 336.451 322.187 312.405 233.348 171.875 166.519 147.61 139.679 134.029 151.638 125.794 135.12 158.701 122.88 122.061 100.345 111.801 111.421 218.477 146.376 109.297 96.581 92.7846 91.0158 602.506 355.663
threshold=1.0000000180025095e-35 1.5000000000000002 1.0000000180025095e-35 8.5000000000000018 1.0000000180025095e-35 44318.500000000007 44366.500000000007 44354.500000000007 25767.500000000004 38843.500000000007 1.0000000180025095e-35 25968.500000000004 47104.666015625007 2.5000000000000004 44235.500000000007 39638.500000000007 40710.500000000007 44235.500000000007 9.5000000000000018 20166.500000000004 2478.416625976563 37622.500000000007 37571.500000000007 3.5000000000000004 9878.5000000000018 1.0000000180025095e-35 46015.500000000007 39664.500000000007 40417.500000000007 39681.500000000007
decision_type=2 2 2 2 2 2 2 2 2 2 2 2 2 2 2 2 2 2 2 2 2 2 2 2 2 2 2 2 2 2
left_child=2 4 6 8 19 14 27 17 -3 -10 -11 25 13 26 15 -4 -17 -6 -7 20 -2 22 -21 -23 -22 -5 -8 -1 29 -29
right_child=1 3 5 11 7 18 12 -9 9 10 -12 -13 -14 -15 -16 16 -18 -19 -20 21 24 23 -24 -25 -26 -27 -28 28 -30 -31
leaf_value=-0.018706147321325178 0.0095206630652252232 0.0073033282689012827 -0.012265211108221001 -0.00031674521954783819 0.0051562201445032891 0.003912976575462304 -0.0096443505061727802 0.016840075428004388 0.024589828122573997 0.007184900884115334 0.018168498578983464 0.02891578800082133 0.010848780225243977 -0.0040629132911125859 -0.048685464713613992 0.015951735730999513 -0.0048526923867358331 -0.033670627159484733 0.022650835883178209 0.0033720056418750574 -0.015641322103402275 -0.0037383879130529563 0.02985702359842532 0.006869901319821548 -0.0027805441997539285 0.021168312914439137 -0.01993468690461643 -0.011408412995493375 -0.016802810365501662 0.037099279732535094
leaf_weight=22418.516333296895 1177.6871289014816 9026.286990121007 5054.3474956452847 604.79838901758194 11562.943297728896 7073.2098913192749 5415.4142540246248 5641.4724857658148 4121.9131275266409 5803.300173535943 6468.3979240804911 9859.6580066531897 849.20114684104919 7118.0953652560711 176.03445111215115 1097.7058073431253 5557.8001357018948 207.43335914611816 990.86786934733391 5467.627330288291 2475.6441348493099 11289.757726401091 907.95881694555283 4567.2459001094103 4965.602338463068 3870.6929294317961 3678.5747493058443 668.84743137657642 15664.315907627344 868.6485533863306
leaf_count=106271 4714 39591 21543 2838 47972 28966 24478 25884 18677 25023 30947 52908 3545 29490 723 4520 22795 873 4327 21916 9941 45804 3645 18510 19954 19972 16685 2923 71711 3654
internal_value=7.52217e-06 0.0094796 -0.010872 0.0174403 0.00292228 -0.00149883 -0.0141711 0.00847925 0.0128441 0.0158949 0.0129743 0.0255905 -0.00851441 -0.00952867 -0.0067326 -0.00610192 -0.00142138 0.00447196 0.00621538 -0.000213935 -0.00479376 0.00156153 0.00714379 -0.000682914 -0.00705922 0.0182649 -0.0138069 -0.016607 -0.0138711 0.0159973
internal_weight=164650 88018.4 76631.6 39755 48263.4 19950 56681.6 17411.8 25419.9 16393.6 12271.7 14335.1 17061.3 16212.1 11885.9 11709.9 6655.51 11770.4 8064.08 30851.5 8618.93 22232.6 6375.59 15857 7441.25 4475.49 9093.99 39620.3 17201.8 1537.5
internal_count=730800 389169 341631 189956 199213 82874 258757 74729 114238 74647 55970 75718 74198 70653 49581 48858 27315 48845 33293 124484 34609 89875 25561 64314 29895 22810 41163 184559 78288 6577
is_linear=0
shrinkage=0.05


Tree=27
num_leaves=31
num_cat=0
split_feature=2 2 0 9 8 8 9 4 0 8 5 8 4 8 7 0 5 0 0 0 7 8 3 8 8 6 5 3 8 4
split_gain=6152.71 1709.64 884.358 576.287 297.927 260.382 257.615 250.819 192.31 191.304 156.82 144.669 132.684 140.801 220.685 169.895 132.52 171.163 131.576 129.05 121.462 249.063 111.359 125.548 108.498 105.413 103.634 120.379 99.4994 96.0762
threshold=1.0000000180025095e-35 2.5000000000000004 3.5000000000000004 1.0000000180025095e-35 44354.500000000007 39638.500000000007 1.0000000180025095e-35 44355.500000000007 8.5000000000000018 40643.500000000007 40143.166015625007 44235.500000000007 20166.500000000004 37645.500000000007 37571.500000000007 3.5000000000000004 47104.666015625007 1.5000000000000002 2.5000000000000004 15.500000000000002 39606.500000000007 40710.500000000007 25598.000000000004 41156.500000000007 25856.500000000004 9.772219657897951 2478.416625976563 9878.5000000000018 39681.500000000007 25904.000000000004
decision_type=2 2 2 2 2 2 2 2 2 2 2 2 2 2 2 2 2 2 2 2 2 2 2 2 2 2 2 2 2 2
left_child=2 3 7 12 11 -4 22 18 9 28 -11 24 26 14 -14 -15 17 -9 -1 29 -20 -22 -3 -24 -5 -19 -2 -28 -7 -8
right_child=1 6 5 4 -6 8 19 16 -10 10 -12 -13 13 15 -16 -17 -18 25 20 -21 21 -23 23 -25 -26 -27 27 -29 -30 -31
leaf_value=-0.016702970344196749 0.009193315168825154 0.0024173488269651528 -0.014518634779407225 0.00080408520292416972 0.018285044320417464 -0.0031103857387604012 0.016232052332116251 -0.02082775789000936 0.014295350646772696 -0.0058139572966366265 0.0064558657310601619 -0.026244770724969526 0.0053717493551066198 -0.0030002192320801556 0.030326131222455976 0.0064090009605321579 0.011806614664895125 0.0068644563810023734 -0.012442523792828446 0.03267378550447627 0.04778305400539868 -0.0066666654821266567 0.025211117163749144 0.0080219199925947379 0.0098492659280188799 -0.0077827612433046785 -0.013695387754411321 -0.0015788125771011971 0.034718315470986048 0.025427997614030286
leaf_weight=34250.469565972686 1380.1549775004387 1912.6668834537268 3033.5182769447565 4409.2783641964197 8650.8337366431952 253.99927325546741 4531.8439015746117 2207.8794529139996 2467.3906131088734 9229.5809398591518 3627.7163082063198 321.35191236436367 7030.112809702754 12231.523620277643 1013.722964271903 7893.4772423654795 875.11896528303623 1492.7059357315302 9967.6339276880026 3689.1574050039053 256.61724220216274 1156.5778674334288 2208.3128615021706 2046.9389877915382 13363.01184053719 6936.0956687778234 3023.4087341427803 6366.3324477821589 550.71483866870403 7609.4348434656858
leaf_count=160322 5551 8442 13252 18449 40857 1066 22303 10320 10413 38080 14725 1397 28564 49810 4143 32720 3656 6594 44800 21214 1034 4954 10659 9465 58009 30137 12219 25794 2278 39573
internal_value=7.45571e-06 0.00904235 -0.0103743 0.00500184 0.010653 -0.00107921 0.0211066 -0.0134915 0.00144839 -0.000871796 -0.002352 0.00700398 0.00112044 0.00292516 0.00851662 0.000690288 -0.00689626 -0.00843501 -0.0151553 0.024484 -0.0104976 0.00322067 0.0124382 0.0169425 0.00760517 -0.0051888 -0.00359983 -0.00548024 0.0227781 0.0219955
internal_weight=163988 87681.6 76306 65683.2 26744.5 19162.9 21998.4 57143.1 16129.4 13662 12857.3 18093.6 38938.7 28168.8 8043.84 20125 11511.8 10636.7 45631.3 15830.4 11380.8 1413.2 6167.92 4255.25 17772.3 8428.8 10769.9 9389.74 804.714 12141.3
internal_count=730800 389169 341631 277513 118712 79814 111656 261817 66562 56149 52805 77855 158801 115237 32707 82530 50707 47051 211110 83090 50788 5988 28566 20124 76458 36731 43564 38013 3344 61876
is_linear=0
shrinkage=0.05


Tree=28
num_leaves=31
num_cat=0
split_feature=2 0 9 2 0 8 5 8 0 8 2 8 3 8 4 5 0 6 9 5 8 8 8 8 8 3 8 3 8 6
split_gain=5576.6 1594.54 831.485 413.117 277.597 265.28 250.587 205.173 203.85 134.682 119.636 117.89 135.181 128.094 116.901 109.621 128.093 104.963 101.655 101.616 90.9578 122.163 156.848 102.007 86.858 83.3738 82.9618 79.5158 171.154 76.7678
threshold=1.0000000180025095e-35 6.5000000000000009 1.0000000180025095e-35 1.5000000000000002 5.5000000000000009 44366.500000000007 25225.750000000004 47648.500000000007 12.500000000000002 44318.500000000007 4.5000000000000009 20015.500000000004 4769.5000000000009 37617.500000000007 47648.500000000007 47104.666015625007 2.5000000000000004 3393.5363769531255 1.0000000180025095e-35 28641.875000000004 44009.500000000007 43720.500000000007 43043.500000000007 43794.000000000007 44235.500000000007 46015.500000000007 44318.500000000007 20089.500000000004 39531.500000000007 8561.5380859375018
decision_type=2 2 2 2 2 2 2 2 2 2 2 2 2 2 2 2 2 2 2 2 2 2 2 2 2 2 2 2 2 2
left_child=2 3 5 7 9 20 10 11 17 24 29 12 -2 -13 27 16 25 -8 -19 -6 21 22 -1 -23 -4 -7 -22 -5 -29 -3
right_child=1 6 4 14 19 15 8 -9 -10 -11 -12 13 -14 -15 -16 -17 -18 18 -20 -21 26 23 -24 -25 -26 -27 -28 28 -30 -31
leaf_value=-0.014688347301808558 0.0041160323010728788 -0.0054824711586345873 -0.0076237352545607852 0.0045206435607714176 -0.00077916198642768433 -0.0087121117981912421 0.026324252573806179 0.018921324885018243 0.03008100911871921 0.0018284407318581747 0.020396501180094517 0.0070606382861506459 -0.0092965550688539674 0.00024857447989694103 0.032917830742687219 0.009751892036873093 -0.0036895995243504953 0.0067913087786025924 0.019025261008496455 0.013891728328776066 -0.039797337698820302 0.033206334207562173 -0.038096663543394665 -0.018023878853380332 -0.049177415905799632 -0.018512514676178305 -0.012768923959145199 0.018467266162787776 0.0069650254553061397 0.010046781792554508
leaf_weight=36827.690454021096 2936.2735684216022 1006.2971247732639 9343.0974846631289 5173.6986697465181 1807.1053069978952 5378.4511117339134 3295.7621520906687 1646.5927748829126 5817.5396100133657 5205.9251470863819 2436.89980250597 9757.8513237535954 5215.1956817507744 23570.903791770339 562.43785656988621 846.25953750312328 7105.7619516402483 2286.5202424973249 6596.9122508764267 3402.7474287450314 706.64179068803787 240.56027254462242 729.7958222925663 163.00859041512012 127.47233878076077 3637.9676957130432 474.57994186878204 5604.6113158762455 7646.7511963546276 3804.9612034261227
leaf_count=173846 11812 4579 39433 22428 7415 24478 16910 8205 33058 21218 12616 39402 21017 95851 3139 3545 29490 10445 33272 14275 3272 1099 3398 760 533 16685 2184 25117 33667 17651
internal_value=7.49812e-06 0.008624 -0.00989723 0.0043175 -0.00111219 -0.0130108 0.01922 0.00161185 0.0223814 -0.00463185 0.0113705 0.000924735 -0.00446515 0.00224298 0.0104629 -0.00778919 -0.00870993 0.0187036 0.0158763 0.00880294 -0.0152744 -0.0148492 -0.0151432 0.0125135 -0.00818304 -0.0126664 -0.0289381 0.00977745 0.0118299 0.00679877
internal_weight=163356 87359.2 75997.1 62114.3 19886.3 56110.7 25244.9 43126.8 17996.7 14676.5 7248.16 41480.2 8151.47 33328.8 18987.5 16968.4 16122.2 12179.2 8883.43 5209.85 39142.3 37961.1 37557.5 403.569 9470.57 9016.42 1181.22 18425.1 13251.4 4811.26
internal_count=730800 389169 341631 260638 82874 258757 128531 176287 93685 61184 34846 168082 32829 135253 84351 74198 70653 60627 43717 21690 184559 179103 177244 1859 39966 41163 5456 81212 58784 22230
is_linear=0
shrinkage=0.05


Tree=29
num_leaves=31
num_cat=0
split_feature=2 0 0 2 8 8 8 0 3 8 8 8 4 0 4 13 7 0 5 7 6 3 8 7 7 13 6 9 8 9
split_gain=5053.92 1477.65 762.185 437.13 409.337 431.409 316.024 290.209 252.002 227.056 219.819 161.011 137.738 135.23 172.039 129.144 128.662 121.843 113.892 159.799 113.641 94.5571 92.4948 94.9881 87.6075 87.4179 85.1098 79.1086 70.0356 66.32
threshold=1.0000000180025095e-35 4.5000000000000009 2.5000000000000004 3.5000000000000004 39664.500000000007 40417.500000000007 47648.500000000007 5.5000000000000009 25968.500000000004 39681.500000000007 47648.500000000007 47509.000000000007 44306.000000000007 2.5000000000000004 39529.500000000007 1.5000000000000002 25968.500000000004 13.500000000000002 31645.746093750004 30284.000000000004 848.19174194335949 44355.500000000007 20015.500000000004 1792.5000000000002 115.50000000000001 1.5000000000000002 9.772219657897951 1.0000000180025095e-35 25503.500000000004 1.0000000180025095e-35
decision_type=2 2 2 2 2 2 2 2 2 2 2 2 2 2 2 2 2 2 2 2 2 2 2 2 2 2 2 2 2 2
left_child=2 6 10 8 18 9 11 12 25 -6 22 13 -7 14 -2 20 -15 -5 19 29 -10 -9 -1 24 -24 -3 -25 -8 -19 -4
right_child=1 3 4 17 5 7 27 21 15 -11 -12 -13 -14 16 -16 -17 -18 28 -20 -21 -22 -23 23 26 -26 -27 -28 -29 -30 -31
leaf_value=-0.019728765352446397 0.0015660112079293462 0.0022536995847691047 -0.016362402154715839 0.019327403987457619 -0.001353969869261224 -0.008051674287174267 0.013160709404938062 0.0027132017412319883 0.022804124142511317 0.051155370869520246 0.011468935134962792 -0.080828727859297747 0.0016574654643286069 0.00058327661972726243 -0.0084545272482884955 0.024305282915688682 0.0077254764197377951 -0.009804307232080452 -0.029881837340247644 0.08891930221758082 0.011158740333847908 0.015331306255505049 -0.029069804744559821 -0.010215913163318957 0.0069280250789983712 0.015000737420428456 -0.015568363493452751 0.032973717819265447 0.030505158854536973 -0.0059116115073416832
leaf_weight=6758.9785039573908 13362.184234604239 7057.2564799487591 3892.8888209462166 8522.735238134861 314.39537091553211 12958.168856278062 1230.0664687901735 4537.8754895478487 2516.1563744992018 596.42388352751732 839.39374747872353 59.515027612447739 5086.7906423956156 13670.096220895648 6304.2403340041637 3107.6497414261103 11704.621651381254 110.48054188489914 990.78029902279377 39.242975056171417 12513.784663036466 2206.7344782948494 204.74491983652115 11014.830999836326 968.56021098792553 1661.6907838135958 22801.417354896665 853.29342275857925 4370.8120941519737 2488.4254092872143
leaf_count=33053 53842 30808 18346 43645 1329 55640 5622 18669 11474 2460 3536 244 20943 56379 25463 15901 48963 599 4524 180 57189 9286 941 51786 4417 8086 105986 5143 25811 10535
internal_value=7.50793e-06 0.0082244 -0.00944083 0.0153122 -0.00375092 -0.000765548 0.00223672 -0.00200727 0.0116687 0.0330303 -0.0138647 0.00135725 -0.00531471 0.00146584 -0.00164616 0.0150268 0.00387777 0.0228369 -0.0141033 -0.0116685 0.0131083 0.00684165 -0.014374 -0.0133397 0.000646306 0.00468308 -0.0138249 0.0212756 0.0295114 -0.0122871
internal_weight=162744 87044.6 75699.7 39860.6 33111.7 25700.4 47184 24789.6 26856.5 910.819 42587.9 45100.7 18045 45041.1 19666.4 18137.6 25374.7 13004 7411.34 6420.56 15029.9 6744.61 41748.5 34989.6 1173.31 8718.95 33816.2 2083.36 4481.29 6381.31
internal_count=730800 389169 341631 193513 141912 108327 195656 104538 123458 3789 199719 184891 76583 184647 79305 84564 105342 70055 33585 29061 68663 27955 196183 163130 5358 38894 157772 10765 26410 28881
is_linear=0
shrinkage=0.05


Tree=30
num_leaves=31
num_cat=0
split_feature=2 2 9 9 8 8 9 8 8 8 3 4 3 8 0 7 7 5 8 1 8 0 8 8 8 7 0 3 8 8
split_gain=4579.96 1363.33 721.573 474.921 250.539 237.676 229.1 228.587 410.941 293.908 233.369 171.503 158.794 132.578 124.836 124.758 216.639 115.533 238.608 171.529 144.526 111.188 108.673 102.011 173.411 94.3682 94.1529 94.0532 115.196 85.8885
threshold=1.0000000180025095e-35 2.5000000000000004 1.0000000180025095e-35 1.0000000180025095e-35 44354.500000000007 44318.500000000007 1.0000000180025095e-35 39664.500000000007 40417.500000000007 39681.500000000007 39681.500000000007 44355.500000000007 37629.500000000007 44235.500000000007 2.5000000000000004 37278.500000000007 37307.500000000007 27389.928710937504 37622.500000000007 2.5000000000000004 37571.500000000007 15.500000000000002 44235.500000000007 39664.500000000007 40424.500000000007 1792.5000000000002 10.500000000000002 25598.000000000004 41156.500000000007 25856.500000000004
decision_type=2 2 2 2 2 2 2 2 2 2 2 2 2 2 2 2 2 2 2 2 2 2 2 2 2 2 2 2 2 2
left_child=2 3 7 17 13 22 27 12 9 -9 -11 14 15 29 -10 25 -17 -2 20 -20 -19 -8 23 -4 -25 -1 -7 -3 -29 -5
right_child=1 6 5 4 -6 26 21 8 11 10 -12 -13 -14 -15 -16 16 -18 18 19 -21 -22 -23 -24 24 -26 -27 -28 28 -30 -31
leaf_value=-0.0057151461875423783 -0.0027693613000948376 0.001351105402202283 -0.009997070968793851 0.00060500869014046884 0.016492287515396664 0.0040521818504868348 0.019731180138877643 -0.0091759127140148156 -0.016941300129765219 0.053883038754399017 -0.00069917345544450739 -0.0056623770381069678 -0.025698499683768056 -0.025736174476737102 -0.0091611139204511895 0.04860468545022123 -0.0097993663659154805 0.0081571273082953998 -0.0025704862934262758 0.0073730928555732949 0.029240160127310091 0.029864887293310813 -0.044657217047762293 0.025242153546385739 -0.0031636590734101682 -0.01642476046784621 0.022410201771272821 0.022818674431972399 0.0061897252810770576 0.0086639417831877834
leaf_weight=2381.0527576804161 14644.761572867632 1898.9510863721371 5151.8604231923819 4404.1182330399752 8500.1343899965286 7257.4563982784748 11815.093959674239 659.07315398752689 10932.710253342986 569.44197390973568 298.47598725557327 11530.006592079997 3484.5959317833185 321.66314153373241 9757.4141069948673 210.70521372556686 644.27107176184654 3092.4352594166994 13668.712020725012 6352.7367580682039 1102.7225982397795 3511.2692560404539 173.11272378265858 591.33544799685478 5877.8931994140148 15110.071981459856 772.79950647056103 2153.103994756937 2017.1979890912771 13261.127978906035
leaf_count=11441 59274 8442 22203 18449 40857 29853 61876 2923 52106 2388 1266 51054 16913 1397 42749 1012 3101 12639 55873 26476 4539 21214 723 2436 24219 73804 3440 10659 9465 58009
internal_value=7.44406e-06 0.0078421 -0.00900567 0.00425539 0.00941843 -0.000815971 0.0187969 -0.0119269 -0.00934786 0.0159968 0.0351123 -0.010549 -0.0159138 0.00607552 -0.0132722 -0.0140553 0.00459406 0.000736377 0.00285644 0.000584577 0.0136989 0.0220528 -0.00533341 -0.00474763 -0.000567157 -0.0149669 0.00581888 0.010575 0.0147752 0.00665477
internal_weight=162146 86744 75402.3 65348.4 26487 19824.5 21395.6 55577.8 33747.1 1526.99 867.918 32220.1 21830.7 17986.9 20690.1 18346.1 854.976 38861.4 24216.6 20021.4 4195.16 15326.4 11794.2 11621.1 6469.23 17491.1 8030.26 6069.25 4170.3 17665.2
internal_count=730800 389169 341631 277513 118712 82874 111656 258757 152486 6577 3654 145909 106271 77855 94855 89358 4113 158801 99527 82349 17178 83090 49581 48858 26655 85245 33293 28566 20124 76458
is_linear=0
shrinkage=0.05


Tree=31
num_leaves=31
num_cat=0
split_feature=2 0 9 2 13 5 8 8 8 3 8 8 8 13 8 7 8 4 8 8 7 8 4 8 8 7 7 8 0 9
split_gain=4149.88 1272.56 656.599 426.685 221.167 214.479 210.178 371.714 263.973 208.617 179.021 170.78 157.03 153.36 148.881 149.674 128.17 103.07 108.035 102.868 101.998 136.017 103.734 100.584 100.435 97.1191 97.0433 96.4672 86.688 70.2162
threshold=1.0000000180025095e-35 7.5000000000000009 1.0000000180025095e-35 1.5000000000000002 1.5000000000000002 30025.568359375004 39664.500000000007 40417.500000000007 39681.500000000007 39681.500000000007 39664.500000000007 47081.500000000007 44366.500000000007 1.5000000000000002 37622.500000000007 27760.500000000004 40417.500000000007 20166.500000000004 37617.500000000007 39681.500000000007 27760.500000000004 38843.500000000007 47648.500000000007 44366.500000000007 40710.500000000007 1792.5000000000002 2988.5000000000005 44391.500000000007 13.500000000000002 1.0000000180025095e-35
decision_type=2 2 2 2 2 2 2 2 2 2 2 2 2 2 2 2 2 2 2 2 2 2 2 2 2 2 2 2 2 2
left_child=2 3 6 11 10 13 14 8 -8 -10 -4 17 24 29 15 25 19 26 -19 -12 -5 -22 -23 -18 -9 -1 -2 -14 -7 -3
right_child=1 5 4 20 -6 28 7 12 9 -11 16 -13 27 -15 -16 -17 23 18 -20 -21 21 22 -24 -25 -26 -27 -28 -29 -30 -31
leaf_value=-0.0052819412282827209 0.0037588744785446849 -0.0020175219784970724 -0.010633468185540167 0.0068300209066913661 0.01575141752942108 0.020224076439582267 -0.0087418279526317276 -7.0402619305280054e-05 0.050894822280603769 -0.00066430419562749218 -0.002308346046200619 0.0151922984408875 0.0079372175911823512 0.021084807065420999 -0.022520264533827192 -0.0013228473727221557 -0.0052444325058407966 0.0070188159299937186 0.00034472397918923416 0.046388347827986891 0.024223442308233988 0.0086932665241167915 0.031439174425742462 0.003717388275651835 -0.014935414050982719 -0.016660697076802632 -0.0059733485415243088 -0.0077055935802505309 0.029769549968938065 0.010956888716281206
leaf_weight=2230.636461108923 3597.6795024126768 1399.4794292598963 4884.5465570539236 12430.195996001363 1836.4442598074675 7409.9313082247972 657.2578166872263 1236.4674434661865 572.64418521523476 298.43651230633259 181.55729128420353 2117.8826406598091 1051.1805829405785 3464.4605579227209 5287.269882619381 2395.6190777420998 5733.7543435394764 8468.4769534766674 21350.434978216887 269.31763501465321 2322.3837103247643 6863.1552156507969 540.74297837913036 6897.2226585149765 14027.443742647767 11769.626909956336 8892.7800919860601 15791.815897166729 3502.8954322040081 4091.6074211597443
leaf_count=10763 14557 6431 21147 55554 7726 39092 2923 5768 2388 1266 746 10311 4647 18827 25812 11541 23676 34249 87301 1108 10817 31119 3133 28471 65943 58155 36045 69551 21119 20614
internal_value=7.26947e-06 0.00747686 -0.00858899 0.00416312 -0.000776131 0.018582 -0.0113858 -0.0089113 0.0151804 0.0332304 -0.0024655 0.00133652 -0.0100581 0.0128474 -0.0152244 -0.0128716 0.00058428 0.000642936 0.00224015 0.0267793 0.00983091 0.0136661 0.0103545 -0.000350775 -0.0137313 -0.0148477 -0.00317014 -0.00672932 0.0232881 0.00765018
internal_weight=161573 86452.1 75121.2 66583.7 19802.8 19868.4 55318.4 33635.2 1528.34 871.081 17966.4 44427.3 32106.9 8955.55 21683.2 16395.9 13081.9 42309.4 29818.9 450.875 22156.5 9726.28 7403.9 12631 15263.9 14000.3 12490.5 16843 10912.8 5491.09
internal_count=730800 389169 341631 283086 82874 106083 258757 152486 6577 3654 75148 182463 145909 45872 106271 80459 54001 172152 121550 1854 100623 45069 34252 52147 71711 68918 50602 74198 60211 27045
is_linear=0
shrinkage=0.05


Tree=32
num_leaves=31
num_cat=0
split_feature=2 2 0 9 8 8 0 8 9 8 8 7 3 5 7 7 0 4 6 5 7 7 7 4 13 3 8 2 0 7
split_gain=3759.63 1172.7 621.491 413.689 317.521 325.424 238.868 220.715 206.042 193.195 174.841 125.249 108.524 102.844 140.685 100.379 184.956 209.078 107.859 88.26 82.3602 154.748 86.5417 81.2843 85.8174 80.993 105.956 80.1469 71.4064 71.0031
threshold=1.0000000180025095e-35 2.5000000000000004 2.5000000000000004 1.0000000180025095e-35 39664.500000000007 40417.500000000007 5.5000000000000009 44380.500000000007 1.0000000180025095e-35 47648.500000000007 39681.500000000007 38804.500000000007 25968.500000000004 31645.746093750004 30284.000000000004 26458.000000000004 3.5000000000000004 39529.500000000007 371.55081176757818 35082.484375000007 1792.5000000000002 13444.500000000002 115.50000000000001 47648.500000000007 1.5000000000000002 25598.000000000004 41156.500000000007 1.5000000000000002 10.500000000000002 2452.5000000000005
decision_type=2 2 2 2 2 2 2 2 2 2 2 2 2 2 2 2 2 2 2 2 2 2 2 2 2 2 2 2 2 2
left_child=2 3 9 15 13 10 11 27 25 20 -6 -7 -10 14 -4 29 17 -17 -18 -8 22 -22 -1 24 -9 -3 -27 -5 -14 -2
right_child=1 8 4 7 5 6 19 23 12 -11 -12 -13 28 -15 -16 16 18 -19 -20 -21 21 -23 -24 -25 -26 26 -28 -29 -30 -31
leaf_value=-0.025214641229309245 0.0045482841846648031 0.00101981144135803 -0.010516591929203479 0.0031489324875013966 -0.0012383917606426805 -0.0071670209297615903 0.0014209283005080125 0.011039490127565041 0.014675216680538866 0.011519508982074005 0.044902277316752573 0.0020526789081417129 0.019443904367153857 -0.027415427083417779 0.083333314286760024 0.0075645711788630415 0.021500380850455036 -0.0045580990090029585 0.0057521822310506714 0.012952818254280175 -0.018742476043855948 -0.011446252087872715 4.0977569145873535e-05 0.031406097422722372 0.023928924002765903 0.021304308066850634 0.0052614388024879513 0.010130924645357635 0.02797010765789288 -0.003391549629093684
leaf_weight=403.39607441425323 3413.8735398799181 1895.1808388829231 6293.0784124284983 11834.659904822707 313.57335428893566 12788.380228161812 3739.3438928723335 5806.3911384791136 5187.474355712533 839.55998621881008 594.67618241906166 5174.0630095005035 5020.3239000290632 968.56013552844524 40.18691274523735 5984.8326795548201 1776.8662534952164 8766.7390470057726 2801.5013411045074 2982.6905542165041 9711.7777566313744 28871.242307469249 2131.2747886329889 728.26455095410347 1660.707303866744 2118.1792843192816 2001.9065986871719 6297.362396478653 4806.8956286758184 16071.402026176453
leaf_count=1930 13839 8442 28881 49462 1329 54979 15492 26774 27265 3536 2460 21604 26500 4524 180 24312 7489 35952 11725 12463 47389 136749 10115 4561 8565 10659 9465 29350 29325 65484
internal_value=7.13022e-06 0.00712767 -0.00819034 0.00381358 -0.00304484 -0.000420913 -0.00150241 0.00865164 0.0173934 -0.0122244 0.0289722 -0.0045113 0.020526 -0.0122416 -0.00992108 0.000532044 0.00308491 0.000360167 0.0118641 0.00653784 -0.0127092 -0.0132828 -0.00397849 0.0154612 0.0139061 0.0095743 0.0135092 0.00557382 0.0236144 -0.00200047
internal_weight=161024 86172.6 74851.8 65142.6 32894.6 25592.7 24684.5 26327.4 21030 41957.3 908.25 17962.4 15014.7 7301.83 6333.27 38815.2 19329.9 14751.6 4578.37 6722.03 41117.7 38583 2534.67 8195.36 7467.1 6015.27 4120.09 18132 9827.22 19485.3
internal_count=730800 389169 341631 277513 141912 108327 104538 118712 111656 199719 3789 76583 83090 33585 29061 158801 79478 60264 19214 27955 196183 184138 12045 39900 35339 28566 20124 78812 55825 79323
is_linear=0
shrinkage=0.05


Tree=33
num_leaves=31
num_cat=0
split_feature=2 0 9 2 5 13 4 4 8 0 8 9 4 7 7 7 9 8 8 0 3 3 4 8 8 8 7 5 2 8
split_gain=3406.07 1089.4 574.945 354.161 197.981 193.412 188.996 150.874 147.879 111.867 107.712 97.2945 92.8562 91.1915 127.091 109.021 91.0416 87.9837 86.4168 84.1127 150.546 99.5826 135.91 83.9898 167.039 91.3681 78.613 72.2872 72.1276 70.541
threshold=1.0000000180025095e-35 7.5000000000000009 1.0000000180025095e-35 1.5000000000000002 25225.750000000004 1.5000000000000002 44355.500000000007 47648.500000000007 39664.500000000007 15.500000000000002 40417.500000000007 1.0000000180025095e-35 47648.500000000007 1792.5000000000002 115.50000000000001 13444.500000000002 1.0000000180025095e-35 44318.500000000007 39681.500000000007 1.5000000000000002 47648.500000000007 47130.000000000007 46557.500000000007 41208.500000000007 25856.500000000004 42252.000000000007 42916.500000000007 36803.449218750007 4.5000000000000009 38861.500000000007
decision_type=2 2 2 2 2 2 2 2 2 2 2 2 2 2 2 2 2 2 2 2 2 2 2 2 2 2 2 2 2 2
left_child=2 3 6 7 16 8 13 11 -4 27 18 -2 23 14 -1 -15 -3 -12 -10 20 -8 22 -21 24 -5 -25 -17 29 -18 -6
right_child=1 4 5 12 9 -7 19 -9 10 -11 17 -13 -14 15 -16 26 28 -19 -20 21 -22 -23 -24 25 -26 -27 -28 -29 -30 -31
leaf_value=-0.026644280425300954 -0.0010205416754991293 -0.0052410337253750577 -0.0095288220121367839 0.0034100211640462211 0.028339095179516296 0.014985078813854559 -0.017707054736088062 0.016611567413559777 -0.0019248910242299689 0.028315961639927618 -0.0048883433291527015 0.0040799201399107331 0.029311893886394508 -0.016300931339734547 -0.00011668346391128641 -0.010226688313207562 0.0070046750003488444 0.0035278515697375712 0.042757926273223446 0.00027899401145123993 0.011103941090610421 0.037738077656793038 -0.015398551196911593 -0.0055857103178845319 0.015221230001544826 0.0072012527403891597 -0.024451930672467963 0.02274057690047606 0.019678521945797469 0.012300926402748564
leaf_weight=533.31267108023167 29066.724344700575 909.29877027869225 4852.5641621351242 4692.5815290957689 785.89135505259037 1830.9971063286066 2331.0535163879395 1527.5339172333479 181.32772223651409 3362.6691148281097 5532.1482777744532 13783.815416291356 544.93341226875782 13418.800989255309 2943.2821873426437 25474.974746450782 2821.6004433631897 7078.9873637855053 268.33857022225857 6669.7300154715776 562.90232813358307 152.9599793702364 1743.8509340584278 1762.8913207799196 8266.967217028141 6731.1108288615942 1009.7087826728821 4397.3224520087242 1864.3467974513769 5372.5299205183983
leaf_count=2562 116866 4114 21147 20558 4278 7726 11056 7864 746 20868 22893 57733 3238 64958 13903 121461 13822 29254 1108 29376 2412 624 7586 7915 38308 30604 4819 24265 10387 28349
internal_value=7.12551e-06 0.0067952 -0.00780986 0.00374201 0.0171808 -0.000493632 -0.0104439 0.00117057 -0.00207577 0.020374 0.000693307 0.000620134 0.00892942 -0.0119526 -0.00418604 -0.0126293 0.00923754 -0.000164095 0.0247396 -0.00473323 -0.012103 -0.00224356 -0.00297043 0.00841169 0.0109445 0.00454738 -0.010769 0.017844 0.0120471 0.0143476
internal_weight=160475 85890.2 74584.9 66376.6 19513.7 19744.4 54840.6 44378.1 17913.4 13918.4 13060.8 42850.5 21998.5 43380.1 3476.59 39903.5 5595.25 12611.1 449.666 11460.5 2893.96 8566.54 8413.58 21453.6 12959.5 8494 26484.7 10555.7 4685.95 6158.42
internal_count=730800 389169 341631 283086 106083 82874 258757 182463 75148 77760 54001 174599 100623 207703 16465 191238 28323 52147 1854 51054 13468 37586 36962 97385 58866 38519 126280 56892 24209 32627
is_linear=0
shrinkage=0.05


Tree=34
num_leaves=31
num_cat=0
split_feature=2 2 0 9 0 3 8 8 3 0 8 8 7 8 0 3 3 3 7 3 8 3 5 8 8 13 4 7 8 0
split_gain=3100.16 974.82 542.406 377.629 190.703 184.644 172.949 169.334 124.811 124.78 163.36 123.375 122.337 116.228 110.941 95.2861 145.003 148.858 144.607 99.8351 345.981 102.027 89.3347 88.859 150.836 88.5493 62.2713 60.3169 51.38 48.632
threshold=1.5000000000000002 1.0000000180025095e-35 3.5000000000000004 1.0000000180025095e-35 8.5000000000000018 39673.500000000007 44951.500000000007 47081.500000000007 40409.500000000007 3.5000000000000004 47648.500000000007 20015.500000000004 1792.5000000000002 47509.000000000007 6.5000000000000009 25904.500000000004 37629.500000000007 38755.500000000007 37571.500000000007 4769.5000000000009 7137.0000000000009 4737.5000000000009 33664.025390625007 41156.500000000007 25856.500000000004 1.5000000000000002 25281.000000000004 977.50000000000011 42080.500000000007 19.500000000000004
decision_type=2 2 2 2 2 2 2 2 2 2 2 2 2 2 2 2 2 2 2 2 2 2 2 2 2 2 2 2 2 2
left_child=1 2 7 23 26 25 15 11 -7 10 13 27 -13 -8 -10 19 18 -18 -17 21 -21 -3 29 24 -2 -4 -5 -1 -25 -6
right_child=3 6 5 4 22 8 9 -9 14 -11 -12 12 -14 -15 -16 16 17 -19 -20 20 -22 -23 -24 28 -26 -27 -28 -29 -30 -31
leaf_value=-0.0058393112639095841 -0.00065895183142645466 0.0020692987853822907 -0.0068474391977527711 0.0075525982988210441 0.0154497471740625 0.027118780801595733 -0.0028008770546185989 0.0056292494236459961 -0.00025664269925314845 0.013946386712906461 0.015804582589028178 0.0026383336537548156 -0.010023672196209737 -0.080110132553962002 0.01189831986083926 0.0052317515200125354 -0.028418741283310928 0.00046026059085497984 0.025151998556322681 -0.046264942979583147 -0.0032693924767609149 0.036385197082983926 0.026849524066979352 -0.0079047124861504527 0.0139638951255942 0.0097530988099134488 0.014828363790535235 -0.018376154556786942 0.0036838529339957393 0.025832375634446104
leaf_weight=1134.0217953771353 2574.0413475632668 3959.5339441895485 8287.9551881104708 4621.3283228874207 5405.3344127237797 580.6436642408371 3250.4783953428268 1692.2661548256874 6569.4193110913038 4397.8571922332048 1530.9506014585495 1993.3948342651129 44332.811173677444 49.355149134993553 2628.3184159249067 6094.1142851263285 460.01959858834743 14873.736160695553 1071.1865700930357 487.79248543083668 11468.718265965581 229.13696545362473 4249.2491070926189 1209.207797780633 5600.6230977326632 889.52258367836475 8087.2439170181751 6230.7714494168758 4576.3231371492147 1425.214248418808
leaf_count=5527 10888 16053 35570 21544 30153 2418 13222 7016 26943 19877 7930 9128 208701 202 11184 24925 1886 61225 4361 1970 46633 929 26074 5318 26176 3699 40497 31445 20501 8805
internal_value=7.0961e-06 -0.00386146 -0.00744499 0.0125317 0.0163627 -0.000144691 0.00170321 -0.00994365 0.00463604 0.00785297 0.00230563 -0.0104345 -0.00947883 -0.00395718 0.00321672 0.000234581 0.00233779 -0.000406123 0.00820976 -0.00269633 -0.00502349 0.00394651 0.0211572 0.00600353 0.00935945 -0.00523844 0.0121826 -0.0164457 0.00126178 0.0176161
internal_weight=159961 122212 74339.1 37748.6 23788.4 18955.9 47872.9 55383.3 9778.38 9228.64 4830.78 53691 46326.2 3299.83 9197.74 38644.2 22499.1 15333.8 7165.3 16145.2 11956.5 4188.67 11079.8 13960.2 8174.66 9177.48 12708.6 7364.79 5785.53 6830.55
internal_count=730800 540844 341631 189956 127073 79814 199213 261817 40545 41231 21354 254801 217829 13424 38127 157982 92397 63111 29286 65585 48603 16982 65032 62883 37064 39269 62041 36972 25819 38958
is_linear=0
shrinkage=0.05


Tree=35
num_leaves=31
num_cat=0
split_feature=2 2 0 13 8 8 0 9 3 8 8 8 9 7 5 7 0 8 8 8 8 5 7 0 4 7 7 5 1 4
split_gain=2813.52 883.34 507.736 355.65 261.441 288.942 183.216 167.605 164.661 152.658 141.981 126.294 115.351 99.7304 95.3257 125.272 94.8496 93.5057 78.3522 68.1002 80.8639 60.3838 58.8963 128.144 181.275 81.864 72.5443 98.6518 55.6145 55.2954
threshold=1.5000000000000002 1.0000000180025095e-35 2.5000000000000004 1.5000000000000002 39664.500000000007 40643.500000000007 5.5000000000000009 1.0000000180025095e-35 25598.000000000004 47648.500000000007 41156.500000000007 44354.500000000007 1.0000000180025095e-35 39606.500000000007 31645.746093750004 30284.000000000004 4.5000000000000009 44235.500000000007 37645.500000000007 20015.500000000004 37357.500000000007 21981.361328125004 25968.500000000004 3.5000000000000004 39529.500000000007 39606.500000000007 2988.5000000000005 8215.0625000000018 6.5000000000000009 47648.500000000007
decision_type=2 2 2 2 2 2 2 2 2 2 2 2 2 2 2 2 2 2 2 2 2 2 2 2 2 2 2 2 2 2
left_child=1 2 9 8 14 13 -7 22 -2 19 16 17 -12 -6 15 -4 18 -9 -10 -1 -21 -5 26 24 -24 -25 -3 -28 -14 -13
right_child=3 7 4 21 5 6 -8 11 10 -11 12 29 28 -15 -16 -17 -18 -19 -20 20 -22 -23 23 25 -26 -27 27 -29 -30 -31
leaf_value=-0.01590503311302293 0.0043380874333069112 0.0040158730129613461 -0.0091741928274305072 0.013934883766810114 0.014343133893874448 -0.0040382748602853444 0.0057450498550675267 0.0032707760656268425 0.017614027449700857 0.010390635341896435 0.0025783432495303654 0.010296698639622091 0.0096940884573441174 0.045234669478550614 -0.025582750015969137 0.078532155068470069 0.020807103446863713 -0.030450351378546139 0.0014255858333738973 -0.0056471585451572121 -0.011587580027929215 0.024363843419171218 0.0065156735462476778 0.0035937000920202356 -0.005218949814901795 0.022170928708969456 -0.017956161865305464 -0.0030630518250213141 0.019593079692623309 0.027754137616009023
leaf_weight=6490.4203234612942 10051.529180586338 3050.3343932330608 6226.9316819757223 1846.7082920372486 1084.0510591417551 17470.229426711798 6590.9424358606339 11463.917250350118 1549.406244173646 834.70250163972378 4765.9142539948225 4903.8114376217127 4546.5732913762331 344.23394185304642 951.86022129654884 40.980825811624527 5667.0356892943382 209.33051730692387 1444.0910860002041 7287.7774914205074 26779.490785062313 5587.3809011280537 5619.9279335290194 1278.2197118848562 7942.0397384464741 1106.2695337980986 1243.314486309886 10521.614330604672 2062.5610720813274 499.82799944281578
leaf_count=33053 46639 12240 28881 9670 4613 74776 27502 47972 7081 3536 21387 22672 23631 1436 4524 180 29746 873 6446 35740 127390 32977 22624 5215 32508 4485 5021 42391 12379 3212
internal_value=7.11102e-06 -0.003677 -0.00709629 0.0119801 -0.00244042 -6.13704e-05 -0.00135838 0.00161946 0.00956037 -0.0107755 0.0121803 0.0055916 0.00850765 0.0217884 -0.0108397 -0.00860075 0.0170041 0.00266607 0.00980457 -0.0112111 -0.0103168 0.0217732 -0.000585617 0.00152316 -0.000356253 0.0122125 -0.00285541 -0.00463695 0.0127833 0.0119115
internal_weight=159461 121940 74101.6 37521.2 32709.2 25489.5 24061.2 47838.6 30087.1 41392.4 20035.6 17076.9 11375 1428.29 7219.77 6267.91 8660.53 11673.2 2993.5 40557.7 34067.3 7434.09 30761.7 15946.5 13562 2384.49 14815.3 11764.9 6609.13 5403.64
internal_count=730800 540844 341631 189956 141912 108327 102278 199213 147309 199719 100670 74729 57397 6049 33585 29061 43273 48845 13527 196183 163130 42647 124484 64832 55132 9700 59652 47412 36010 25884
is_linear=0
shrinkage=0.05


Tree=36
num_leaves=31
num_cat=0
split_feature=2 2 9 13 4 13 8 2 5 8 0 8 8 7 3 8 0 4 8 0 3 6 0 4 8 13 8 9 5 5
split_gain=2552.81 800.422 480.165 329.445 165.967 159.322 155.999 153.399 125.269 123.028 171.129 139.316 102.004 93.1593 91.6811 99.1959 88.1046 84.5209 93.4652 78.4003 120.449 96.6444 70.9619 69.1486 66.7476 66.5238 63.8752 60.5422 57.3698 44.6828
threshold=1.5000000000000002 1.0000000180025095e-35 1.0000000180025095e-35 1.5000000000000002 44355.500000000007 1.5000000000000002 44318.500000000007 3.5000000000000004 27207.583007812504 37617.500000000007 3.5000000000000004 37571.500000000007 44235.500000000007 2243.5000000000005 25598.000000000004 38843.500000000007 4.5000000000000009 42953.500000000007 39664.500000000007 1.5000000000000002 47648.500000000007 9.772219657897951 11.500000000000002 25968.500000000004 9851.5000000000018 1.5000000000000002 41215.500000000007 9.5000000000000018 21981.361328125004 36105.099609375007
decision_type=2 2 2 2 2 2 2 2 2 2 2 2 2 2 2 2 2 2 2 2 2 2 2 2 2 2 2 2 2 2
left_child=1 2 4 7 17 8 12 14 13 11 -11 -10 25 -3 -2 -16 -17 18 -1 20 -6 -21 29 -9 -15 -4 -25 28 -5 -8
right_child=3 5 6 27 19 -7 22 23 9 10 -12 -13 -14 24 15 16 -18 -19 -20 21 -22 -23 -24 26 -26 -27 -28 -29 -30 -31
leaf_value=-0.012495623596979281 0.0024113334954637845 0.0047321708223407198 -0.0042789433956415398 0.013486793692061551 -0.016060807733569583 0.015091713321003614 -0.00053008522765563969 0.0086941747140692766 0.0060139002894739786 -0.0016698386200697736 0.0069995199908640757 0.027933893744537055 -0.042109253811388615 -0.012004793272313618 0.01711395931473168 0.0010539802763742734 0.010346195575261476 -0.021674494228163921 -0.0077297151843399225 0.010813130011070584 0.0098226932894486911 -0.003737798246781917 0.021547299400976036 0.02411347917069967 -0.002731946731773982 0.010040230963832282 0.013173716088978479 -0.074389808922150386 0.02370594694478587 0.0073326572735417095
leaf_weight=21090.494894236326 7427.9142434895039 3586.3618167191744 10620.91947799921 1830.5328385978937 2295.7627386152744 2074.6980473101139 3174.496753230691 2891.830582857132 3295.8636027276516 15139.942829400301 9122.0697464197874 929.24411603808403 170.81608693301678 2342.6801666468382 3137.2412092685699 3953.8819092214108 7189.2455447763205 1661.1941904872656 20083.065051242709 1357.4688486009836 558.88312268257141 7160.288946673274 620.82942669093609 2505.500737503171 11308.725822642446 878.17848066985607 2854.4532952010632 16.617949813604355 5499.4158405512571 4194.1691791415215
leaf_count=106271 33113 14589 45248 9648 11056 9882 13092 15374 13372 63062 39209 3795 723 9470 14723 17821 35485 8029 93403 6135 2412 31451 2823 14375 45834 3610 16418 99 32900 17378
internal_value=7.06387e-06 -0.00350147 -0.00676384 0.0114493 -0.00919156 0.00153999 -6.9854e-05 0.00912256 0.000925104 0.00296089 0.00158968 0.0108348 -0.00375514 -0.00243923 0.00691674 0.00926021 0.00704907 -0.0106171 -0.010171 -0.00382217 -0.0109933 -0.00141883 0.00531308 0.0149255 -0.00432323 -0.0031854 0.0182875 0.0209378 0.0211539 0.00394531
internal_weight=158973 121666 73866.6 37306.6 54207.2 47799.6 19659.4 29960.1 45724.9 28487.1 24262 4225.11 11669.9 17237.8 21708.3 14280.4 11143.1 42834.8 41173.6 11372.4 2854.65 8517.76 7989.5 8251.78 13651.4 11499.1 5359.95 7346.57 7329.95 7368.67
internal_count=730800 540844 341631 189956 258757 199213 82874 147309 189331 119438 102271 17167 49581 69893 101142 68029 53306 207703 199674 51054 13468 37586 33293 46167 55304 48858 30793 42647 42548 30470
is_linear=0
shrinkage=0.05


Tree=37
num_leaves=31
num_cat=0
split_feature=2 2 0 9 8 8 0 0 8 8 8 0 8 8 5 7 5 7 8 3 3 3 7 3 8 3 0 7 7 7
split_gain=2315.81 725.139 440.58 317.702 226.17 210.988 164.265 161.351 145.046 135.482 129.017 98.0429 144.621 105.461 86.2225 114.049 82.6684 76.8438 80.348 72.575 117.854 135.441 120.438 86.6415 297.551 97.7662 70.5564 69.4477 125.047 74.4375
threshold=1.5000000000000002 1.0000000180025095e-35 2.5000000000000004 1.0000000180025095e-35 39638.500000000007 40643.500000000007 8.5000000000000018 8.5000000000000018 44951.500000000007 39681.500000000007 47648.500000000007 3.5000000000000004 47648.500000000007 47509.000000000007 31818.500000000004 30284.000000000004 33664.025390625007 27760.500000000004 38843.500000000007 25904.500000000004 37629.500000000007 38755.500000000007 37571.500000000007 4769.5000000000009 7137.0000000000009 4737.5000000000009 4.5000000000000009 1792.5000000000002 13444.500000000002 115.50000000000001
decision_type=2 2 2 2 2 2 2 2 2 2 2 2 2 2 2 2 2 2 2 2 2 2 2 2 2 2 2 2 2 2
left_child=1 2 10 17 14 9 -5 -7 19 -6 27 12 13 -10 15 -4 -8 -2 -19 23 22 -22 -21 25 -25 -3 -20 29 -29 -1
right_child=3 8 4 6 5 7 16 -9 11 -11 -12 -13 -14 -15 -16 -17 -18 18 26 20 21 -23 -24 24 -26 -27 -28 28 -30 -31
leaf_value=-0.02225754856895315 0.0016734510902497277 0.0019162508883774554 -0.0086097319927709234 0.010618626576298973 -0.0027754648103402359 -0.0024955016086357232 0.015606330541753999 0.011288251382623548 -0.0025804774685594784 0.02729827340831481 0.0096059541099347348 0.012548186133758353 0.014984123998594015 -0.076439578689369958 -0.025000037913211506 0.07409625845554417 0.024641440343628172 0.019448592016497422 -0.00063393772462413912 0.0045464314443531099 -0.027204521898440116 0.00031311106587047865 0.022783394274591261 -0.042968237734264586 -0.0029828770590843694 0.035533379482438024 0.011797571841945013 -0.015819316080744616 -0.009168784819430665 0.0014994847595501983
leaf_weight=390.9249309450388 7818.5229310542345 3956.2325183451176 6016.7882099300623 12517.048040315509 564.03348071873188 21656.218193396926 6645.3813640773296 2353.9011122882366 3248.0274868160486 1114.4339150339365 831.1972581744194 4358.9748756438494 1514.8453332483768 49.060724645853043 854.78884896636009 41.973462119698524 4089.8006819933653 1448.8277568519115 2158.5298259556293 6082.7517130076885 461.04256618022919 14857.257317870855 1063.6160842180252 484.94613060355186 11463.645981043577 228.78234827518463 2422.1421429812908 9421.6200961917639 28294.159295290709 2106.0368196070194
leaf_count=1930 34953 16053 28121 62041 2489 92145 38958 10133 13222 4720 3536 19877 7930 202 4123 181 26074 6956 9173 24925 1886 61225 4361 1970 46633 929 11801 47389 136749 10115
internal_value=6.99053e-06 -0.00333371 -0.00644573 0.0109398 -0.00210654 5.39137e-05 0.0145105 -0.00114417 0.00146412 0.0171923 -0.00989245 0.00711644 0.002196 -0.0036795 -0.0101341 -0.00803677 0.0190485 0.00494429 0.00918562 0.000121139 0.0019585 -0.000515101 0.0072607 -0.00243723 -0.00460572 0.003754 0.00593953 -0.0102955 -0.0108301 -0.00221992
internal_weight=158516 121415 73646.1 37100.3 32602.1 25688.6 23252.2 24010.1 47769.2 1678.47 41043.9 9170.91 4811.93 3297.09 6913.55 6058.76 10735.2 13848 6029.5 38598.3 22464.7 15318.3 7146.37 16133.6 11948.6 4185.01 4580.67 40212.7 37715.8 2496.96
internal_count=730800 540844 341631 189956 141912 109487 127073 102278 199213 7209 199719 41231 21354 13424 32425 28302 65032 62883 27930 157982 92397 63111 29286 65585 48603 16982 20974 196183 184138 12045
is_linear=0
shrinkage=0.05


Tree=38
num_leaves=31
num_cat=0
split_feature=0 2 13 5 2 8 4 8 9 0 8 8 5 8 4 5 3 8 8 7 7 7 3 3 0 7 6 9 7 8
split_gain=2127.77 844.359 425.947 345.779 231.812 206.006 158.145 124.705 111.682 104.71 111.762 100.191 182.587 164.351 99.6337 86.8106 81.9119 81.7226 103.824 80.1511 110.469 104.409 75.1435 92.4737 88.318 71.2914 70.1751 66.0807 65.425 59.9478
threshold=4.5000000000000009 1.0000000180025095e-35 1.5000000000000002 36427.611328125007 1.5000000000000002 47648.500000000007 44355.500000000007 47509.000000000007 1.0000000180025095e-35 8.5000000000000018 40424.500000000007 39531.500000000007 27389.928710937504 39664.500000000007 44391.500000000007 25225.750000000004 39679.500000000007 41382.500000000007 25856.500000000004 1792.5000000000002 115.50000000000001 13444.500000000002 47130.000000000007 47139.500000000007 1.5000000000000002 44288.500000000007 10473.904785156252 9.5000000000000018 10770.000000000002 44389.500000000007
decision_type=2 2 2 2 2 2 2 2 2 2 2 2 2 2 2 2 2 2 2 2 2 2 2 2 2 2 2 2 2 2
left_child=1 6 3 4 26 7 8 11 19 10 16 12 -3 -13 29 -4 -5 18 -6 20 -1 -21 24 -24 -16 -12 -2 -17 -19 -8
right_child=2 5 15 9 17 -7 14 -9 -10 -11 25 13 -14 -15 22 27 -18 28 -20 21 -22 -23 23 -25 -26 -27 -28 -29 -30 -31
leaf_value=-0.024791143175145358 -0.0079023647886379677 -0.00056131087766722403 0.011274074926886535 0.015818761041933839 0.0011234593955542305 0.016979678977410134 0.0016396955475281229 -0.072378654936479922 -0.004373921311676938 0.019960787652829826 0.006171885820514234 -0.021495133019142899 0.0081942968401075185 -0.0010885773936258557 -0.014870169286110194 0.021550861075132086 0.04288333737460337 0.0069573658979370226 0.014049818444720015 -0.014872702938956163 0.0016058320575843919 -0.009077004663555056 0.04862557440436302 0.0031198811649417353 -0.0031462308415708424 0.018655354499068761 0.00036250092417669164 -0.0923408171855334 -0.0043690993003125955 0.025109192696867778
leaf_weight=468.54039746522903 3639.454334333539 16640.560394331813 3212.3013581037521 1034.739073202014 2111.0555843114853 1969.8136785626411 648.2347490042448 58.687665522098541 10182.597091540694 3608.1879186928272 7681.54298825562 1044.5630655288696 9272.2209502309561 17804.091321974993 1971.6005568802357 6467.2553358078003 383.0618938356638 3379.7550838440657 5880.5588550567627 11383.961451753974 2572.1871517151594 24483.743167683482 130.72341601550579 764.82964406907558 8671.2077920734882 1343.7539323121309 8726.7051551192999 12.761053740978239 2047.2448869198561 468.897177323699
leaf_count=2342 15401 68257 16737 5261 9735 10765 2909 244 43628 20604 34376 4290 38874 73226 9712 37252 1833 17580 30174 57692 12435 120014 526 3267 38109 6176 36849 75 10392 2065
internal_value=6.8563e-06 -0.00391195 0.00859452 0.00630736 0.00286856 0.00115417 -0.00775093 0.000458654 -0.00903571 0.0126177 0.0100806 0.000554152 0.00257166 -0.00221948 -0.00276721 0.0179949 0.0231311 0.0074197 0.0106352 -0.0102557 -0.00246163 -0.0109165 -0.00414764 0.00976232 -0.00531811 0.00803052 -0.00206991 0.0213266 0.00268465 0.0114906
internal_weight=158065 108536 49528.4 39836.1 25784.8 46789.9 61746.5 44820.1 49091 14051.3 10443.1 44761.4 25912.8 18848.7 12655.5 9692.32 1417.8 13418.6 7991.61 38908.4 3040.73 35867.7 11538.4 895.553 10642.8 9025.3 12366.2 6480.02 5427 1117.13
internal_count=730800 488355 242445 188381 120131 195656 292699 184891 236111 68250 47646 184647 107131 77516 56588 54064 7094 67881 39909 192483 14777 177706 51614 3793 47821 40552 52250 37327 27972 4974
is_linear=0
shrinkage=0.05


Tree=39
num_leaves=31
num_cat=0
split_feature=2 9 2 9 13 4 0 4 4 5 4 4 10 5 8 5 3 0 3 6 6 5 4 4 8 0 6 6 7 0
split_gain=1929.67 610.029 423.789 281.232 202.104 183.564 144.195 133.035 102.98 87.6878 78.6107 79.684 74.6841 74.5894 67.6247 110.336 66.9832 66.0653 96.1131 88.4889 62.8254 60.2952 58.4045 56.8223 49.1456 45.5329 41.3156 41.1651 40.6782 106.472
threshold=1.5000000000000002 1.0000000180025095e-35 1.0000000180025095e-35 1.0000000180025095e-35 1.5000000000000002 44355.500000000007 8.5000000000000018 44355.500000000007 42953.500000000007 27995.549804687504 42953.500000000007 25904.000000000004 1.3541666865348818 33664.025390625007 41208.500000000007 26533.549804687504 47130.000000000007 1.5000000000000002 47648.500000000007 9.772219657897951 0.4615792334079743 25049.833007812504 47648.500000000007 44391.500000000007 42080.500000000007 19.500000000000004 1263.6015625000002 9412.3906250000018 25968.500000000004 3.5000000000000004
decision_type=2 2 2 2 2 2 2 2 2 2 2 2 2 2 2 2 2 2 2 2 2 2 2 2 2 2 2 2 2 2
left_child=1 2 7 14 5 8 22 10 9 -3 11 -1 21 25 15 -2 23 18 -9 -19 -17 -6 -5 -7 -16 -8 -22 -26 -4 -30
right_child=3 4 28 6 12 16 13 17 -10 -11 -12 -13 -14 -15 24 20 -18 19 -20 -21 26 -23 -24 -25 27 -27 -28 -29 29 -31
leaf_value=-0.011403631636689497 0.0013277211269876366 -0.0032645345600658426 -0.0025840066226943338 0.0092105905152556795 0.0058428077709598448 0.022602004197683753 0.012330711061498731 -0.014461421046138019 -0.016005774430276173 0.0026097352652248371 -0.020101365845007525 -0.0069480655182671746 7.675873184102154e-05 0.023134485315413244 -0.0089956196154317974 0.0031406321077336445 0.024873578085118312 0.010654305639201373 0.0087529851163239674 -0.0032715686627390293 0.022632494494873451 0.021413012834356746 0.030233042809013112 0.0055091156146436669 0.0061944210326271487 0.022641035760584145 0.010897946978417842 -0.0036809393927063785 -0.00065643913658422644 0.010817537728712523
leaf_weight=17991.080371916294 3929.4396513402462 11721.006918936968 14803.057973638177 12074.719717592001 877.93664605915546 539.36104944348335 5193.6013740152121 2260.5579399615526 1057.0737439543009 13871.217101052403 1634.6471077948809 22690.687403649092 848.8312506377697 3984.0136572271585 1152.6297284811735 1162.4722338914871 593.82985754311085 1357.7938482016325 555.41953843832016 7135.6748792976141 1517.4643730521202 2131.0106484293938 339.67847411334515 4934.3920480012894 2871.6231374889612 1348.9626814574003 1483.3398682177067 1668.3634829521179 13534.55250890553 2376.9184816926718
leaf_count=90073 16992 49460 59652 59694 3832 2291 30153 11056 4451 59004 8029 109601 3753 26074 5088 5327 3651 6135 2412 31451 7616 10023 2347 21138 12993 8805 7359 7508 55132 9700
internal_value=6.78981e-06 -0.00304198 -0.00538069 0.0100443 0.00235105 0.00107476 0.013436 -0.00806302 -0.000712316 -8.06271e-05 -0.00935048 -0.00891849 0.013175 0.0177409 0.00440002 0.00733715 0.00892373 -0.00324576 -0.00988264 -0.00104533 0.013009 0.01687 0.0097858 0.00719338 0.00022455 0.0144565 0.0168319 0.0025654 -0.000697501 0.00105759
internal_weight=157641 120915 84340.4 36726.3 36574.7 32716.9 22941 53625.9 26649.3 25592.2 42316.4 40681.8 3857.78 10526.6 13785.3 8092.72 6067.58 11309.4 2815.98 8493.47 4163.28 3008.95 12414.4 5473.75 5692.62 6542.56 3000.8 4539.99 30714.5 15911.5
internal_count=730800 540844 383241 189956 157603 139995 127073 258757 112915 108464 207703 199674 17608 65032 62883 37294 27080 51054 13468 37586 20302 13855 62041 23429 25589 38958 14975 20501 124484 64832
is_linear=0
shrinkage=0.05


Tree=40
num_leaves=31
num_cat=0
split_feature=0 2 2 3 8 3 4 0 8 13 7 7 7 3 3 8 8 8 3 8 8 4 7 2 4 3 3 4 13 0
split_gain=1782.01 702.173 370.689 244.072 178.154 158.634 130.149 114.443 113.925 104.614 103.192 124.519 109.605 98.8986 160.427 94.0759 159.846 148.05 90.2409 89.0101 125.498 85.4922 78.3694 75.6997 71.6449 64.2167 83.4611 81.2472 57.3826 55.3514
threshold=4.5000000000000009 1.0000000180025095e-35 2.5000000000000004 39673.500000000007 47648.500000000007 40409.500000000007 44355.500000000007 15.500000000000002 47509.000000000007 1.5000000000000002 1792.5000000000002 115.50000000000001 13444.500000000002 44355.500000000007 42938.500000000007 39531.500000000007 20015.500000000004 39664.500000000007 44383.500000000007 44391.500000000007 44389.500000000007 25968.500000000004 43129.000000000007 1.5000000000000002 38837.500000000007 47130.000000000007 47139.500000000007 46557.500000000007 5.5000000000000009 2.5000000000000004
decision_type=2 2 2 2 2 2 2 2 2 2 2 2 2 2 2 2 2 2 2 2 2 2 2 2 2 2 2 2 2 2
left_child=1 6 3 9 8 -5 10 21 15 23 11 -1 -12 14 -7 16 -3 -17 -15 20 29 -4 -14 -2 -23 27 -27 -21 -11 -8
right_child=2 4 7 5 -6 13 19 -9 -10 28 12 -13 22 18 -16 17 -18 -19 -20 25 -22 24 -24 -25 -26 26 -28 -29 -30 -31
leaf_value=-0.021427131496751239 -0.0038729161916414138 -0.0025233101880162024 0.006767475340673213 0.028816313006772024 0.015865922302730821 0.0062299252316796085 -0.0084662238589360821 0.021898144074720266 -0.069459177031711936 0.010211683755530179 -0.012465220954838164 0.0031029175446304993 -0.0068668129366247447 0.030516797324511194 -0.01847496446339553 -0.020487667813995303 0.005550448736424283 -0.0011288759595640425 0.010234141593826431 -0.0024089817846372355 0.044173723297228296 0.020290492447497813 -0.0262286486184998 0.0041779596911941793 0.011254156328079601 0.045948038472442526 0.0028148132887411076 -0.012660963365049148 -0.091078756592652105 0.023000753406512964
leaf_weight=609.53055319190025 9483.8687030673027 9970.5332704037428 5603.9162386804819 967.54970322549343 1941.0987545847893 5742.2122659981251 444.536860242486 3334.5268896818161 58.29440937936306 2527.1386995613575 14883.605849325657 3420.6503982245922 29302.171580210328 599.34021855890751 742.04996261000633 1045.6568276286125 15916.997936323285 17795.531429126859 6451.5973765105009 8328.3939202427864 233.53691790997982 3459.9510410279036 532.12005822360516 4218.5001482665539 5992.7666820138693 131.38307124376297 766.11891815066338 2516.5007471591234 14.060257613658903 203.83231762051582
leaf_count=2988 40046 40817 28987 4403 10765 25584 2060 22780 244 12253 73374 16122 140991 2760 3288 4290 66314 73226 29627 37530 1040 19574 2636 19389 33683 528 3281 11300 71 849
internal_value=6.77178e-06 -0.00358194 0.00790179 0.00454305 0.00103629 0.00925769 -0.0070982 0.0135169 0.000393566 0.000333686 -0.00826993 -0.000607044 -0.00896055 0.00785956 0.00340273 0.000484604 0.00244086 -0.00220326 0.0119582 -0.00257361 0.0127462 0.0116608 -0.00721215 -0.00139432 0.0145617 -0.0037242 0.00912898 -0.0047879 0.00965125 0.00142627
internal_weight=157238 108100 49137.5 30746.3 46728.1 14502.7 61372.4 18391.2 44787 16243.6 48748.1 4030.18 44717.9 13535.2 6484.26 44728.7 25887.5 18841.2 7050.94 12624.3 881.906 15056.6 29834.3 13702.4 9452.72 11742.4 897.502 10844.9 2541.2 648.369
internal_count=730800 488355 242445 137421 195656 65662 292699 105024 184891 71759 236111 19110 217001 61259 28872 184647 107131 77516 32387 56588 3949 82244 143627 59435 53257 52639 3809 48830 12324 2909
is_linear=0
shrinkage=0.05


Tree=41
num_leaves=31
num_cat=0
split_feature=0 2 13 5 2 8 0 6 8 8 0 6 8 5 8 5 8 8 9 1 13 3 5 7 7 7 7 6 9 10
split_gain=1613.98 636.137 346.86 289.173 166.801 162.216 130.687 148.199 103.652 101.453 97.34 99.9456 84.925 149.488 133.388 76.9016 74.5366 88.26 63.1007 61.3674 59.3494 56.7905 66.2468 56.6331 95.2805 56.2361 53.4455 52.7755 52.0686 45.7141
threshold=4.5000000000000009 1.0000000180025095e-35 1.5000000000000002 35755.308593750007 1.5000000000000002 47648.500000000007 2.5000000000000004 504.04238891601568 47509.000000000007 47648.500000000007 8.5000000000000018 695.80307006835949 39531.500000000007 27389.928710937504 39664.500000000007 25225.750000000004 41382.500000000007 25856.500000000004 1.0000000180025095e-35 18.500000000000004 6.5000000000000009 28125.500000000004 40661.125000000007 1792.5000000000002 13444.500000000002 115.50000000000001 10688.500000000002 10473.904785156252 1.0000000180025095e-35 1.3541666865348818
decision_type=2 2 2 2 2 2 2 2 2 2 2 2 2 2 2 2 2 2 2 2 2 2 2 2 2 2 2 2 2 2
left_child=1 6 3 4 19 8 9 21 12 23 11 -5 13 -3 -14 -4 17 -6 -9 27 29 -8 -23 25 -25 -1 -18 -2 -7 -17
right_child=2 5 15 10 16 28 7 18 -10 -11 -12 -13 14 -15 -16 20 26 -19 -20 -21 -22 22 -24 24 -26 -27 -28 -29 -30 -31
leaf_value=-0.019221258305812765 -0.0080045592144112176 -0.00051301496088416228 0.0097680167041291985 0.016212144700799517 0.00045073723877579275 0.0086995939444749638 -0.011400691377422792 -0.0074076969271792475 -0.06651491189453905 0.0089110601176784054 0.017818387516504521 0.0056180279193936257 -0.01943534358999387 0.0074181795119440831 -0.001072336856272205 0.021738201526875733 0.0053371389787055731 0.01246507324888794 -0.0012031147946723866 0.021952770301280868 -0.080930613124681264 0.023826214523582977 0.0050222530767864461 -0.013679285048227333 -0.00781441023014884 0.0017282080464319869 -0.0052755944771633997 -0.0005338812695547064 0.025600885109162686 0.011229665568354238
leaf_weight=377.93122567236423 3318.9002631157637 16632.669802978635 3162.2494215220213 3092.9955128133297 2100.2065354734659 1186.0760311335325 360.98446488380432 11584.32987627387 57.842335015535355 827.34067642688751 3852.021249845624 7944.4396301656961 1047.1205647289753 9242.5648740231991 17797.070166021585 4985.6714377403259 3195.4508484303951 5616.9118501543999 6340.7276607006788 258.43954747915268 14.728130429983137 629.60045067965984 1829.2533724606037 9207.2807390838861 27938.865237548947 2102.1160198897123 1886.7617025822401 8216.7794179171324 740.01441591978073 1306.0174296945333
leaf_count=1930 14046 68257 16737 15009 9735 5622 1755 54326 244 3536 22503 35678 4290 38874 73226 29621 16780 29223 26477 1153 88 2786 7636 47389 136749 10115 9603 34651 5143 7618
internal_value=6.66967e-06 -0.00340951 0.00753681 0.00547569 0.00214622 0.000985167 -0.0067633 -0.00353674 0.000374012 -0.0084179 0.0109751 0.00858679 0.000460529 0.00231999 -0.00209272 0.0161314 0.00609896 0.00919538 -0.00521292 -0.00214341 0.0193222 0.00711831 0.00983709 -0.0087797 -0.00926812 -0.00146425 0.00139718 -0.00268325 0.0151932 0.0195569
internal_weight=156853 107902 48951.6 39482.9 24593.5 46703.4 61198.4 20744.9 44777.3 40453.5 14889.5 11037.4 44719.4 25875.2 18844.2 9468.67 12799.3 7717.12 17925.1 11794.1 6306.42 2819.84 2458.85 39626.2 37146.1 2480.05 5082.21 11535.7 1926.09 6291.69
internal_count=730800 488355 242445 188381 115191 195656 292699 92980 184891 199719 73190 50687 184647 107131 77516 54064 65341 38958 80803 49850 37327 12177 10422 196183 184138 12045 26383 48697 10765 37239
is_linear=0
shrinkage=0.05


Tree=42
num_leaves=31
num_cat=0
split_feature=2 9 2 9 8 8 0 4 8 8 3 1 5 4 4 8 5 0 6 3 4 6 8 3 8 13 8 6 4 3
split_gain=1471.21 497.586 311.671 240.691 164.3 120.733 118.971 106.091 90.37 259.767 74.9669 83.4585 71.1248 69.3892 67.7035 60.4531 92.1927 60.2076 79.6806 78.9747 54.4022 54.0359 53.674 53.1411 44.062 41.437 40.8976 38.5253 38.1192 36.8789
threshold=1.5000000000000002 1.0000000180025095e-35 1.0000000180025095e-35 1.0000000180025095e-35 44366.500000000007 42944.000000000007 10.500000000000002 44355.500000000007 39681.500000000007 40417.500000000007 47130.000000000007 11.500000000000002 22169.099609375004 42953.500000000007 25904.000000000004 41208.500000000007 26533.549804687504 1.5000000000000002 9.772219657897951 47648.500000000007 25767.500000000004 0.4615792334079743 44391.500000000007 37629.500000000007 42080.500000000007 1.5000000000000002 41382.500000000007 1263.6015625000002 44935.000000000007 2474.5000000000005
decision_type=2 2 2 2 2 2 2 2 2 2 2 2 2 2 2 2 2 2 2 2 2 2 2 2 2 2 2 2 2 2
left_child=1 2 7 15 5 8 20 13 23 -10 11 22 -8 14 -1 16 -2 19 -19 -9 -5 -18 -6 -3 -17 -22 -14 -23 -28 -4
right_child=3 4 29 6 10 -7 12 17 9 -11 -12 -13 26 -15 -16 24 21 18 -20 -21 25 27 -24 -25 -26 -27 28 -29 -30 -31
leaf_value=-0.010152108943251499 0.00091914002914022716 -0.00047720817299876008 0.0063730388463909609 0.005625902294149698 0.017542974108851469 -0.011140492603746409 0.0076709989669010133 -0.01333821854415791 0.039668679576976618 0.0026163018791059323 0.021124629232692791 0.019227762352902186 0.026556920724231922 -0.018441973327427735 -0.0060226292581433876 -0.0090740250464884757 0.0024779782270481655 0.010412351024189304 -0.0028046382601252819 0.0077773702583883546 0.010121481789811496 0.020897716354757252 0.0035330638091691708 -0.0094473029827448138 0.0018852132610634811 0.018374025817519721 0.015016887871491519 0.0094694984065458506 0.027403379501158894 -0.0011842816611743311
leaf_weight=17762.294997289777 3918.7217709124088 9937.13643707335 1709.535442173481 5731.5470751971006 732.11408525705338 2303.6904149800539 1557.5050653666258 2235.7283186614513 500.00810025632381 8768.2749508619308 847.01938939094543 1047.3873192071915 1583.4094171226025 1606.277179852128 22497.371586561203 1150.9317601174116 1156.0745603889227 1358.1976129412651 7108.5779908001423 552.18040949106216 7406.6160302460194 1487.2827468961477 10327.33708705008 1980.1181099563837 4515.3711181133986 1914.1963844299316 3579.1897354274988 1462.6970580071211 751.5642314106226 28976.038370683789
leaf_count=90073 16992 42271 6845 28072 3124 9727 9040 11056 2121 36992 4878 5356 10692 8029 109601 5088 5327 6135 31451 2412 39119 7616 44688 8446 20501 10891 24077 7359 5182 117639
internal_value=6.60309e-06 -0.00265414 -0.0047751 0.00884138 0.00222332 -0.000269825 0.0120194 -0.00709258 0.000912238 0.00461521 0.00674413 0.00573804 0.0171771 -0.00825112 -0.00784453 0.0036131 0.00640496 -0.00278294 -0.000684435 -0.00915601 0.00945915 0.0116405 0.00446049 -0.00196764 -0.000340812 0.0118163 0.0196806 0.0152312 0.0171665 -0.000763253
internal_weight=156464 120249 83806.2 36215.1 36443.1 23489.2 22524 53120.6 21185.5 9268.28 12953.9 12106.8 7471.67 41865.9 40259.7 13691.1 8024.78 11254.7 8466.78 2787.91 15052.4 4106.05 11059.5 11917.3 5666.3 9320.81 5914.16 2949.98 4330.75 30685.6
internal_count=730800 540844 383241 189956 157603 99557 127073 258757 89830 39113 58046 53168 48991 207703 199674 62883 37294 51054 37586 13468 78082 20302 47812 50717 25589 50010 39951 14975 29259 124484
is_linear=0
shrinkage=0.05


Tree=43
num_leaves=31
num_cat=0
split_feature=0 2 0 7 5 8 13 0 7 8 8 8 2 3 8 8 8 0 9 7 7 7 5 8 8 3 4 7 7 7
split_gain=1352.32 529.974 299.531 247.547 162.252 142.861 135.219 114.021 132.073 103.8 107.315 95.0163 92.0536 85.6408 77.4069 136.524 119.311 71.1367 67.8746 63.6078 58.123 57.6175 56.9384 56.3929 54.4914 64.3984 56.1656 68.3575 53.9081 81.5762
threshold=4.5000000000000009 1.0000000180025095e-35 10.500000000000002 37278.500000000007 22169.099609375004 47648.500000000007 1.5000000000000002 2.5000000000000004 38804.500000000007 40733.500000000007 39664.500000000007 47509.000000000007 1.5000000000000002 46831.000000000007 39531.500000000007 20015.500000000004 39664.500000000007 19.500000000000004 9.5000000000000018 2243.5000000000005 115.50000000000001 115.50000000000001 30742.761718750004 41252.500000000007 40643.500000000007 39679.500000000007 44355.500000000007 43129.000000000007 1792.5000000000002 13444.500000000002
decision_type=2 2 2 2 2 2 2 2 2 2 2 2 2 2 2 2 2 2 2 2 2 2 2 2 2 2 2 2 2 2
left_child=1 7 3 6 -4 11 12 13 19 10 -10 14 22 28 15 -3 -16 -6 -19 20 -9 -14 -2 -11 25 -5 27 -26 -1 -30
right_child=2 5 4 24 17 -7 -8 8 9 23 -12 -13 21 -15 16 -17 -18 18 -20 -21 -22 -23 -24 -25 26 -27 -28 -29 29 -31
leaf_value=-0.0010343055991682477 -0.0044156355270067865 -0.0024108512709915906 0.0017101529396833298 0.015240638546914188 0.014473611357579595 0.014309722254852233 0.01131894530026188 -0.020158175310351408 -0.033120238145946633 -0.025520780090379797 0.035276596318303197 -0.064047421845196767 -0.021338369581721407 0.0044139083836340917 -0.018433533890519667 0.0050539465089908496 -0.0010726640834064769 0.025292163281256781 -0.12062911881375563 -0.0066175177865438698 0.0058732185213637858 0.0052351579394213149 0.0018708854003348799 0.0027881435887698327 0.0080587084500639509 0.039631115217503107 0.016526001794524309 -0.03163349424615329 -0.012771830790632053 -0.0073025980050228688
leaf_weight=2466.9153602272272 7099.4743762165308 9969.1112989485264 2152.7755151987076 951.45118103921413 6930.2665419131517 1901.6016422659159 3998.00354193151 243.1184846162796 66.41283330321312 183.65036119520664 420.23206080496311 57.265280902385712 207.70582735538483 1397.0426745712757 1047.943526044488 15884.868242636323 17788.580714613199 2207.8083994090557 7.9979828894138327 13766.601522296667 1817.4318405985832 11384.071624428034 7310.9839280247688 4179.9893957674503 3269.0017185509205 378.20523656904697 2590.3889183700085 112.19440898299217 9096.3025649935007 27219.848522111773
leaf_count=12034 29774 40817 11765 5156 42091 10765 20433 1138 328 825 1766 244 977 6051 4290 66314 73226 14626 44 63004 8271 55847 31168 17648 15637 1950 12432 545 47305 134329
internal_value=6.55967e-06 -0.0031224 0.00692802 0.00476766 0.0140601 0.00088731 0.00275824 -0.00619598 -0.00317908 0.0040394 0.0259424 0.000316911 0.00144198 -0.00774854 0.000399386 0.00217557 -0.00203851 0.016967 0.0247655 -0.0053912 0.00280185 0.004759 -0.00122624 0.00159672 0.0130242 0.0221782 0.010986 0.00674165 -0.00818666 -0.00867251
internal_weight=156107 107507 48600.3 37301.5 11298.8 46649.4 30000.2 60857.5 20677.4 4850.28 486.645 44747.8 26002.2 40180.1 44690.5 25854 18836.5 9146.07 2215.81 15827.2 2060.55 11591.8 14410.5 4363.64 7301.24 1329.66 5971.59 3381.2 38783.1 36316.2
internal_count=730800 488355 242445 173919 68526 195656 138199 292699 92980 20567 2094 184891 117766 199719 184647 107131 77516 56761 14670 72413 9409 56824 60942 18473 35720 7106 28614 16182 193668 181634
is_linear=0
shrinkage=0.05


Tree=44
num_leaves=31
num_cat=0
split_feature=2 9 2 13 8 8 3 8 1 4 4 4 8 5 5 13 8 3 3 3 7 7 5 4 4 10 7 7 4 5
split_gain=1224.98 428.858 254.004 216.55 142.482 207.519 99.3114 110.045 120.533 92.0524 288.442 190.158 102.916 70.4575 68.9658 68.1329 75.128 67.9747 134.598 97.8183 60.9697 58.6181 51.1998 46.0514 45.5403 41.6744 38.5481 70.8357 39.189 34.7884
threshold=1.5000000000000002 1.0000000180025095e-35 1.0000000180025095e-35 1.5000000000000002 44318.500000000007 44235.500000000007 25598.000000000004 38843.500000000007 3.5000000000000004 39653.500000000007 40425.500000000007 39680.500000000007 41685.000000000007 47104.666015625007 37305.166015625007 1.5000000000000002 47648.500000000007 39637.500000000007 40715.500000000007 39623.500000000007 2243.5000000000005 156.50000000000003 31320.659179687504 12731.500000000002 24981.000000000004 1.055555582046509 2243.5000000000005 115.50000000000001 25281.000000000004 2478.416625976563
decision_type=2 2 2 2 2 2 2 2 2 2 2 2 2 2 2 2 2 2 2 2 2 2 2 2 2 2 2 2 2 2
left_child=1 2 9 6 5 17 26 -8 13 20 11 -11 -12 -9 -10 16 22 19 -19 -3 21 -1 -6 -22 -5 -17 27 -2 -28 -4
right_child=3 4 29 24 15 -7 7 8 14 10 12 -13 -14 -15 -16 25 -18 18 -20 -21 23 -23 -24 -25 -26 -27 28 -29 -30 -31
leaf_value=-0.016910264971072755 -0.01589443110319563 -0.0010874189442546334 0.0076485101898901651 0.011053644904017508 -0.0025099351125509261 -0.040451150652827145 0.015607217354926926 0.00075886251705957019 0.0066673809214818323 -0.0044470994782717706 -0.014808421683867999 0.028632626099356469 -0.0043981876887427603 0.020365180652616249 0.016413430727631451 0.019507994391820507 0.021259434357325802 0.015965563417413738 9.7751846537233222e-05 -0.044485525434753419 -0.012687225499015088 0.00058735618751347494 0.0057073023339383501 -0.007916338223756066 0.019403669985115907 0.0010277591781036291 -0.0021445243974206741 0.011012078053504128 0.005490943551197741 -0.0011123305199843402
leaf_weight=569.15162248909473 277.94089451432228 16094.090256243944 1178.4140660613775 2694.777251124382 2451.3187165856361 316.71477557718754 4079.0144869834185 7256.7508681714535 4153.1135641038418 734.55119909346104 2727.754592821002 1063.3333819657564 18312.978381961584 489.10529543459415 3224.4503129869699 1371.5086989700794 656.92407980561256 1863.2249937802553 4726.744013145566 130.8990153670311 6821.1376590579748 3009.957428380847 8362.5029664188623 19569.199096769094 4143.9079067409039 392.33408524096012 5016.7519498020411 2039.8818769454956 2526.9324195384979 29493.455580115318
leaf_count=2894 1297 68378 4714 15924 10410 1339 20933 34100 23531 3415 13492 4711 85624 2990 19116 6832 4101 7932 19964 556 35602 14698 36225 98321 26723 1866 22967 9753 12622 119770
internal_value=6.47126e-06 -0.00242054 -0.00439466 0.00810806 0.00211111 -0.000256191 0.00622444 0.00831896 0.00635321 -0.00649659 -0.00410525 0.0151174 -0.00574779 0.00199689 0.010927 0.00624871 0.00484193 0.000301791 0.00458416 -0.00143754 -0.00831895 -0.00219512 0.00384459 -0.00914947 0.0161134 0.0153974 0.00214595 0.00778559 0.000413153 -0.000775739
internal_weight=155749 119846 83479.9 35902.6 36366.3 23131.7 29063.9 19202.4 15123.4 52808.1 22838.6 1797.88 21040.7 7745.86 7377.56 13234.6 11470.7 22815 6589.97 16225 29969.4 3579.11 10813.8 26390.3 6838.69 1763.84 9861.51 2317.82 7543.68 30671.9
internal_count=730800 540844 383241 189956 157603 98169 147309 100670 79737 258757 107242 8126 99116 37090 42647 59434 50736 96830 27896 68934 151515 17592 46635 133923 42647 8698 46639 11050 35589 124484
is_linear=0
shrinkage=0.05


Tree=45
num_leaves=31
num_cat=0
split_feature=0 2 2 5 8 8 7 7 6 0 8 3 3 0 9 8 8 8 1 13 2 8 7 8 2 7 8 9 7 7
split_gain=1133.14 441.009 264.078 204.742 122.887 100.372 112.618 111.863 93.0007 119.775 87.0863 84.3614 160.176 93.1167 77.8331 71.9819 205.88 104.057 71.6856 71.583 60.0922 76.8795 55.7474 53.2753 50.0872 42.7748 42.7593 41.5838 39.1777 38.6218
threshold=4.5000000000000009 1.0000000180025095e-35 3.5000000000000004 30742.761718750004 47648.500000000007 20015.500000000004 1792.5000000000002 115.50000000000001 567.83541870117199 2.5000000000000004 47509.000000000007 39679.500000000007 39681.500000000007 7.5000000000000009 1.0000000180025095e-35 41131.500000000007 42252.000000000007 20015.500000000004 6.5000000000000009 1.5000000000000002 1.5000000000000002 41685.000000000007 27760.500000000004 25503.500000000004 1.5000000000000002 51.500000000000007 2242.5000000000005 1.0000000180025095e-35 115.50000000000001 1662.5000000000002
decision_type=2 2 2 2 2 2 2 2 2 2 2 2 2 2 2 2 2 2 2 2 2 2 2 2 2 2 2 2 2 2
left_child=1 5 3 19 10 26 7 -7 9 -8 15 20 -13 -14 -10 17 -17 -3 22 24 21 -5 28 -20 25 -2 -1 -6 -4 -9
right_child=2 4 18 11 27 6 8 29 14 -11 -12 12 13 -15 -16 16 -18 -19 23 -21 -22 -23 -24 -25 -26 -27 -28 -29 -30 -31
leaf_value=-0.00034345556086042028 0.033696429849211458 -0.0023041727836963701 -0.022711271956487013 -0.010973453989416593 0.0075729017051393349 -0.019683917068252427 -0.0042911490450362457 0.0082507838914834524 -0.0085048791342464385 0.0070327317066193346 -0.061697309570052622 0.03361952126824258 0.0056766688310717801 0.014822065519366545 -0.0030101366017571221 -0.012287171028806268 0.00092520646483086198 0.0040066162558089584 -0.020029633928595515 0.0071088684402443054 0.0086308716348053212 0.0039323953188868353 0.015905367301807187 0.019220310289558271 0.0022015246943332856 -0.0042806899430974273 -0.01259129333219694 0.022949694762467061 0.007498580440323848 0.041626816190307864
leaf_weight=802.21942709386349 74.857905358076096 9969.004169434309 109.92003743350506 1249.9566692858934 1174.4745617210865 382.26753695309162 15229.433791100979 2101.8798287510872 23987.29837103188 2758.0403133481741 56.624156653881073 685.61230108141899 8169.2553719580173 4221.6641923040152 8812.5080472975969 3928.2718678563833 11820.759221494198 18945.879538655281 88.377926930785179 3089.7920237481594 3049.2908263206482 2809.1002937853336 2619.235747769475 3972.453180924058 5813.6124329268932 7788.6106741279364 6379.5119694322348 702.76264362037182 4537.4448485225439 90.404828295111656
leaf_count=4111 317 40817 589 5346 5622 1857 74993 9541 118542 11837 244 3349 36255 22678 37474 16113 48727 78990 509 15815 16133 12253 15968 27671 27458 32786 33935 5143 25318 409
internal_value=6.34225e-06 -0.00285954 0.00636633 0.00431892 0.000796962 -0.0056738 -0.00492693 0.00527505 -0.0054441 -0.00255485 0.000270889 0.00771102 0.0100943 0.00879256 -0.00702858 0.000349451 -0.00237035 0.00183084 0.0130453 0.000235318 0.00332682 -0.000657751 0.0100718 0.0183661 -0.00131749 -0.00391916 -0.0112232 0.0133294 0.00678405 0.00962714
internal_weight=155421 107141 48279.2 36951.8 46597.8 60543.6 53361.8 2574.55 50787.3 17987.5 44720.5 20184.9 13076.5 12390.9 32799.8 44663.9 15749 28914.9 11327.4 16766.9 7108.35 4059.06 7266.6 4060.83 13677.1 7863.47 7181.73 1877.24 4647.36 2192.28
internal_count=730800 488355 242445 172390 195656 292699 254653 11807 242846 86830 184891 96014 62282 58933 156016 184647 64840 119807 70055 76376 33732 17599 41875 28180 60561 33103 38046 10765 25907 9950
is_linear=0
shrinkage=0.05


Tree=46
num_leaves=31
num_cat=0
split_feature=0 2 13 7 2 3 0 7 8 8 8 8 8 8 8 8 8 5 0 5 8 5 3 7 6 0 7 5 8 8
split_gain=1025.91 399.355 244.49 216.746 120.346 112.826 94.4331 108.128 86.886 97.7439 78.6845 170.235 98.5873 181.913 105.659 80.6803 77.3984 72.031 66.8276 63.3813 63.1572 65.6732 52.1389 51.5371 50.8389 239.327 51.6295 50.5791 49.612 61.5602
threshold=4.5000000000000009 1.0000000180025095e-35 1.5000000000000002 37278.500000000007 2.5000000000000004 46888.500000000007 2.5000000000000004 38804.500000000007 40710.500000000007 39664.500000000007 41131.500000000007 42252.000000000007 39681.500000000007 39635.500000000007 40417.500000000007 42686.500000000007 47648.500000000007 23137.458007812504 10.500000000000002 28219.250000000004 41506.500000000007 25225.750000000004 47130.000000000007 2243.5000000000005 9.772219657897951 1.5000000000000002 1792.5000000000002 42062.199218750007 40424.500000000007 39681.500000000007
decision_type=2 2 2 2 2 2 2 2 2 2 2 2 2 2 2 2 2 2 2 2 2 2 2 2 2 2 2 2 2 2
left_child=1 6 3 4 17 10 16 23 9 -9 12 27 13 -3 -14 -13 24 -2 -19 -4 21 -6 -10 -8 25 -1 -26 -12 29 -5
right_child=2 5 19 28 20 -7 7 8 22 -11 11 15 14 -15 -16 -17 -18 18 -20 -21 -22 -23 -24 -25 26 -27 -28 -29 -30 -31
leaf_value=-0.0092192006755869946 -0.0045526221917567286 0.0018144691699872517 0.0088297566987127207 0.014597625596144422 0.0053801560971928931 0.011650077733593271 0.0027078035939647606 -0.031932587596368189 0.00098105241632282024 0.034064960883512033 -0.010943288784782139 0.011760050860483663 0.034439911107677953 -0.020189377449721265 0.0058468647062613751 -0.0011541664873205104 0.0083331891507969595 0.00094643548807483383 0.010729963500280854 0.017199576619466802 0.0024204039662051153 0.016009878540997259 0.042137208749186986 -0.0057750302970861894 -0.00056418967615721788 0.0049045137672385046 -0.0091291931882521837 -0.056289803841745249 0.010293182001578024 0.039878255665815682
leaf_weight=9386.7654682397842 5348.2069053053856 26313.231812030077 4114.6274318397045 907.81893181800842 3029.1189117580652 2261.9357590079308 2060.2282968461514 65.474125891923904 4306.6371619403362 391.90353602170944 3868.6510154306889 1373.867012321949 446.15304312109947 974.07472126185894 1171.3404957801104 10102.878391683102 824.61873051524162 14463.756410315633 1984.9806707650423 5023.2149890437722 4174.4411016255617 2792.7329607158899 78.354303285479546 13677.100195199251 1903.2485939264297 4407.8666423410177 23291.395687356591 62.485940203070641 5950.8112664073706 327.73910913616419
leaf_count=48843 22917 109141 22808 5084 15256 12412 9409 328 18268 1654 15857 5630 1834 3996 4836 41694 3536 63153 9892 31256 24332 16696 317 63004 9188 21705 116447 256 29291 1760
internal_value=6.23867e-06 -0.00272125 0.00606962 0.00434397 0.00257136 0.00075766 -0.00540413 -0.00265412 0.00387952 0.0246173 0.000201657 -0.00268413 0.00173994 0.001029 0.0137337 0.000391779 -0.0068256 0.000488115 0.00212708 0.0134308 0.00711387 0.0104792 0.00171646 -0.00466451 -0.00714621 -0.00470618 -0.00848218 -0.0116641 0.0121862 0.0213035
internal_weight=155086 106968 48117.4 38979.6 31793.2 46574.6 60393.6 20579.7 4842.37 457.378 44312.7 15407.9 28904.8 27287.3 1617.49 11476.7 39813.9 21796.9 16448.7 9137.84 9996.29 5821.85 4384.99 15737.3 38989.3 13794.6 25194.6 3931.14 7186.37 1235.56
internal_count=730800 488355 242445 188381 152246 195656 292699 92980 20567 1982 183244 63437 119807 113137 6670 47324 199719 95962 73045 54064 56284 31952 18585 72413 196183 70548 125635 16113 36135 6844
is_linear=0
shrinkage=0.05


Tree=47
num_leaves=31
num_cat=0
split_feature=2 9 9 2 4 13 2 4 4 4 4 4 4 7 8 1 7 8 10 8 0 4 5 5 4 3 0 13 13 3
split_gain=935.108 345.836 190.56 183.593 123.223 100.137 91.2924 82.7855 81.1433 66.6685 65.5425 62.7529 61.5975 62.1684 54.1918 73.628 65.7164 51.2874 49.1893 42.4196 42.3202 41.9423 41.0735 40.6454 40.4591 46.0323 34.0052 33.7037 33.4932 33.035
threshold=1.5000000000000002 1.0000000180025095e-35 1.0000000180025095e-35 1.0000000180025095e-35 44355.500000000007 1.5000000000000002 4.5000000000000009 42953.500000000007 44355.500000000007 42953.500000000007 25968.500000000004 25904.000000000004 45981.500000000007 46814.000000000007 41208.500000000007 1.5000000000000002 29867.500000000004 39664.500000000007 1.3541666865348818 38843.500000000007 18.500000000000004 45954.500000000007 25049.833007812504 37614.833984375007 44391.500000000007 47130.000000000007 5.5000000000000009 1.5000000000000002 6.5000000000000009 2474.5000000000005
decision_type=2 2 2 2 2 2 2 2 2 2 2 2 2 2 2 2 2 2 2 2 2 2 2 2 2 2 2 2 2 2
left_child=1 3 14 8 5 7 11 10 9 17 -3 -4 21 -14 15 -2 -17 -1 22 -18 -8 -10 -7 -16 -6 26 -26 -13 -29 -5
right_child=2 4 6 29 24 18 20 -9 12 -11 -12 27 13 -15 23 16 19 -19 -20 -21 -22 -23 -24 -25 25 -27 -28 28 -30 -31
leaf_value=-0.008085240238343885 -0.0022075189178150704 -0.0024781340311952312 0.0042372124836170142 0.0059348014434953706 0.020587085347337358 0.0033538273419385736 0.012985971574997326 -0.014158113054279414 0.0011417208445901725 -0.016795749189723777 0.0025986765433388586 0.0089445167423202101 -0.0077226473579517473 0.0058986670482023751 -0.0062806183819062028 0.0050045450902944932 0.028686187585287383 -0.0044876573047549139 -0.0025160082288425249 0.011018664006898368 0.022972782592722639 0.024335276571280096 0.017020548863881182 0.0023336323522624883 0.0029674185523166116 0.020631705230656047 0.011670185479364912 0.016003445697826798 -0.11309094851862921 -0.0012181111303818126
leaf_weight=20125.328295186162 2387.9748399853706 12265.932083711028 6365.6811496764421 1709.5071283578873 595.14565899968147 833.53682133555412 4232.8179149329662 1052.2597705423832 5036.6818526834249 1577.5021153837442 13197.854638919234 7506.2462290599942 4916.9706660658121 1009.679527208209 2361.7368752658367 4059.0561095327139 527.43954682350159 19511.012786433101 717.89152920246124 954.72686821222305 1415.5612781494856 202.76766064763069 1614.8021356016397 3258.8798764050007 3836.8517795652151 555.02246622741222 1586.6222536116838 2410.8414268419147 5.0348655432462683 28943.111113667488
leaf_count=106271 10541 52157 32741 6845 2587 3676 27664 4451 22997 8029 56307 40938 22692 4413 10668 18913 2788 93403 3188 5052 10644 952 7798 14921 16012 3705 7722 15057 29 117639
internal_value=6.09455e-06 -0.00211364 0.0071317 -0.00389262 0.00196055 0.000588784 0.0100114 -0.000414756 -0.00569118 -0.00671552 0.000153172 0.00811189 -0.00191037 -0.00540208 0.00246971 0.00513195 0.00829488 -0.00631433 0.00899307 0.0173058 0.0154888 0.00203932 0.0123677 -0.001286 0.00815455 0.00691692 0.00551339 0.0105977 0.0157344 -0.000819191
internal_weight=154774 119288 35486 83032.6 36255.9 29682.3 21936.2 26516 52379.9 41213.8 25463.8 16287.8 11166.1 5926.65 13549.8 7929.2 5541.22 39636.3 3166.23 1482.17 5648.38 5239.45 2448.34 5620.62 6573.64 5978.5 5423.47 9922.12 2415.88 30652.6
internal_count=730800 540844 189956 383241 157603 127577 127073 112915 258757 207703 108464 88765 51054 27105 62883 37294 26753 199674 14662 7840 38308 23949 11474 25589 30026 27439 23734 56024 15086 124484
is_linear=0
shrinkage=0.05


Tree=48
num_leaves=31
num_cat=0
split_feature=0 13 2 5 8 3 0 8 2 8 8 3 8 3 3 8 4 8 8 0 4 3 8 7 1 5 8 7 9 10
split_gain=861.079 302.257 248.115 243.948 118.208 128.491 122.926 140.827 115.825 103.812 89.6811 79.4802 94.9686 89.4216 79.2723 96.4336 82.6057 72.7705 87.0653 71.3341 65.3611 62.5666 56.4632 56.277 55.2995 55.0357 48.8648 46.9276 42.6523 40.9705
threshold=3.5000000000000004 1.5000000000000002 1.0000000180025095e-35 36427.611328125007 40710.500000000007 39679.500000000007 7.5000000000000009 41259.000000000007 1.5000000000000002 47648.500000000007 47509.000000000007 39519.500000000007 42348.500000000007 39375.500000000007 46770.500000000007 46710.500000000007 44355.500000000007 41382.500000000007 25856.500000000004 1.5000000000000002 24981.000000000004 39681.500000000007 37606.500000000007 10770.000000000002 18.500000000000004 43559.900390625007 46768.500000000007 1792.5000000000002 9.5000000000000018 1.055555582046509
decision_type=2 2 2 2 2 2 2 2 2 2 2 2 2 2 2 2 2 2 2 2 2 2 2 2 2 2 2 2 2 2
left_child=2 3 14 8 5 22 7 -6 24 10 11 13 -13 -4 15 16 25 18 -10 -18 29 -7 -5 -19 27 -1 -17 -2 -22 -3
right_child=1 20 9 4 6 21 -8 -9 17 -11 -12 12 -14 -15 -16 26 19 23 -20 -21 28 -23 -24 -25 -26 -27 -28 -29 -30 -31
leaf_value=-0.006036112284157665 0.0029492817674531373 0.010662942392024309 0.00053116797445586217 0.025966129479376127 -0.013994706304821393 0.043282379067698051 0.013099176811693734 0.0048121298713699329 -0.00040108987772020319 0.012098403521591129 -0.066726471364170273 -0.0093707331454269092 -6.3732113594319693e-05 0.015136264337575546 0.0041357525654429203 -0.026633932757870571 -0.0099772964416629112 0.0031628856211746211 0.0094496339186468173 0.001540511137532577 0.015932405642786213 0.016110591453382419 0.0060455919512702218 -0.0069166488608030097 0.020552059751343638 -0.018718489322374913 -0.0092041359522550981 -0.0035090754127518665 -0.074571166601983166 -0.00062935509996412547
leaf_weight=40196.586029425263 3394.0108397901058 2776.3043637052178 21023.080632641912 440.71209238469601 1084.9859234988689 527.0851466357708 4184.7076681926847 12054.246324107051 3360.723725900054 1694.8353004902601 51.172132879495621 4656.0299274623394 6663.9002448916435 1103.0168736726046 2097.7744409441948 796.0326491445303 1691.1894613355398 3467.0813290625811 6745.079581335187 6553.9754168391228 5892.1438444033265 354.24551643431187 1844.425962254405 2305.7699692249298 265.88622123003006 874.02782742679119 812.60233592987061 16422.18483106792 13.04702505469322 1130.246707893908
leaf_count=202802 14365 15624 86153 2328 4895 2654 24322 52696 15277 9773 224 18972 27267 4531 9229 3729 8645 18448 35358 29558 35776 1706 9466 11680 1210 4320 3534 69976 72 6210
internal_value=6.01379e-06 0.0043132 -0.00322937 0.00290534 0.00725967 0.0161425 0.00563606 0.00325914 0.000424243 2.55026e-05 -0.000585342 -0.000484146 -0.00389182 0.00125925 -0.0053897 -0.00578209 -0.00538912 0.00361544 0.00617374 -0.000821939 0.0124132 0.0323608 0.00988747 -0.000863043 -0.002099 -0.00630601 -0.0178293 -0.00240292 0.0157324 0.00739585
internal_weight=154477 66262.9 88214.2 56451.1 20490.4 3166.47 17323.9 13139.2 35960.7 35192 33497.2 33446 11319.9 22126.1 53022.2 50924.4 49315.8 15878.7 10105.8 8245.16 9811.74 881.331 2285.14 5772.85 20082.1 41070.6 1608.63 19816.2 5905.19 3906.55
internal_count=730800 322063 408737 264381 98067 16154 81913 57591 166314 146920 137147 136923 46239 90684 261817 252588 245325 80763 50635 38203 57682 4360 11794 30128 85551 207122 7263 84341 35848 21834
is_linear=0
shrinkage=0.05


Tree=49
num_leaves=31
num_cat=0
split_feature=9 2 2 4 4 13 4 8 5 8 8 6 8 1 6 4 4 8 5 3 4 0 10 7 3 3 4 0 7 4
split_gain=792.126 298.655 270.582 137.313 104.501 91.1179 68.1719 88.6606 244.715 107.321 276.174 92.8056 86.9887 67.9813 185.223 63.4331 60.7569 164.708 264.451 101.109 92.3853 60.0164 54.1228 47.7611 47.1632 45.3757 47.1013 47.3993 44.0132 85.7728
threshold=1.0000000180025095e-35 2.5000000000000004 1.0000000180025095e-35 44355.500000000007 42953.500000000007 1.5000000000000002 25904.000000000004 31020.500000000004 30693.250000000004 39664.500000000007 40710.500000000007 148.06764984130862 37622.500000000007 1.5000000000000002 695.80307006835949 25968.500000000004 39529.500000000007 42348.500000000007 42675.250000000007 39375.500000000007 39376.500000000007 19.500000000000004 1.3541666865348818 2243.5000000000005 25904.500000000004 47130.000000000007 44391.500000000007 7.5000000000000009 156.50000000000003 199.50000000000003
decision_type=2 2 2 2 2 2 2 2 2 2 2 2 2 2 2 2 2 2 2 2 2 2 2 2 2 2 2 2 2 2
left_child=2 3 6 4 5 15 23 8 -8 12 -11 -10 -9 16 -15 -2 19 -18 -19 -4 -21 24 -7 28 -3 26 -5 -28 -1 -30
right_child=1 21 13 25 -6 22 7 9 11 10 -12 -13 -14 14 -16 -17 17 18 -20 20 -22 -23 -24 -25 -26 -27 27 -29 29 -31
leaf_value=-0.015694654453630906 -0.0013887130325759471 0.0057278899771540624 -0.0011005418862128713 0.019505530764515194 -0.011730376147966445 0.011716311063440617 0.00083136377840850823 -0.0023513821682260246 0.040435502536352891 0.013305404283546646 -0.0048629183974906627 0.12295910443157086 -0.015492423554521781 0.0095837565703937241 -0.00060046646384796559 0.0031494253450276375 -0.015946127058487605 0.041987157044528101 -0.0035172696570373225 0.059718005686304212 0.010467364909536658 0.020330813369113493 -0.0011498147959358464 -0.0090022405922129973 0.012380100448739327 0.020292138378674437 0.0040202638836943985 0.01500635925632263 0.057161771908170525 -0.00099634159020110021
leaf_weight=503.39545792341232 14853.779302075505 4158.0663667917252 12130.069103717804 723.7737509906292 1457.8454441726208 3383.9788415133953 2232.6202435493469 1925.872562199831 130.80762650072575 2286.5557989031076 24540.664824202657 46.067073628306389 3638.7317743301392 5911.3314797282219 18241.850099161267 15988.693705424666 2546.9095444530249 345.37242881953716 4226.8914220184088 111.9794063270092 636.13125883042812 1596.888462588191 1077.6926475167274 14221.021350905299 7417.7393067628145 754.60789966583252 5291.4758417606354 1205.4727956205606 65.020074650645256 2539.7066243886948
leaf_count=2618 64392 23310 49726 3291 6452 17012 11580 9934 659 10576 116480 225 19230 25872 78890 70467 10355 1397 18047 459 2621 12176 5126 74595 47604 5238 22970 6638 318 12542
internal_value=5.94689e-06 0.00462689 -0.00277341 0.00267848 0.00138826 0.00192998 -0.00521274 -0.00393684 0.00531637 -0.00462515 -0.00331438 0.0619288 -0.0109444 0.000106817 0.00189205 0.000963851 -0.00204943 -0.00575618 -8.00283e-05 -2.98512e-07 0.0178393 0.0112441 0.00860857 -0.00777508 0.00999061 0.00862574 0.00740653 0.00605867 -0.00216027 0.000455421
internal_weight=154191 57910 96281 44737.3 36762 35304.1 52130.5 34801.3 2409.49 32391.8 26827.2 176.875 5564.6 44150.5 24153.2 30842.5 19997.4 7119.17 4572.26 12878.2 748.111 13172.7 4461.67 17329.1 11575.8 7975.33 7220.72 6496.95 3108.12 2604.73
internal_count=730800 284676 446124 201586 163449 156997 258757 168684 12464 156220 127056 884 29164 187367 104762 134859 82605 29799 19444 52806 3080 83090 22138 90073 70914 38137 32899 29608 15478 12860
is_linear=0
shrinkage=0.05


Tree=50
num_leaves=31
num_cat=0
split_feature=0 2 0 5 9 3 8 7 7 6 0 8 8 8 8 8 3 8 8 8 4 4 2 4 4 9 9 8 3 8
split_gain=722.335 277.172 194.659 174.183 88.6179 88.5429 81.8158 93.9355 98.4591 77.5594 92.4785 67.3739 138.104 92.2337 155.904 89.945 70.6381 61.3987 57.0633 66.0624 65.9312 87.4315 54.4909 53.2111 66.5937 52.551 49.5853 46.6866 39.5545 97.9337
threshold=4.5000000000000009 1.0000000180025095e-35 15.500000000000002 35755.308593750007 1.0000000180025095e-35 46888.500000000007 20015.500000000004 1792.5000000000002 115.50000000000001 567.83541870117199 1.5000000000000002 41131.500000000007 42252.000000000007 39681.500000000007 39635.500000000007 40417.500000000007 43794.000000000007 28378.500000000004 40679.500000000007 39681.500000000007 44355.500000000007 42953.500000000007 1.5000000000000002 25904.000000000004 10655.000000000002 1.0000000180025095e-35 9.5000000000000018 42025.500000000007 47139.500000000007 47648.500000000007
decision_type=2 2 2 2 2 2 2 2 2 2 2 2 2 2 2 2 2 2 2 2 2 2 2 2 2 2 2 2 2 2
left_child=1 6 3 4 -2 11 -1 8 -8 10 -9 13 27 14 -3 -15 -14 -4 19 22 21 -20 -5 24 -6 -11 -19 -13 -7 -30
right_child=2 5 17 18 23 28 7 9 -10 25 -12 12 16 15 -16 -17 -18 26 20 -21 -22 -23 -24 -25 -26 -27 -28 -29 29 -31
leaf_value=-0.009593373153740814 -0.0022669732142302306 0.0015875872460234274 -0.017908774049080492 -0.017380404808035141 0.0058638519137301504 0.029664598431635159 -0.018161567798510161 -0.0060251965990791171 0.0095239199507287028 -0.0070182676362398532 0.0013044650923217207 -0.0093749406825761484 0.0042039586743310457 0.032351935127192248 -0.018784379402169277 0.0058978322347405052 -0.0036459552942848779 0.016400166333670516 0.0059699671601694945 0.030012064146577408 0.011661021556519467 -0.012826405044316608 0.013851646284926364 0.0066126551325743762 -0.0024809026574975261 -0.0024895250998415519 -0.0814106411773831 -0.034154857722246058 -0.026865937862582314 0.011575561036007129
leaf_weight=7050.3022091388702 9295.3968243151903 26282.984927967191 136.85756273567677 158.78834539651871 4276.4394914656878 236.79060447216034 376.26027622818947 7268.2216658890247 2192.0520831644535 23648.301949247718 10549.800099268556 3729.2673471570015 5652.0001188218594 443.05376507341862 973.94053189456463 1169.3850429058075 5813.5572520196438 4315.8252882584929 7851.5197284817696 608.02891815453768 5134.7246147543192 671.59042321890593 1159.1504463627934 8529.5791259929538 5422.1663706302643 8785.4100183695555 12.996458515524862 200.28657874464989 182.43336522579193 1804.2127435430884
leaf_count=38046 41155 109141 852 686 20780 996 1857 37074 9950 118542 49756 15291 23296 1834 3996 4836 24028 29646 39361 3320 25985 3353 6863 43844 26531 37474 69 822 778 10638
internal_value=5.67684e-06 -0.00228504 0.00512699 0.00409756 0.001706 0.000611608 -0.00453421 -0.00385893 0.00546797 -0.00433562 -0.00168541 0.000122548 -0.00254871 0.00154704 0.000859659 0.0131667 0.000223697 0.0150641 0.00832145 0.0163785 0.00718528 0.00448888 0.0100887 0.00373201 0.00119858 -0.00579155 0.0161065 -0.010638 0.0103479 0.00804548
internal_weight=153931 106358 47573.1 43107.4 27523.6 46487.9 59870.3 52820 2568.31 50251.7 17818 44264.5 15395.1 28869.4 27256.9 1612.44 11465.6 4465.68 15583.8 1925.97 13657.8 8523.11 1317.94 18228.2 9698.61 32433.7 4328.82 3929.55 2223.44 1986.65
internal_count=730800 488355 242445 211878 132310 195656 292699 254653 11807 242846 86830 183244 63437 119807 113137 6670 47324 30567 79568 10869 68699 42714 7549 91155 47311 156016 29715 16113 12412 11416
is_linear=0
shrinkage=0.05


Tree=51
num_leaves=31
num_cat=0
split_feature=2 0 5 8 6 9 0 13 2 7 3 8 1 3 7 5 3 3 8 1 7 3 3 7 4 4 10 5 5 7
split_gain=667.856 245.298 214.458 294.755 161.847 145.352 132.71 117.439 73.8697 69.0408 67.8685 121.004 65.8435 58.9027 58.4971 52.1531 51.7299 46.9011 46.4983 60.7439 52.5737 45.952 45.0436 43.2576 40.6419 39.6149 39.4612 42.7973 38.3687 37.1377
threshold=1.5000000000000002 2.5000000000000004 39646.550781250007 40417.500000000007 9.772219657897951 1.0000000180025095e-35 1.5000000000000002 1.5000000000000002 4.5000000000000009 37618.500000000007 47130.000000000007 46786.500000000007 1.5000000000000002 47139.500000000007 1792.5000000000002 25225.750000000004 47648.500000000007 39381.000000000007 41208.500000000007 1.5000000000000002 29867.500000000004 47648.500000000007 39623.500000000007 1792.5000000000002 13533.500000000002 38796.500000000007 1.055555582046509 25049.833007812504 47104.666015625007 156.50000000000003
decision_type=2 2 2 2 2 2 2 2 2 2 2 2 2 2 2 2 2 2 2 2 2 2 2 2 2 2 2 2 2 2
left_child=1 4 7 -4 6 18 21 9 15 14 11 -5 16 -12 -3 -7 -8 -11 19 -2 -21 22 -1 29 -25 -22 27 -9 -26 -6
right_child=5 2 3 10 23 8 12 26 -10 17 13 -13 -14 -15 -16 -17 -18 -19 -20 20 25 -23 -24 24 28 -27 -28 -29 -30 -31
leaf_value=-0.0046624902893810608 -0.0021805428185582456 0.0031845496037202106 0.039281313024124347 0.0051059346761761978 -0.014167012108118215 0.002916262953600094 -0.0017431700498240236 0.0018633478972003717 0.013632679032475239 -0.026507407809145896 0.055992658059755035 -0.012742384022346391 0.0056176376916543423 0.0090825361460067176 -0.0024222689413209509 0.0089433063555732443 0.0084464999780988811 -0.0026157627927541668 -0.0014778451259877502 0.0044410848872713793 0.024087941583072814 0.0072524627610638069 -0.011746843099874817 -0.012294545389521187 -0.0068326221640438991 0.0075574004206226987 -0.0013691976555434441 0.015942152091544034 0.043523849976590735 0.0035782680002162275
leaf_weight=5375.9391375929117 2387.1216515153646 5382.0142955482006 627.87487657368183 12693.400352776051 365.01134759187698 5416.468102671206 19616.108260795474 816.45806066691875 5481.486137598753 474.91202427446842 115.81683874130249 1026.3995695561171 4423.0122428685427 158.49433027207851 34297.590332731605 10640.278423786163 1330.0008540451527 361.98422524333 5608.2609663456678 4041.3628233224154 700.47683385014534 550.40769785642624 3851.0332338660955 3961.6087131947279 19212.213832721114 751.00159774720669 848.11246338486671 1592.9465202689171 37.902074754238129 1533.7193815410137
leaf_count=29167 10541 23121 2673 54124 1892 27171 79477 3631 38308 2070 488 4462 21859 746 149500 61594 7536 1550 25589 18913 3818 2412 19676 21109 96118 4022 3851 7896 152 7334
internal_value=5.55646e-06 -0.00178531 0.000524041 0.00576673 -0.00402333 0.00607215 -0.00183303 -0.00122719 0.00862106 -0.00196153 0.00426303 0.00377067 7.43628e-05 0.0288884 -0.00166178 0.00691019 -0.00109616 -0.0161735 0.00200199 0.00447864 0.00737263 -0.00678208 -0.00761926 -0.00708905 -0.0076826 0.015535 0.00790636 0.0111714 -0.00673347 0.000166921
internal_weight=153679 118653 58396 14622 60257 35026.5 35146.5 43774 21538.2 40516.5 13994.1 13719.8 25369.1 274.311 39679.6 16056.7 20946.1 836.896 13488.2 7879.96 5492.84 9777.38 9226.97 25110.5 23211.7 1451.48 3257.52 2409.4 19250.1 1898.73
internal_count=730800 540844 254112 62493 286732 189956 160127 191619 127073 176241 59820 58586 108872 1234 172621 88765 87013 3620 62883 37294 26753 51255 48843 126605 117379 7840 15378 11527 96270 9226
is_linear=0
shrinkage=0.05


Tree=52
num_leaves=31
num_cat=0
split_feature=9 0 2 8 2 5 0 4 4 8 8 5 8 8 1 7 8 3 8 7 7 9 5 8 4 4 2 7 8 7
split_gain=620.45 235.578 202.964 113.74 98.5877 95.2934 67.9978 62.7335 60.2895 57.5057 108.264 56.9949 135.308 114.23 99.2308 111.145 62.6773 60.0609 93.9755 125.387 63.6138 53.8909 50.5014 55.2896 48.7699 60.3184 48.6302 46.426 46.1225 45.237
threshold=1.0000000180025095e-35 8.5000000000000018 1.0000000180025095e-35 47648.500000000007 1.0000000180025095e-35 21795.250000000004 19.500000000000004 44355.500000000007 43118.500000000007 44391.500000000007 44389.500000000007 27389.928710937504 37622.500000000007 37571.500000000007 2.5000000000000004 37278.500000000007 38756.500000000007 2474.5000000000005 9851.5000000000018 4768.5000000000009 156.50000000000003 9.5000000000000018 39607.099609375007 40710.500000000007 25968.500000000004 38756.500000000007 3.5000000000000004 37359.500000000007 31020.500000000004 826.50000000000011
decision_type=2 2 2 2 2 2 2 2 2 2 2 2 2 2 2 2 2 2 2 2 2 2 2 2 2 2 2 2 2 2
left_child=2 3 7 4 22 26 -7 8 29 10 -9 17 13 28 16 -16 -14 20 19 -19 -4 -8 27 -24 -6 -26 -3 -2 -13 -1
right_child=1 5 11 -5 24 6 21 9 -10 -11 -12 12 14 -15 15 -17 -18 18 -20 -21 -22 -23 23 -25 25 -27 -28 -29 -30 -31
leaf_value=0.0023354311287308071 -0.0020660456851207855 -0.0060095567177762266 -0.013310915890863362 0.019352377602636361 0.0012526674597491379 0.010118558916287523 0.021169810649323658 0.00096816130835102011 -0.016497988847213776 -0.0022159420645574083 0.044515323036713322 0.0094077569513741962 -0.022534932633810796 0.022349396311680918 -0.00023618158601747992 0.011744578511990568 -0.0020769040152977566 -0.0004656091096417523 -0.0017742451165243735 -0.024534098919156096 0.0089207598559890283 -0.10162338901872836 0.027906587294456289 0.0023763726940564866 0.010490882890651018 0.0036520882720859219 0.0076681699267390994 -0.021060064768781615 -0.0024430147349426795 -0.0055349382241104313
leaf_weight=1919.0205868035555 12539.923352941871 1220.4707519710064 386.4750756919384 959.90461418032646 10374.848896160722 9117.1770745366812 1862.9195166826248 556.59096349775791 1206.7149706035852 10350.418030545115 191.94854460656643 1989.8551454693079 384.47343294322491 1222.1894082278013 5187.0763822495937 3088.3786107450724 14272.89164327085 1032.7421898692846 12078.148521378636 1136.7273152023554 1921.9220509678125 8.9783187657594663 223.69549173116684 4079.8152275532484 4588.9802644848824 10841.900188073516 1389.9645959287882 330.18319138884544 1397.7599427103996 37568.94746555388
leaf_count=9513 53545 5929 1572 6726 46468 56680 13653 2568 6261 47616 870 8544 1645 5417 23477 14400 59569 4209 50008 4650 7863 45 959 17081 22073 51528 8525 1464 6013 191929
internal_value=5.40353e-06 0.00411008 -0.00245754 0.00233019 0.00195001 0.00986079 0.0119007 -0.00458012 -0.00548888 -0.00124808 0.012135 3.54039e-05 0.00142904 0.00924562 -0.000142193 0.00423501 -0.00261353 -0.00228306 -0.00349525 -0.0130767 0.0051987 0.0205808 -0.000985465 0.00370343 0.00390356 0.00568587 0.00127335 -0.00255334 0.00451802 -0.00515246
internal_weight=153431 57538.8 95892.3 43939.3 42979.3 13599.5 10989.1 51793.6 40694.7 11099 748.54 44098.6 27542.6 4609.8 22932.8 8275.45 14657.4 16556 14247.6 2169.47 2308.4 1871.9 17173.6 4303.51 25805.7 15430.9 2610.44 12870.1 3387.62 39488
internal_count=730800 284676 446124 199844 193118 84832 70378 258757 207703 51054 3438 187367 119065 19974 99091 37877 61214 68302 58867 8859 9435 13698 73049 18040 120069 73601 14454 55009 14557 201442
is_linear=0
shrinkage=0.05


Tree=53
num_leaves=31
num_cat=0
split_feature=9 2 2 4 4 13 8 8 8 8 8 8 8 8 8 1 6 4 8 5 3 4 7 4 3 10 8 8 8 8
split_gain=561.16 219.723 183.734 113.403 94.2629 69.3491 57.3008 84.4815 133.334 141.617 99.7617 81.2106 79.5384 70.7622 70.6089 52.5273 152.024 52.7775 138.823 238.565 92.0777 84.3702 51.8072 48.6049 47.6824 45.4207 43.3645 42.7434 41.1066 94.4716
threshold=1.0000000180025095e-35 2.5000000000000004 1.0000000180025095e-35 44355.500000000007 42953.500000000007 1.5000000000000002 44366.500000000007 44009.500000000007 43720.500000000007 43043.500000000007 43794.000000000007 44399.500000000007 44389.500000000007 44318.500000000007 44391.500000000007 1.5000000000000002 695.80307006835949 39529.500000000007 42348.500000000007 42675.250000000007 39375.500000000007 39376.500000000007 826.50000000000011 25968.500000000004 25353.000000000004 1.3541666865348818 44354.500000000007 42298.500000000007 43794.000000000007 43720.500000000007
decision_type=2 2 2 2 2 2 2 2 2 2 2 2 2 2 2 2 2 2 2 2 2 2 2 2 2 2 2 2 2 2
left_child=2 3 6 4 5 23 7 8 9 -1 -10 12 -8 -9 -14 17 -17 20 27 -20 -4 -22 -13 -2 -3 -7 -15 -19 29 -6
right_child=1 24 15 -5 28 25 11 13 10 -11 -12 22 14 26 -16 16 -18 18 19 -21 21 -23 -24 -25 -26 -27 -28 -29 -30 -31
leaf_value=-0.0049301618099373591 -0.0013065551784177502 0.0054728271672900104 -0.0010015637254317557 0.0076826222840702665 -0.011385349751098598 0.010331045532124983 8.402920432883077e-05 -0.030124677409527342 0.045937602255249517 -0.028516098229514942 -0.0071833142029393074 0.019496243344147231 0.043270110333011348 0.013966917722365638 0.0056059377684430367 0.0085978236626477935 -0.00064984178048147943 -0.013423693630833969 0.039829645159474236 -0.0033762394600466402 0.05728153374292258 0.01006090934681573 -0.0033094685064406198 0.0026712735251333102 0.011873597827019269 -0.0014905743362131621 -0.017740088116987414 -0.048078466318986809 -0.01881469540634792 0.037031139439613787
leaf_weight=33408.423258841038 14827.725434526801 4441.2595790103078 12124.114219486713 7903.0376615449786 513.47538876533508 3340.3077728301287 756.83609718084335 627.09951721131802 222.47480107843876 648.78749953210354 146.64047792553902 253.31937736272812 267.94275124371052 190.87280316650867 232.3324488401413 5877.3731829822063 18224.295141130686 2450.7598439007998 345.66739827394485 4219.2941774278879 111.13974815607071 635.4200796186924 14688.956867039204 15929.347577765584 8436.8170154690742 1073.7130463272333 247.87826876342297 92.33014851808548 817.3092098981142 125.34748551249504
leaf_count=173846 64392 26019 49726 38137 2242 17012 3437 3272 1099 3398 760 1103 1210 971 1086 25872 78890 9981 1397 18047 459 2621 67362 70467 57071 5126 1213 374 3664 546
internal_value=5.31312e-06 0.00391411 -0.00233773 0.00225063 0.00107857 0.00159469 -0.00436009 -0.00548475 -0.00505553 -0.00537947 0.024834 -0.00189599 0.0103093 -0.0193485 0.0257785 3.38227e-05 0.00160527 -0.00186192 -0.00532001 -0.000104609 4.78674e-05 0.0170906 -0.00292284 0.000753596 0.00966617 0.00745543 -0.00394638 -0.0146819 -0.0113875 -0.00188524
internal_weight=153180 57408.3 95772 44530.3 36627.2 35171.1 51691.6 35492.2 34426.3 34057.2 369.115 16199.4 1257.11 1065.85 500.275 44080.4 24101.7 19978.7 7108.05 4564.96 12870.7 746.56 14942.3 30757.1 12878.1 4414.02 438.751 2543.09 1456.13 638.823
internal_count=730800 284676 446124 201586 163449 156997 258757 184559 179103 177244 1859 74198 5733 5456 2296 187367 104762 82605 29799 19444 52806 3080 68465 134859 83090 22138 2184 10355 6452 2788
is_linear=0
shrinkage=0.05


Tree=54
num_leaves=31
num_cat=0
split_feature=0 13 7 8 2 0 5 8 8 8 7 8 4 4 7 4 8 8 5 8 7 7 7 8 8 7 8 9 10 9
split_gain=518.684 199.978 184.82 159.898 122.959 92.2245 81.8552 80.4386 120.492 80.0748 65.9332 117.611 64.4197 57.2214 81.7629 55.4841 55.1682 82.3671 262.517 87.0549 54.2379 115.356 51.2999 47.705 42.8685 42.7602 37.7941 32.6168 32.5031 30.6759
threshold=3.5000000000000004 1.5000000000000002 37278.500000000007 47648.500000000007 1.0000000180025095e-35 8.5000000000000018 24020.166992187504 40424.500000000007 39681.500000000007 47509.000000000007 2452.5000000000005 9851.5000000000018 37600.500000000007 44355.500000000007 43129.000000000007 24981.000000000004 20015.500000000004 31020.500000000004 30693.250000000004 39664.500000000007 115.50000000000001 826.50000000000011 51.500000000000007 38861.500000000007 45829.500000000007 115.50000000000001 2242.5000000000005 9.5000000000000018 1.055555582046509 1.0000000180025095e-35
decision_type=2 2 2 2 2 2 2 2 2 2 2 2 2 2 2 2 2 2 2 2 2 2 2 2 2 2 2 2 2 2
left_child=3 2 5 4 16 20 -7 8 12 10 25 -12 -4 14 -9 28 26 18 -18 -19 22 -22 -2 -8 -15 -6 -1 -17 -3 -5
right_child=1 15 7 29 9 6 23 13 -10 -11 11 -13 -14 24 -16 27 17 19 -20 -21 21 -23 -24 -25 -26 -27 -28 -29 -30 -31
leaf_value=0.0016979135605058506 0.0074674629890899534 0.0083662663388727031 0.027518700693517709 0.0065032391103079295 -0.0085891275139223372 -0.0028390588154950059 0.022012198198849815 0.0035964924486428292 0.036830982433708546 -0.06380147900931786 -0.011548714303275889 -0.00016063902392388248 0.0045711031864882198 0.017491398107132992 -0.028814383220360992 0.013378748235756424 -0.00041957445143783566 -0.0093028004087513261 0.058406965035798432 -0.0034485902751171544 0.011136808184971363 -0.0010120034699843826 -0.025176516668851713 0.0065690492918105943 0.0067010083919064219 0.0098881840669657398 -0.0099875235792080026 -0.063417442061463228 -0.0017794883987737383 0.018881241014061328
leaf_weight=782.76033343374729 169.96549710631371 2704.706021271646 394.89423639327288 1864.8871249109507 364.92755994200706 2458.3305984735489 541.05056661367416 5573.3667337298393 536.44686959683895 49.921515420079231 2464.0923141688108 28372.898948326707 1356.0552520379424 1343.9458552971482 201.62689860910177 5689.5174208953977 6693.8659571260214 8071.3476223498583 195.17908465862274 29782.391841366887 2083.8181011974812 31352.734719485044 412.29251028597355 6602.4524544253945 2921.0839699730277 2205.273597791791 5964.2830199748278 13.859865650534628 1114.7502373978496 684.16960760205984
leaf_count=4086 738 15624 2135 8627 1478 12672 3529 26270 2791 224 10080 116420 7080 6150 928 35776 34673 42115 949 143275 9085 139130 1807 38234 13832 8945 32886 72 6210 4979
internal_value=5.03161e-06 0.00337087 0.00223081 -0.00251353 -0.0028838 0.000703092 0.00503052 0.00763664 0.0160984 -0.000523901 -0.000429343 -0.00107063 0.00974651 0.0057088 0.00246491 0.0100689 -0.00441721 -0.00378166 0.00124709 -0.00469685 -0.000518327 -0.000254871 -0.0156475 0.00773872 0.0101011 0.0072647 -0.00863183 0.0131921 0.00540512 0.00982551
internal_weight=152967 65470.9 55948.1 87496 84946.9 43620.6 9601.83 12327.4 2287.4 33457.1 33407.2 30837 1750.95 10040 5774.99 9522.83 51489.8 44742.8 6889.05 37853.7 34018.8 33436.6 582.258 7143.5 4265.03 2570.2 6747.04 5703.38 3819.46 2549.06
internal_count=730800 322063 264381 408737 395131 205195 54435 59186 12006 137147 136923 126500 9215 47180 27198 57682 257984 221012 35622 185390 150760 148215 2545 41763 19982 10423 36972 35848 21834 13606
is_linear=0
shrinkage=0.05


Tree=55
num_leaves=31
num_cat=0
split_feature=2 0 7 5 6 13 1 8 8 8 4 3 8 5 7 8 7 1 8 5 8 1 5 8 8 8 5 3 7 3
split_gain=480.787 180.002 181.765 297.668 130.33 112.024 108.262 94.6527 152.049 99.0109 79.5733 147.749 109.234 64.9244 64.1148 94.1424 87.0814 62.0909 57.3789 53.6901 97.8836 81.215 48.0602 47.729 42.9531 41.432 39.6818 41.8043 38.618 37.1913
threshold=1.5000000000000002 2.5000000000000004 39606.500000000007 40369.250000000007 9.772219657897951 1.5000000000000002 1.5000000000000002 44366.500000000007 42944.000000000007 42907.500000000007 39529.500000000007 47648.500000000007 38878.500000000007 28641.875000000004 44288.500000000007 45829.500000000007 42302.500000000007 11.500000000000002 43643.000000000007 30358.799804687504 38843.500000000007 3.5000000000000004 47104.666015625007 41382.500000000007 41156.500000000007 31020.500000000004 18373.277343750004 2474.5000000000005 1792.5000000000002 46888.500000000007
decision_type=2 2 2 2 2 2 2 2 2 2 2 2 2 2 2 2 2 2 2 2 2 2 2 2 2 2 2 2 2 2
left_child=1 4 7 -4 6 19 10 8 9 -3 12 -12 -1 -9 16 -16 -5 -15 -10 23 25 22 -22 26 -23 -21 27 -2 -6 -7
right_child=5 2 3 14 28 29 -8 13 18 -11 11 -13 -14 17 15 -17 -18 -19 -20 20 21 24 -24 -25 -26 -27 -28 -29 -30 -31
leaf_value=-0.0015652656094375075 0.0089051853311326885 -0.00167943985315826 0.034578630245432167 0.0037906144694849265 0.00066542166831838438 0.010525120136790373 0.0058506365542420335 -0.0037926270288240384 -0.021040319999735543 0.013121009312884678 -0.0080557638367084756 0.0072652537518535293 0.012999649567327907 0.0032629813700334404 0.022564937785861119 0.0041369008180153228 -0.012658257820512034 0.017422226439805118 -0.0073075223681394602 0.037443300492070002 -0.00031862219616829104 0.016623699850481472 0.016405628037211985 -0.0037803593034457829 0.0063592855602493089 0.013673083665553613 0.0063325623692901331 -0.0025302635034103638 -0.0067699083635901231 0.033349053278974299
leaf_weight=17143.504749134183 1019.1471274793148 29636.785433351994 881.15270358324051 3640.3779325932264 1889.867573723197 6167.8418961763382 4411.276159375906 3176.6946828514338 1225.4904056638479 1174.7779859304428 10192.735142469406 1860.8656734228134 1391.8173741400242 11090.530044011772 947.32754020392895 2582.0597576349974 1032.9298432022333 832.37178814411163 2005.2196637839079 203.71340893954039 6834.9365967810154 1301.6308798119426 458.37667704373598 3246.2881570607424 4697.5120486021042 1831.1895703300834 4988.5274980068207 3703.1363004148006 22994.541030675173 183.80325181037188
leaf_count=76545 4665 129984 3760 15466 9226 41240 21859 13756 5357 5140 45712 9948 6063 48323 3913 10784 4345 4517 8767 1109 32723 8532 2990 16562 28459 10020 25240 17009 117379 1407
internal_value=4.90782e-06 -0.00151418 0.000465369 0.00696306 -0.00343888 0.00518503 -0.00147207 -0.000735725 -0.00219717 -0.00111513 -0.00252809 -0.00569047 -0.000471586 0.00255914 0.00399653 0.00908319 0.00015496 0.00425148 -0.0125167 0.00383753 0.00584045 0.00427708 0.000732478 0.00146822 0.00858635 0.0160527 0.00322279 -6.23039e-05 -0.00620523 0.0111856
internal_weight=152746 118110 58225.7 9083.85 59884.6 34636.1 35000.2 49141.9 34042.3 30811.6 30588.9 12053.6 18535.3 15099.6 8202.7 3529.39 4673.31 11922.9 3230.71 28284.5 15327.4 13292.5 7293.31 12957.1 5999.14 2034.9 9710.81 4722.28 24884.4 6351.65
internal_count=730800 540844 254112 38268 286732 189956 160127 215844 149248 135124 138268 55660 82608 66596 34508 14697 19811 52840 14124 147309 83833 72704 35713 63476 36991 11129 46914 21674 126605 42647
is_linear=0
shrinkage=0.05


Tree=56
num_leaves=31
num_cat=0
split_feature=9 2 2 4 4 4 13 4 8 5 8 8 8 6 8 8 5 8 8 1 7 8 5 8 7 4 4 4 8 0
split_gain=455.222 177.025 140.593 95.8519 99.0083 69.1668 59.3077 51.2041 77.3974 186.533 84.4649 243.172 80.3537 78.6707 48.3206 79.146 44.7718 120.778 102.81 78.7175 89.2458 57.6629 50.1976 79.5195 113.366 42.5944 38.0188 36.2659 43.4055 40.0468
threshold=1.0000000180025095e-35 3.5000000000000004 1.0000000180025095e-35 44355.500000000007 42953.500000000007 25904.000000000004 1.5000000000000002 25904.000000000004 31020.500000000004 30693.250000000004 39664.500000000007 40710.500000000007 37622.500000000007 130.00461578369143 43794.000000000007 43720.500000000007 27389.928710937504 37622.500000000007 37571.500000000007 2.5000000000000004 37278.500000000007 38756.500000000007 2478.416625976563 9851.5000000000018 4768.5000000000009 37569.500000000007 10655.000000000002 44391.500000000007 47648.500000000007 7.5000000000000009
decision_type=2 2 2 2 2 2 2 2 2 2 2 2 2 2 2 2 2 2 2 2 2 2 2 2 2 2 2 2 2 2
left_child=2 3 7 4 5 26 -7 -1 9 -9 12 -12 -10 -11 15 -6 22 18 25 21 -21 -19 -4 24 -24 -18 -2 -5 29 -29
right_child=1 -3 16 27 14 6 -8 8 10 13 11 -13 -14 -15 -16 -17 17 19 -20 20 -22 -23 23 -25 -26 -27 -28 28 -30 -31
leaf_value=-0.0061258294368031919 0.0022968588261849878 0.010412484497120327 0.0067132764631988489 0.017458797023065836 -0.00919514967075254 0.0028985294924689258 0.011035603351349999 0.0018630533436946235 -0.00077899572098701607 0.033813841217223521 0.013381250519955404 -0.0037222094968201343 -0.013524274003782642 0.10648590450988563 -0.018462109993613095 0.032831431318028556 0.0046353468114002381 -0.021575241827753496 0.021106920187010519 -0.00037309400804587281 0.010395549626050679 -0.0019654194773282285 4.0500816512092268e-05 -0.0014537697967516687 -0.022745725601354169 -0.057801814831476374 -0.0022396294713586452 0.0031278852497276266 0.018250682239852711 0.012477882236813098
leaf_weight=17027.118237242103 8131.3539487048984 8041.3684297353029 1475.5952341109514 785.58210571110249 578.77181053161621 17511.280272319913 2567.6614300832152 2210.382874801755 1896.2237188965082 132.94750252366066 2272.7323178052902 24278.51331295073 3555.2853662967682 51.731584802269936 898.1879970729351 138.91476678848267 3350.085290491581 385.00377163290977 1210.972587749362 5177.6087611988187 3061.7546067684889 14252.492323026061 1053.4332405328751 12886.497216448188 1132.88590683043 27.539889842271805 10690.487892404199 5641.5705576390028 680.0588800907135 1436.8918665871024
leaf_count=90073 36686 55689 5971 3725 2601 79672 14110 11580 9934 647 10576 116480 19230 237 4171 626 14439 1645 5417 23477 14400 59569 4297 53384 4650 118 48541 24960 5355 8540
internal_value=4.83104e-06 0.00353605 -0.00210794 0.00240896 0.00139407 0.00189782 0.00393908 -0.00388334 -0.0027733 0.00589639 -0.00342213 -0.00225819 -0.00909102 0.0541705 -0.0107332 -0.00106052 -3.35918e-05 0.00120424 0.00860761 -0.000280711 0.00362854 -0.00248121 -0.00208803 -0.00294966 -0.0117666 0.00412626 -0.00027979 0.00722164 0.00618508 0.00502589
internal_weight=152541 57102.1 95438.8 49060.8 40516.7 38900.8 20078.9 51424.9 34397.8 2395.06 32002.8 26551.2 5451.51 184.679 1615.87 717.687 44013.9 27465.5 4588.6 22876.9 8239.36 14637.5 16548.4 15072.8 2186.32 3377.63 18821.8 8544.1 7758.52 7078.46
internal_count=730800 284676 446124 228987 186407 179009 93782 258757 168684 12464 156220 127056 29164 884 7398 3227 187367 119065 19974 99091 37877 61214 68302 62331 8947 14557 85227 42580 38855 33500
is_linear=0
shrinkage=0.05


Tree=57
num_leaves=31
num_cat=0
split_feature=9 0 2 2 5 4 13 4 4 4 0 7 6 4 7 7 7 5 5 8 8 1 7 8 5 8 7 8 4 0
split_gain=411.55 163.752 127.26 94.9474 92.2301 52.8402 50.2777 48.5926 51.6188 50.8129 48.5443 48.0355 64.8774 49.2433 45.5846 61.9069 41.1922 55.2197 40.4262 109.272 93.6835 71.0832 80.8761 51.8304 45.314 71.8984 102.674 41.4247 40.1242 46.1745
threshold=1.0000000180025095e-35 10.500000000000002 1.0000000180025095e-35 1.0000000180025095e-35 22169.099609375004 47648.500000000007 6.5000000000000009 44355.500000000007 43987.500000000007 45981.500000000007 19.500000000000004 46814.000000000007 64.726764678955092 46714.500000000007 115.50000000000001 1792.5000000000002 39606.500000000007 40369.250000000007 27389.928710937504 37622.500000000007 37571.500000000007 2.5000000000000004 37278.500000000007 38756.500000000007 2478.416625976563 9851.5000000000018 4768.5000000000009 31020.500000000004 45954.500000000007 1.5000000000000002
decision_type=2 2 2 2 2 2 2 2 2 2 2 2 2 2 2 2 2 2 2 2 2 2 2 2 2 2 2 2 2 2
left_child=2 3 7 16 -3 14 10 8 -1 28 -6 13 -13 -11 -5 -16 -2 -18 24 20 27 23 -23 -21 -4 26 -26 -20 29 -9
right_child=1 4 18 5 6 -7 -8 9 -10 11 -12 12 -14 -15 15 -17 17 -19 19 21 -22 22 -24 -25 25 -27 -28 -29 -30 -31
leaf_value=-0.0042940685374506593 -0.0016702433029815293 -0.00054122976227032916 0.0063798556303543896 -0.012736301571182494 0.0099272760869593048 0.017672109342807944 -0.072330630754013192 -0.0095670191316121495 -0.019902435803450247 -0.0029464522345950196 0.019461641470447232 0.0025461161868445287 0.052814262825632313 -0.014287518419687254 0.0110072272662688 0.0030990396125487613 0.031079172075141537 0.0030358322761973077 0.0085714430689038824 -0.020429841244253233 0.020168366096112667 -0.00035440500339146969 0.0099064038932597312 -0.0018669119725526991 3.8475785473582586e-05 -0.0013809259621300578 -0.021658267175890533 -0.0026784964762904596 0.024686964411115661 0.0039598448352909498
leaf_weight=39745.115279570222 15343.892740651965 1819.7200333625078 1475.0893352776766 420.1310959905386 5472.5264257714152 684.14882226288319 17.611497715115547 740.66855804622173 536.85891433060169 3534.1889320015907 1765.8197718858719 936.31388187408447 68.91117849946022 1312.6458479315042 2735.7684430330992 25934.114582516253 188.11336304247379 2626.1280738711357 1980.4977544248104 386.22696456313133 1204.1380338445306 5178.097546800971 3052.5288713425398 14254.246877610683 1053.4343551844358 12887.910131826997 1130.3450310975313 1394.3896750956774 201.96329148113728 4256.1882974356413
leaf_count=204831 65651 10636 5971 1938 36873 5634 99 3830 2872 16670 13452 4134 279 6022 12973 125586 808 11026 8544 1645 5417 23477 14400 59569 4297 53384 4650 6013 952 19167
internal_value=4.63872e-06 0.0033653 -0.00200506 0.00219923 0.00952373 0.00393709 0.0120479 -0.00369634 -0.00450209 -0.00075927 0.0122532 -0.0039549 0.00599215 -0.0060179 0.00361406 0.00385366 -0.00065035 0.00491034 -3.17832e-05 0.00114494 0.00819527 -0.000266605 0.00345107 -0.00235662 -0.0019839 -0.00280247 -0.011192 0.00392335 0.0028379 0.0019548
internal_weight=152338 57008 95329.8 47932.3 9075.68 29774.2 7255.96 51332.9 40282 11050.9 7238.35 5852.06 1005.23 4846.83 29090 28669.9 18158.1 2814.24 43996.9 27450.1 4579.03 22871.1 8230.63 14640.5 16546.8 15071.7 2183.78 3374.89 5198.82 4996.86
internal_count=730800 284676 446124 223616 61060 146131 50424 258757 207703 51054 50325 27105 4413 22692 140497 138559 77485 11834 187367 119065 19974 99091 37877 61214 68302 62331 8947 14557 23949 22997
is_linear=0
shrinkage=0.05


Tree=58
num_leaves=31
num_cat=0
split_feature=0 2 5 0 3 2 7 8 7 7 6 0 5 3 7 7 9 8 6 1 8 8 7 8 7 8 8 8 5 3
split_gain=376.628 182.184 139.249 88.2635 68.328 68.1614 71.4071 64.712 74.3886 94.2835 64.3143 75.2306 55.7312 51.7265 51.5988 47.5606 45.4297 45.1281 43.8197 42.2257 41.9454 37.5941 34.1385 32.8871 32.1112 31.3525 29.9583 39.3124 35.3692 28.9755
threshold=5.5000000000000009 1.0000000180025095e-35 30693.250000000004 10.500000000000002 46831.000000000007 4.5000000000000009 10688.500000000002 20015.500000000004 1792.5000000000002 115.50000000000001 567.83541870117199 2.5000000000000004 20859.833007812504 46709.500000000007 1662.5000000000002 51.500000000000007 1.0000000180025095e-35 41131.500000000007 3193.400512695313 5.5000000000000009 46768.500000000007 41685.000000000007 2243.5000000000005 2242.5000000000005 9487.0000000000018 42935.500000000007 40643.500000000007 41870.500000000007 39682.044921875007 47139.500000000007
decision_type=2 2 2 2 2 2 2 2 2 2 2 2 2 2 2 2 2 2 2 2 2 2 2 2 2 2 2 2 2 2
left_child=1 7 5 18 13 6 12 23 9 15 11 -10 22 16 -11 -9 17 -3 26 -8 -15 -12 -2 -1 -20 -14 28 -28 -4 -6
right_child=2 4 3 -5 29 -7 19 8 10 14 21 -13 25 20 -16 -17 -18 -19 24 -21 -22 -23 -24 -25 -26 -27 27 -29 -30 -31
leaf_value=0.0019158151425560214 0.0012795866395477725 0.00083584813874537005 0.013188522530736616 0.013039826451722487 0.021667992701925116 0.0077022220196662806 -0.0020718312499577933 0.0061407444412786725 -0.002048254096238471 0.0072249510202454436 -0.0061699708047939159 0.0066457942199250235 0.007790906022006285 -0.03090391883938879 0.042608525151784822 -0.0296137907658886 0.0026898580249984762 -0.0029676802625209406 0.0083580589895202364 -0.014564959253924984 -0.0029605332551077669 -0.0028718633601287542 -0.0076702640533889508 -0.0089403079078870153 0.0015636261919137414 0.00052141044402571901 -0.0026591511286166523 0.010202626753569196 0.039887511926091732 0.0066396700578202714
leaf_weight=786.20276992022991 2303.7779400646687 22517.267701864243 730.36767891794443 5230.7868244126439 381.55665574967861 3230.3553502857685 1534.6241535320878 142.87763431668282 14886.258114278316 2424.2507575154305 15040.854949817061 2987.6042945981026 3378.6199891939759 234.03608083724976 107.60623952746391 266.47772669792175 16800.397169224918 11930.52686393261 2366.3071256354451 1209.3523454517126 315.12607116997242 20304.27443164587 1982.3272879272699 6191.2538343966007 6559.242210239172 2643.8765219822526 759.88011215627193 2723.3686672821641 149.42114733159542 2012.1955052986741
leaf_count=4116 10821 93065 4551 36819 1644 20999 7526 699 74993 10917 76272 12902 16615 983 479 1334 74178 48461 11681 5837 1336 93782 9252 34292 32542 13383 4132 14277 943 11969
internal_value=4.54246e-06 -0.00135039 0.00457243 0.00753805 0.00077629 0.00119949 -0.000409857 -0.00317573 -0.0026115 0.00512918 -0.0030393 -0.00059505 0.00149816 0.000394617 0.00872879 -0.0171344 0.00055818 -0.000481452 0.00537238 -0.00757793 -0.0148691 -0.00427535 -0.00285973 -0.00771707 0.00336494 0.0045996 0.00947904 0.0073968 0.017723 0.00903514
internal_weight=152131 117329 34802.3 18519.4 54191.1 16282.9 13052.6 63137.7 56160.2 2941.21 53219 17873.9 10308.6 51797.4 2531.86 409.355 51248.2 34447.8 13288.6 2743.98 549.162 35345.1 4286.11 6977.46 8925.55 6022.5 4363.04 3483.25 879.789 2393.75
internal_count=730800 541422 189378 104945 231636 84433 63434 309786 271378 13429 257949 87895 50071 218023 11396 2033 215704 141526 68126 13363 2319 170054 20073 38408 44223 29998 23903 18409 5494 13613
is_linear=0
shrinkage=0.05


Tree=59
num_leaves=31
num_cat=0
split_feature=9 13 2 2 10 3 7 13 4 8 5 8 8 8 6 5 5 8 7 7 5 8 8 8 0 1 3 8 7 7
split_gain=347.413 145.844 104.246 76.0523 56.3666 53.3778 49.0414 42.5084 41.9713 71.4048 163.919 73.7671 221.925 73.5713 66.6539 41.5438 36.9177 43.8992 38.1172 50.8076 36.4886 98.4549 73.862 73.1936 52.1959 50.1475 40.7918 65.5409 149.451 53.5826
threshold=1.0000000180025095e-35 1.5000000000000002 1.0000000180025095e-35 1.0000000180025095e-35 1.055555582046509 25968.500000000004 2243.5000000000005 6.5000000000000009 25904.000000000004 31020.500000000004 30693.250000000004 39664.500000000007 40710.500000000007 37622.500000000007 130.00461578369143 28834.325195312504 39646.550781250007 40417.500000000007 37359.500000000007 37278.500000000007 27389.928710937504 37645.500000000007 38756.500000000007 37571.500000000007 5.5000000000000009 2.5000000000000004 2474.5000000000005 8038.5000000000009 5131.0000000000009 156.50000000000003
decision_type=2 2 2 2 2 2 2 2 2 2 2 2 2 2 2 2 2 2 2 2 2 2 2 2 2 2 2 2 2 2
left_child=2 3 8 16 15 6 -5 -6 -1 10 -10 13 -13 -11 -12 -3 18 -18 19 -2 26 23 24 -22 -23 -24 29 28 -28 -4
right_child=1 4 20 5 7 -7 -8 -9 9 11 14 12 -14 -15 -16 -17 17 -19 -20 -21 21 22 25 -25 -26 -27 27 -29 -30 -31
leaf_value=-0.0054165554028051816 -0.0017986087087041962 0.0069785081891716449 -0.012720812270846827 0.0068261542907155533 0.0033000884697204527 0.0050973380685644673 -0.0012077951742929362 -0.073981886856198095 0.0021383551574169646 -0.00035969813041192717 0.032020195171177046 0.013018249713033123 -0.0033142838371659762 -0.012595390270580254 0.098039988712673998 0.014735497896799619 0.03291160468151897 0.0024581202936072594 -0.018386361968126222 0.038420084815637266 0.0036761396719541188 -0.032973396150907351 -0.0017380144808002776 0.017424729596970511 0.016083443816291561 0.0031903098974913439 -0.00064239514165365325 -0.0016789870894046727 -0.031652197848196 0.0076824660351364803
leaf_weight=16900.617227643728 12737.615833178163 3260.5326629057527 386.65284869074821 2475.942884594202 2930.7666966766119 18743.073825784028 8159.1979074776173 17.902042016386986 2204.4130607396364 1888.3106995970011 134.48116473853588 2275.5175673514605 24192.188447445631 3516.2131451815367 53.416776701807976 3667.7051791995764 121.71148230135441 4268.9565090686083 345.25793977081776 79.012996718287468 3371.097931586206 275.71273204684258 14250.691868402064 1358.0166817381978 67.496105402708054 8093.0061050504446 1037.7812150865793 12580.226361766458 621.07740449905396 1917.9891573190689
leaf_count=90073 54708 18662 1572 11739 17427 99515 38019 95 11580 9934 647 10576 116480 19230 237 24071 531 18021 1541 347 14557 1155 59569 6114 393 37277 4234 52063 2570 7863
internal_value=4.41179e-06 0.00309835 -0.00184326 0.00193611 0.00862076 0.00349192 0.00066257 0.00283089 -0.00337749 -0.00237175 0.00595947 -0.00299709 -0.00191012 -0.00832031 0.0507887 0.0110849 -0.000667881 0.00330231 -0.00199229 -0.00155067 -5.75401e-05 0.00106147 -0.000306535 0.0076242 -0.0233258 4.70508e-05 -0.00191195 -0.0029108 -0.0122525 0.00425938
internal_weight=151933 56807.7 95124.9 46930.8 9876.91 29378.2 10635.1 2948.67 51165.2 34264.5 2392.31 31872.2 26467.7 5404.52 187.898 6928.24 17552.6 4390.67 13161.9 12816.6 43959.7 27416 22686.9 4729.11 343.209 22343.7 16543.7 14239.1 1658.86 2304.64
internal_count=730800 284676 446124 224421 60255 149273 49758 17522 258757 168684 12464 156220 127056 29164 884 42733 75148 18552 56596 55055 187367 119065 98394 20671 1548 96846 68302 58867 6804 9435
is_linear=0
shrinkage=0.05


Tree=60
num_leaves=31
num_cat=0
split_feature=0 13 6 0 5 6 1 5 8 3 4 3 8 8 7 7 7 7 8 10 7 5 13 6 7 0 5 4 4 8
split_gain=324.486 178.475 148.88 105.847 102.247 98.14 103.101 71.9747 84.4775 82.4446 71.5584 120.823 102.122 98.3734 94.0309 67.9598 92.8949 60.6787 54.2823 51.5093 48.8852 38.2644 38.2019 36.0016 47.9085 32.6425 32.3984 29.7137 29.1254 111.999
threshold=2.5000000000000004 1.5000000000000002 695.80307006835949 6.5000000000000009 32151.041992187504 9.772219657897951 1.5000000000000002 27868.349609375004 37606.500000000007 39673.500000000007 39529.500000000007 47648.500000000007 38878.500000000007 47509.000000000007 38841.500000000007 2243.5000000000005 115.50000000000001 30284.000000000004 42935.500000000007 1.055555582046509 12613.500000000002 28834.325195312504 7.5000000000000009 75.883831024169936 46814.000000000007 18.500000000000004 46407.349609375007 43622.500000000007 27759.500000000004 37600.500000000007
decision_type=2 2 2 2 2 2 2 2 2 2 2 2 2 2 2 2 2 2 2 2 2 2 2 2 2 2 2 2 2 2
left_child=5 2 7 15 18 6 10 -2 17 -10 12 13 14 -12 -1 16 -4 -9 -5 21 -17 -3 -21 -7 26 -6 27 -25 -8 -30
right_child=1 19 3 4 25 23 28 8 9 -11 11 -13 -14 -15 -16 20 -18 -19 -20 22 -22 -23 -24 24 -26 -27 -28 -29 29 -31
leaf_value=-0.00095789711190333695 -0.00048405049214785109 0.0066519459290101113 -0.013648616264290687 0.0022412371702860224 0.0063545324601913984 -0.012538566384960762 -0.001057211072904658 0.0064739304910916397 -0.0033108696253912823 0.0072260005761401033 -0.006980659108936459 0.0065676981334217375 0.012799272221481282 -0.073258428888583207 -0.040679665116528395 -0.0041913512955598468 0.0059670631858384556 0.023291044960951246 -0.005902010197847256 0.0030302392967620339 -0.00062722038167196145 0.014117393849620264 -0.093655693979674146 -0.0055080660971749485 0.049580489299666172 0.018655907320733967 -0.02558589755457525 -0.0006266588935496995 0.031076833303712123 0.0046047716645640953
leaf_weight=16922.86190135777 4429.6353627592325 3249.8511887267232 682.33933320641518 6368.953860476613 7945.8068407475948 1601.3734527826309 1100.7289656847715 958.80995137989521 2309.5586366802454 9462.1036161631346 10088.263136461377 1843.1168779432774 1387.1461654305458 56.298764884471893 150.31211651861668 15934.621493861079 5228.1428902000189 1217.4519038647413 3015.3408761546016 2934.2833941429853 24280.555056363344 3637.6585863903165 10.252104848623274 19094.76482847333 40.451512798666954 578.54816413670778 187.40088307857513 3725.7857788205147 465.09097032248974 2835.6684590280056
leaf_count=75873 19513 18662 3027 32536 44002 8090 5981 4713 11370 43299 45460 9948 6063 252 672 70450 22775 6164 15000 17475 106656 24071 47 99735 163 4308 867 17750 2309 13569
internal_value=4.18706e-06 0.00186114 0.00110148 -3.70144e-05 0.00322542 -0.00287471 -0.00116688 0.00506843 0.00683181 0.0051587 -0.00220089 -0.00520885 -0.000247588 -0.00734848 -0.00130761 -0.00130368 0.00370252 0.0158818 -0.000375333 0.00822855 -0.00203945 0.0105948 0.0026936 -0.00528922 -0.00478555 0.00718943 -0.00488113 -0.00471111 0.00598603 0.0083348
internal_weight=151743 92243.9 82411.9 64034.3 17908.6 59499.3 34849.5 18377.6 13947.9 11771.7 30448 11987.7 18460.3 10144.6 17073.2 46125.7 5910.48 2176.26 9384.29 9832.05 40215.2 6887.51 2944.54 24649.8 23048.4 8524.36 23008 22820.6 4401.49 3300.76
internal_count=730800 444068 383813 298754 95846 286732 160127 85059 65546 54669 138268 55660 82608 45712 76545 202908 25802 10877 47536 60255 177106 42733 17522 126605 118515 48310 118352 117485 21859 15878
is_linear=0
shrinkage=0.05


Tree=61
num_leaves=31
num_cat=0
split_feature=9 2 2 4 4 5 7 8 8 8 3 7 8 8 8 6 8 8 8 8 3 5 3 2 8 4 4 1 7 5
split_gain=296.19 129.925 87.6357 77.4935 91.0884 57.4622 61.6795 56.8013 45.1392 58.2897 39.8855 60.5508 51.682 74.0296 65.4996 37.0207 33.6131 139.181 65.3817 54.8985 227.89 40.9356 65.0755 40.8332 44.5336 33.5955 39.2525 31.6323 37.7733 33.8187
threshold=1.0000000180025095e-35 3.5000000000000004 1.0000000180025095e-35 44355.500000000007 42953.500000000007 25049.833007812504 2243.5000000000005 37617.500000000007 44235.500000000007 44318.500000000007 1204.5000000000002 115.50000000000001 20015.500000000004 21687.500000000004 21457.500000000004 567.83541870117199 41208.500000000007 42252.000000000007 25856.500000000004 42686.500000000007 42674.500000000007 2478.416625976563 8146.0000000000009 3.5000000000000004 37622.500000000007 44391.500000000007 44655.500000000007 6.5000000000000009 115.50000000000001 18705.750000000004
decision_type=2 2 2 2 2 2 2 2 2 2 2 2 2 2 2 2 2 2 2 2 2 2 2 2 2 2 2 2 2 2
left_child=2 3 10 4 5 6 -2 -7 -6 -10 11 -1 -12 14 -14 -15 18 -18 21 20 -19 -4 -23 24 -20 -5 -27 28 -3 -29
right_child=1 27 16 25 8 7 -8 -9 9 -11 12 -13 13 15 -16 -17 17 19 23 -21 -22 22 -24 -25 -26 26 -28 29 -30 -31
leaf_value=-0.015805276566078986 0.0038324112234168605 -0.027607498328949542 0.0058478272538926394 0.016160580187920614 -0.0040683619836077599 0.0095893561760496127 -0.0031828659411721819 0.0020858894823098675 -0.040265013147876907 -0.0088314315079571163 -0.0080489852184676327 0.010497532795923102 0.0034174452805128836 -0.0010671478757852064 0.042244816306552108 -0.0040925063598471053 -0.010622544548949103 0.0015404511601126347 0.0054410271888866877 -0.00061757926332761789 0.056802550843998857 -0.010206457436990396 -0.00068576045917386624 0.012148665355604736 -0.00015110190859965258 -0.010239963721716778 0.0060780321800041606 -0.00031129784108717114 0.0067723308362018847 0.014615879276523311
leaf_weight=272.9098542034626 4551.0588539615273 81.334598161280155 1474.0262656658888 777.45651961863041 995.10785603523254 2861.9652758315206 10057.195338830352 21243.218985870481 244.26827411353588 372.22440170496702 5225.2227888703346 1103.6494458466768 318.10009691119194 15778.240600243211 164.93757909536362 28156.88076724112 3538.6235892772675 1304.7365007102489 6581.0195900946856 12425.289508953691 217.68103504180908 2408.1131965070963 7047.3405226320028 1165.2191829755902 7756.0602221339941 388.14227525144815 7293.8294865190983 438.48707304894924 4512.9036401584744 2817.6434427946806
leaf_count=1502 20541 469 5971 3725 4521 13295 44741 100432 1104 1773 30046 5451 1726 78862 901 140269 14871 5546 27956 53435 889 9915 28759 7049 32976 1797 37058 2890 29386 22944
internal_value=4.03423e-06 0.00286573 -0.0017031 0.00190505 0.000992312 0.00147717 -0.000997325 0.00297676 -0.0106547 -0.0212861 -0.00311252 0.00528287 -0.00334532 -0.00279199 0.0166754 -0.00300602 -6.57565e-05 -0.00176641 0.00105934 0.000480446 0.00944204 -0.00190231 -0.00311049 0.00314737 0.0024158 0.00625594 0.00525354 0.00883567 0.00616368 0.0126057
internal_weight=151573 56634.8 94938.1 48784.5 40325 38713.4 14608.3 24105.2 1611.6 616.493 51019.9 1376.56 49643.4 44418.2 483.038 43935.1 43918.1 17486.3 26431.8 13947.7 1522.42 10929.5 9455.45 15502.3 14337.1 8459.43 7681.97 7850.37 4594.24 3256.13
internal_count=730800 284676 446124 228987 186407 179009 65282 113727 7398 2877 258757 6953 251804 221758 2627 219131 187367 74741 112626 59870 6435 44645 38674 67981 60932 42580 38855 55689 29855 25834
is_linear=0
shrinkage=0.05


Tree=62
num_leaves=31
num_cat=0
split_feature=0 13 7 7 6 1 0 7 7 7 4 4 8 7 3 0 3 8 10 6 6 3 4 5 7 7 13 5 3 4
split_gain=280.583 153.605 132.783 104.432 84.525 94.248 68.5073 66.5814 142.702 88.056 64.8453 116 92.0136 85.2609 80.9194 56.5426 53.5732 51.8703 47.0555 35.5693 74.8735 66.9612 152.429 34.7015 34.3999 40.855 34.2402 32.1805 27.3234 25.0492
threshold=2.5000000000000004 1.5000000000000002 37278.500000000007 37292.500000000007 9.772219657897951 1.5000000000000002 18.500000000000004 115.50000000000001 826.50000000000011 99.500000000000014 39529.500000000007 40622.500000000007 38878.500000000007 38841.500000000007 47648.500000000007 6.5000000000000009 47130.000000000007 41150.500000000007 1.055555582046509 6292.0397949218759 6380.7026367187509 40645.500000000007 27923.500000000004 25651.416992187504 3435.5000000000005 3799.5000000000005 6.5000000000000009 47104.666015625007 47130.000000000007 27759.500000000004
decision_type=2 2 2 2 2 2 2 2 2 2 2 2 2 2 2 2 2 2 2 2 2 2 2 2 2 2 2 2 2 2
left_child=4 2 6 17 5 10 7 9 -9 -2 12 -12 13 -1 -13 16 -5 -4 23 27 21 -21 -23 -3 -22 -26 28 -6 -20 -7
right_child=1 18 3 15 19 29 -8 8 -10 -11 11 14 -14 -15 -16 -17 -18 -19 26 20 24 22 -24 -25 25 -27 -28 -29 -30 -31
leaf_value=-0.00089720791617011451 -0.0015200102583235013 0.0051308006694225118 0.045674640068648339 0.002518167475617315 -0.0067558291084988276 -0.00080526628166314659 0.011515984026244477 0.0094719182623126345 -0.00081193589969317842 -0.031367612039753578 -0.019878274096755452 -0.0052870322103623843 0.012160581439520531 -0.038795667084628206 0.0062346011746246552 0.011102114640682477 0.017264161135127187 0.0056070998739004051 0.0020086259507430529 0.0034474503764435147 0.0026583908460986743 0.14444450631230163 -0.016240239917681889 0.012580218905432181 -0.02753703610596292 -0.0041055780462162707 -0.065129789172614888 0.039378367873108854 0.032500560980983043 0.0079105195836512397
leaf_weight=16906.71011389792 648.18094216287136 2422.8811334148049 226.88600933551788 17999.938819311559 13583.046459853649 1097.6621042490005 1230.1862347051501 3593.8683749064803 54972.503640316427 399.34527491033077 1173.5476777851582 8951.135385915637 1387.2700474709272 149.71868526935577 1836.6122289001942 2450.2156499251723 637.76562981307507 125.42844537645578 2838.8127147629857 78.943045198917389 1996.0925317406654 33.460063457489014 26.407085359096527 4406.477312810719 190.13931791484356 8610.9805766940117 18.670588582754135 37.905065074563026 75.420959129929543 3310.9831472337246
leaf_count=75873 2942 13558 1136 79164 69920 5981 8459 16303 254488 1819 5133 40579 6063 672 9948 15120 3794 588 16843 420 9983 169 134 29175 1028 44799 95 152 584 15878
internal_value=3.90108e-06 0.0017325 0.00102897 0.00441255 -0.00267608 -0.00109159 -0.00016334 -0.000404353 -0.000180877 -0.0128987 -0.00208222 -0.00494951 -0.000222692 -0.00122987 -0.00332548 0.00396151 0.00302276 0.0314101 0.00766248 -0.00492236 -0.00279865 0.0336893 0.0735673 0.00993736 -0.00326774 -0.00461179 0.00236534 -0.00662744 0.00279776 0.00574047
internal_weight=151417 92046.6 82284.3 21440.2 59370.6 34813.6 60844.1 59613.9 58566.4 1047.53 30405 11961.3 18443.7 17056.4 10787.7 21087.9 18637.7 352.314 9762.26 24557 10936 138.81 59.8671 6829.36 10797.2 8801.12 2932.9 13621 2914.23 4408.65
internal_count=730800 444068 383813 99802 286732 160127 284011 275552 270791 4761 138268 55660 82608 76545 50527 98078 82958 1724 60255 126605 56533 723 303 42733 55810 45827 17522 70072 17427 21859
is_linear=0
shrinkage=0.05


Tree=63
num_leaves=31
num_cat=0
split_feature=2 0 3 8 3 3 8 6 1 3 0 3 3 3 4 8 4 7 7 9 3 7 6 8 1 3 6 7 8 8
split_gain=257.333 99.2906 145.483 319.32 112.866 105.548 84.1963 76.6282 84.9678 68.9182 66.2767 62.6796 61.846 90.4221 58.6677 105.24 83.1433 57.9856 52.7934 46.1884 43.3157 42.9623 42.8616 36.6341 44.3288 36.1606 33.1071 41.2884 31.3789 57.9427
threshold=1.5000000000000002 2.5000000000000004 39673.500000000007 40417.500000000007 37629.500000000007 38755.500000000007 39681.500000000007 9.772219657897951 1.5000000000000002 25968.500000000004 19.500000000000004 39681.500000000007 40715.500000000007 44355.500000000007 39529.500000000007 42348.500000000007 39326.500000000007 22565.500000000004 115.50000000000001 1.0000000180025095e-35 38871.500000000007 40424.500000000007 172.51702880859378 41208.500000000007 1.5000000000000002 39679.500000000007 75.883831024169936 46814.000000000007 43794.000000000007 44389.500000000007
decision_type=2 2 2 2 2 2 2 2 2 2 2 2 2 2 2 2 2 2 2 2 2 2 2 2 2 2 2 2 2 2
left_child=1 7 4 6 9 -6 25 8 14 17 18 -8 21 -14 16 -16 -1 -3 28 23 -7 -5 -11 24 -20 -4 -9 -28 -2 -30
right_child=10 2 3 12 5 20 11 26 -10 22 -12 -13 13 -15 15 -17 -18 -19 19 -21 -22 -23 -24 -25 -26 -27 27 -29 29 -31
leaf_value=-0.0010706090308352557 -0.0061290562278210389 -0.0013863867397605123 0.02427048694279102 0.012447586221157393 -0.02656699701349978 0.0013661761029120163 0.046720796864918576 -0.011671837253792255 0.0054412981884313285 0.013831562124552567 0.013163460243186952 0.016275736458597128 -0.0022443848993319716 0.004058636940051822 -0.011660857941519305 -0.0015402830889471111 0.012910023020676332 -0.012167280504211708 -0.002203127723598678 0.0051496659672229496 -0.0087942312179106943 -0.0092065496532605443 0.0021220754108174397 -0.0018633691251896446 0.0060618326409886359 -0.013240834398797339 -0.0042932804361232053 0.046254257980481696 -0.076449489795424874 -0.0038849386895586052
leaf_weight=17308.298629522324 367.34882879257202 17020.560817688704 124.59766629338264 1970.3121704757214 693.7217543721199 1496.4332398027182 573.57492285966873 1586.9156911820173 4418.1234458088875 884.34696163237095 1801.8268136903644 239.70900815725327 10389.110868215561 12580.149105727673 3740.0692690014839 8201.54603330791 1133.0582123547792 1345.8658253699541 2345.8139844834805 18715.32473128289 3508.0290944725275 259.19050838053226 6720.3908420503139 5431.120277300477 5260.4189339280128 132.6410266906023 22873.488306611776 40.470219627022743 49.898130878806114 61.3134426176548
leaf_count=77655 1822 74759 522 8634 3131 6651 2545 8090 21859 3789 14695 1026 45375 54941 16557 39103 4953 5877 10414 111651 15497 1093 29711 24807 25952 561 118352 163 265 350
internal_value=3.72121e-06 -0.00110736 0.000364729 0.00311571 -0.00191717 -0.00828968 0.0298612 -0.00254562 -0.00103754 -0.000519019 0.0038313 0.0377474 0.00197948 0.00120775 -0.00197965 -0.00471001 -0.000211623 -0.0021764 0.00330961 0.00355804 -0.00575607 0.00993019 0.00348376 0.00127322 0.00351286 0.00492837 -0.00468769 -0.004204 -0.0131736 -0.036443
internal_weight=151274 117241 57938.6 26269.3 31669.3 5698.18 1070.52 59302 34801.1 25971.2 34033.1 813.284 25198.8 22969.3 30383 11941.6 18441.4 18366.4 32231.2 31752.7 5004.46 2229.5 7604.74 13037.4 7606.23 257.239 24500.9 22914 478.56 111.212
internal_count=730800 540844 254112 114697 139415 25279 4654 286732 160127 114136 189956 3571 110043 100316 138268 55660 82608 80636 175261 172824 22148 9727 33500 61173 36366 1083 126605 118515 2437 615
is_linear=0
shrinkage=0.05


Tree=64
num_leaves=31
num_cat=0
split_feature=9 2 2 4 4 4 8 8 7 7 7 7 7 7 7 7 7 7 7 13 4 4 4 4 8 6 6 5 3 7
split_gain=237.395 104.354 70.8913 66.9603 81.424 50.8203 41.7243 71.8236 36.7104 96.8322 58.366 85.9764 45.0917 61.4215 113.645 70.2133 39.2585 60.1697 43.6076 36.6018 32.1414 30.6371 35.0817 29.9721 86.1325 42.6486 89.5749 40.3564 65.6226 122.028
threshold=1.0000000180025095e-35 3.5000000000000004 1.0000000180025095e-35 44355.500000000007 42953.500000000007 25904.000000000004 43794.000000000007 43720.500000000007 826.50000000000011 537.50000000000011 498.50000000000006 156.50000000000003 13444.500000000002 22565.500000000004 23841.500000000004 21204.500000000004 10605.500000000002 10809.000000000002 9851.0000000000018 1.5000000000000002 10655.000000000002 44391.500000000007 44655.500000000007 20166.500000000004 21687.500000000004 0.4615792334079743 371.55081176757818 2478.416625976563 8146.0000000000009 5184.5000000000009
decision_type=2 2 2 2 2 2 2 2 2 2 2 2 2 2 2 2 2 2 2 2 2 2 2 2 2 2 2 2 2 2
left_child=2 3 8 4 5 20 7 -6 9 10 11 -1 16 15 -15 -14 18 -18 -10 -7 -2 -5 -23 27 -25 -26 -27 -4 29 -29
right_child=1 -3 23 21 6 19 -8 -9 12 -11 -12 -13 13 14 -16 -17 17 -19 -20 -21 -22 22 -24 24 25 26 -28 28 -30 -31
leaf_value=-0.012285045648574324 0.0018306499456067537 0.0079614546421246692 0.0055967570276377106 0.015258633283536589 -0.0088813997670720343 0.0022697515898207625 -0.017336960287125395 0.03130887639983617 -0.0050256673552535706 0.021111036507263512 -0.029636359508899809 0.013453566183109647 -0.0004217977377983991 -0.017668707716839406 -0.0023641205105645645 0.012514804458683387 -0.025012531253157569 -0.0071683089537862635 0.0049467449670552036 0.0087353764222558149 -0.0023515095831648991 -0.0098325037790230833 0.0055923819397728173 0.018690758812649075 -0.0016913204912110767 0.0085941948647501373 5.4752305436610439e-05 -0.0033149990188313934 -0.000902355448583718 -0.026608558797551352
leaf_weight=644.29087251424789 8085.2086244001985 7746.4720563217998 1473.3107588887215 772.29978365451097 577.09456886351109 17404.752496518195 895.99504975229502 137.68649291992188 9642.7957241386175 577.46633860468864 180.93832616508007 653.57999587059021 4578.1260432302952 1269.9877792298794 27013.211608916521 1360.5758118331432 556.47815799713135 3127.2373958528042 1236.8380649834871 2503.7604202032089 10639.880788519979 388.33035176247358 7261.6240781396627 655.66262857615948 13815.527041785419 3999.9166202843189 13222.068424262106 2014.5990159064531 7908.4092264324427 779.90765260159969
leaf_count=3434 36686 55689 5971 3725 2601 79672 4171 626 50588 2772 886 3172 23951 6577 134160 7043 2958 16608 6608 14110 48541 1797 37058 2666 57919 18008 58311 8308 32940 3244
internal_value=3.61986e-06 0.00257135 -0.00152581 0.00171338 0.000864934 0.00132416 -0.0101494 -0.00113965 -0.00279649 0.00374775 -0.00303252 0.000676368 -0.00307233 -0.00208069 -0.00305134 0.00254202 -0.00540254 -0.00986394 -0.00389197 0.00308289 -0.000545717 0.00576755 0.00480938 -5.31737e-05 0.000756893 0.000378043 0.00203809 -0.00216168 -0.00322966 -0.00981591
internal_weight=151124 56413.1 94710.9 48666.6 40244.4 38633.6 1610.78 714.781 50841.5 2056.28 1478.81 1297.87 48785.3 34221.9 28283.2 5938.7 14563.3 3683.72 10879.6 19908.5 18725.1 8422.25 7649.95 43869.4 31693.2 31037.5 17222 12176.2 10702.9 2794.51
internal_count=730800 284676 446124 228987 186407 179009 7398 3227 258757 10264 7492 6606 248493 171731 140737 30994 76762 19566 57196 93782 85227 42580 38855 187367 136904 134238 76319 50463 44492 11552
is_linear=0
shrinkage=0.05


Tree=65
num_leaves=31
num_cat=0
split_feature=0 5 8 8 8 8 0 8 0 6 8 3 2 7 1 7 7 7 6 8 3 6 8 7 13 5 8 4 7 6
split_gain=216.973 115.559 104.997 124.423 123.255 88.5972 84.2516 79.3469 67.1746 74.0468 64.4131 68.9047 50.4962 45.9682 52.5665 47.9362 57.1698 51.1057 44.3455 44.0678 103.277 112.628 76.1056 42.6502 37.6946 35.7808 33.6643 32.5289 29.82 29.0365
threshold=4.5000000000000009 30693.250000000004 47081.500000000007 46710.500000000007 46768.500000000007 47134.000000000007 10.500000000000002 46786.500000000007 2.5000000000000004 504.04238891601568 46704.500000000007 37629.500000000007 4.5000000000000009 10688.500000000002 5.5000000000000009 4681.5000000000009 2243.5000000000005 5131.0000000000009 3193.400512695313 47648.500000000007 47139.500000000007 245.13246917724612 47509.000000000007 21974.500000000004 1.5000000000000002 27868.349609375004 37600.500000000007 46921.500000000007 25910.000000000004 2.5866364240646367
decision_type=2 2 2 2 2 2 2 2 2 2 2 2 2 2 2 2 2 2 2 2 2 2 2 2 2 2 2 2 2 2
left_child=2 12 3 8 29 -4 18 -6 10 25 11 -1 13 15 -15 16 -2 -17 26 20 21 -7 -22 -20 -11 -10 -3 -9 -25 -5
right_child=1 6 5 4 7 19 -8 27 9 24 -12 -13 -14 14 -16 17 -18 -19 23 -21 22 -23 -24 28 -26 -27 -28 -29 -30 -31
leaf_value=-0.00087420860092959636 0.0014997718464869641 0.023525328897224571 0.035544373381195447 -0.037864203082642815 0.011213026393101398 0.041162992531128796 0.010939530653850428 -0.008046778879931259 -0.00064422587728799172 -0.0013946998958506316 0.027614695178408716 -0.0044353298473799093 0.006012230970191039 -0.0019652681656312071 -0.014135935646414905 0.017356047033081305 -0.0068293467865937103 0.0025307365276571962 0.0040353484760246696 0.0082231178355647999 -0.012112851365572608 -0.0048015674111914607 -0.064844465876588042 -0.0074260075683427089 0.0094317513338258441 0.005229025951283676 0.0061223526823317789 -0.035902000602113647 0.0011239201177156092 -0.019620664393661471
leaf_weight=29632.563454970717 5536.2539260610938 289.4500509724021 249.47724132239819 287.90665809810162 616.13453271985054 193.87856493890285 5058.8965491428971 1289.8396160006523 3687.7958458662033 29426.021307036281 178.06445679068565 25080.574078798294 3154.4429597556591 3348.0062713399529 1207.0589862987399 673.60952118039131 3281.2377074807882 4242.0118323564529 8129.7638355866075 2666.6936902180314 376.38068142533302 426.34304760396481 83.628321051597595 1638.1701092198491 826.56597800552845 8736.4739733487368 6954.0385021716356 114.0781397074461 2701.7612676694989 899.60982756316662
leaf_count=144181 26473 1808 1046 1390 2767 803 36819 5805 16069 130114 836 120382 20999 15743 5837 3207 15493 20085 38945 14739 1564 1780 372 7813 3571 38355 36046 524 13177 4057
internal_value=3.39051e-06 0.00285727 -0.00125545 -0.00157066 -0.0112603 0.00669294 0.00518343 -0.00374543 -0.00125211 0.000235795 -0.00240892 -0.00250663 0.000169924 -0.000837788 -0.00519041 0.000605909 -0.00159973 0.00456231 0.00370627 0.00477196 -0.00374769 0.00956675 -0.0216993 0.00189884 -0.0010989 0.00348572 0.00681778 -0.0103102 -0.00210337 -0.0240437
internal_weight=150987 46214.7 104772 100776 3207.57 3996.4 24772.1 2020.05 97568.1 42676.9 54891.2 54713.1 21442.6 18288.2 4555.07 13733.1 8817.49 4915.62 19713.2 3746.92 1080.23 620.222 460.009 12469.7 30252.6 12424.3 7243.49 1403.92 4339.93 1187.52
internal_count=730800 242445 488355 468051 14543 20304 134608 9096 453508 188109 265399 264563 107837 86838 21580 65258 41966 23292 97789 19258 4519 2583 1936 59935 133685 54424 37854 6329 20990 5447
is_linear=0
shrinkage=0.05


Tree=66
num_leaves=31
num_cat=0
split_feature=9 0 4 2 13 8 8 8 8 8 8 8 8 8 8 7 0 4 4 5 9 7 8 8 8 8 3 4 7 8
split_gain=202.93 97.6859 68.5676 59.5105 54.1019 47.5656 63.515 36.2535 168.799 52.2257 94.0432 62.3197 46.6318 172.059 126.886 40.9642 37.8678 34.4818 42.5813 41.3779 32.1527 30.6455 29.7864 119.544 53.5025 51.8689 208.654 37.045 87.7467 65.5564
threshold=1.0000000180025095e-35 19.500000000000004 25904.000000000004 1.0000000180025095e-35 1.5000000000000002 37617.500000000007 39664.500000000007 44318.500000000007 44235.500000000007 44399.500000000007 44389.500000000007 44391.500000000007 43720.500000000007 43794.000000000007 43043.500000000007 826.50000000000011 2.5000000000000004 10655.000000000002 11353.500000000002 28641.875000000004 9.5000000000000018 2243.5000000000005 41208.500000000007 42252.000000000007 25856.500000000004 42686.500000000007 42674.500000000007 37631.500000000007 37571.500000000007 38756.500000000007
decision_type=2 2 2 2 2 2 2 2 2 2 2 2 2 2 2 2 2 2 2 2 2 2 2 2 2 2 2 2 2 2
left_child=3 2 17 7 5 -4 -7 8 12 10 16 -12 14 -14 -1 -11 -9 19 -19 21 -3 -2 24 -24 -5 26 -25 28 -26 -29
right_child=1 20 4 22 -6 6 -8 9 -10 15 11 -13 13 -15 -16 -17 -18 18 -20 -21 -22 -23 23 25 27 -27 -28 29 -30 -31
leaf_value=-0.0029724488096277129 0.0043876001848501753 0.013411031917390424 0.0081529863450764909 -0.0016804950086389513 0.0082536548077812907 -0.0049261791633808116 0.0027398740196387921 -0.0079215522267684808 -0.038029626717077818 0.01830013571472075 0.042243969940413427 0.0067976111677518665 0.045592028557300199 -0.0093639693763717981 -0.025719589736063836 -0.0019463674460158448 0.010123230330723106 -0.01219342984517475 -0.0011659439974752868 0.010025282961304241 -0.072577830748160918 -0.0020406816304550926 -0.0098742383938646826 0.0015769631514683802 0.003117623839600439 -0.00064753106224215611 0.054524475666993769 -0.020335051429957233 0.018189428260527531 0.0012309226682931725
leaf_weight=32693.195487096906 3157.4915430620313 2088.2696729451418 3338.015937499702 10921.159900054336 4859.523668050766 3079.360640257597 22043.711513884366 661.16415855288506 350.38357892632484 254.20748166739941 269.00206105411053 230.04001298546791 222.84047861397266 394.67693342268467 624.77321928739548 14506.986717626452 518.94172985851765 951.98603712767363 10881.224670611322 1378.0457865297794 10.927989289164541 4491.1688687577844 3535.844050988555 1302.9241371303797 8011.8319305628538 12405.419116348028 217.06957386434078 374.49494075030088 1098.0481355190277 5968.5353243276477
leaf_count=173846 14831 16255 16097 44645 30664 15165 107579 3346 1938 1103 1210 1086 1099 2094 3398 67362 2275 4549 51647 7133 51 20705 14871 5546 34960 53435 889 1641 5003 26377
internal_value=3.29242e-06 0.00238049 0.00197046 -0.00141153 0.00337782 0.00254531 0.00180024 -0.00257755 -0.00350315 -0.000647221 0.00770829 0.0259045 -0.00314667 0.0104677 -0.003399 -0.0015977 1.34905e-05 -0.000277605 -0.00205311 0.00204992 0.0129634 0.000613018 -6.2214e-05 -0.00166405 0.0009983 0.000420625 0.00913837 0.00289151 0.00493429 -4.23407e-05
internal_weight=150841 56279.7 54180.5 94561.5 33320.6 28461.1 25123.1 50726.2 34285.9 16440.3 1679.15 499.042 33935.5 617.517 33318 14761.2 1180.11 20859.9 11833.2 9026.71 2099.2 7648.66 43835.3 17461.3 26374.1 13925.4 1519.99 15452.9 9109.88 6343.03
internal_count=730800 284676 268370 446124 169505 138841 122744 258757 182375 76382 7917 2296 180437 3193 177244 68465 5621 98865 56196 42669 16306 35536 187367 74741 112626 59870 6435 67981 39963 28018
is_linear=0
shrinkage=0.05


Tree=67
num_leaves=31
num_cat=0
split_feature=2 8 8 8 8 8 8 8 8 8 0 8 8 8 8 3 6 7 13 8 5 4 8 8 3 1 8 5 8 8
split_gain=187.232 76.7895 217.925 176.824 163.515 141.21 126.038 120.541 112.556 86.0041 84.1712 85.3732 82.7255 81.0146 78.577 74.6495 65.2953 64.8867 52.8207 55.1046 64.0702 51.1621 49.9169 49.8933 49.788 48.0092 81.4882 51.814 47.0513 64.1385
threshold=1.5000000000000002 44366.500000000007 44009.500000000007 43720.500000000007 43120.500000000007 43794.000000000007 44318.500000000007 44399.500000000007 44235.500000000007 44389.500000000007 3.5000000000000004 47081.500000000007 46786.500000000007 47134.000000000007 44391.500000000007 46015.500000000007 695.80307006835949 826.50000000000011 1.5000000000000002 41156.500000000007 25225.750000000004 38837.500000000007 43643.000000000007 39681.500000000007 47130.000000000007 2.5000000000000004 44380.500000000007 43356.583984375007 42080.500000000007 42025.500000000007
decision_type=2 2 2 2 2 2 2 2 2 2 2 2 2 2 2 2 2 2 2 2 2 2 2 2 2 2 2 2 2 2
left_child=1 2 3 4 17 -5 8 9 -4 25 11 15 16 -13 -11 -9 -12 -1 19 20 -2 -22 -6 -23 -14 26 -3 -27 29 -21
right_child=18 7 6 5 22 -7 -8 10 -10 14 12 13 24 -15 -16 -17 -18 -19 -20 28 21 23 -24 -25 -26 27 -28 -29 -30 -31
leaf_value=0.0046516014450459714 0.001071886469611682 0.014198050040859842 -0.010295173155957476 0.035802949152779887 -0.028027267070877843 -0.0037898776982871647 -0.0020629935959884209 -0.00070750589918905718 -0.037980979736263056 0.033344298539547797 0.016422745313894056 0.036072830211620291 -0.0093199554536478931 0.0033938671527119694 0.0070593336921791292 -0.0077404219791639296 0.003667111221951343 -0.0016664776108352764 0.0075298419133570556 -0.004535738462777229 0.010599534964905736 -0.0048178817320693344 -0.0053866837912996514 0.0092654778253916381 0.014475618999221791 0.0055871185752011301 -0.020025244068266349 0.037526058876812152 0.0014746284578749057 -0.046367133764419033
leaf_weight=4302.0328252911568 7145.8182574510574 295.23907229304314 663.46490277349949 571.1734427511692 747.66886515915394 371.79336130619049 919.93309673666954 9661.8461512476206 821.85409730672836 633.52489452064037 1116.1534151434898 202.10500901937485 1691.6993485167623 3079.01817946136 515.84018616378307 6190.5936774760485 9919.9703224897385 73365.012543290854 6013.4615607708693 2448.14624799788 5017.564676515758 1324.3532586470246 360.99669243395329 1197.5524167641997 252.65265712887049 655.48009337484837 423.3459093272686 157.49364978075027 10551.579068727791 95.19659548252821
leaf_count=19435 33613 1344 3084 2540 3550 1722 4241 43978 3951 2736 4733 837 7714 15287 2293 28843 44156 342069 42647 12680 28483 6906 1696 7058 1170 2871 1934 660 58098 471
internal_value=3.09507e-06 -0.000944365 -0.00177843 -0.00133104 -0.00158868 0.0201923 -0.0166066 0.00102422 -0.0256142 0.0112098 0.000173922 -0.00193447 0.00328175 0.00540677 0.0215475 -0.00345396 0.00495717 -0.00131651 0.00328111 0.0023614 0.00446424 0.00767947 -0.0206552 0.00186974 -0.00622791 0.00345176 -0.0059642 0.0117745 3.17027e-06 -0.00610148
internal_weight=150713 116919 82123.9 79718.7 78775.7 942.967 2405.25 34795 1485.32 2680.92 32114 19133.6 12980.5 3281.12 1149.37 15852.4 11036.1 77667 33793.7 27780.2 14685.3 7539.47 1108.67 2521.91 1944.35 1531.56 718.585 812.974 13094.9 2543.34
internal_count=730800 540844 382288 371012 366750 4262 11276 158556 7035 11838 146718 88945 57773 16124 5029 72821 48889 361504 189956 147309 76060 42447 5246 13964 8884 6809 3278 3531 71249 13151
is_linear=0
shrinkage=0.05


Tree=68
num_leaves=31
num_cat=0
split_feature=9 0 8 2 4 4 4 8 7 0 4 8 7 7 7 7 7 7 11 7 7 4 8 6 4 4 4 7 7 9
split_gain=174.964 86.9983 64.1814 57.4921 52.7208 120.393 63.4751 121.85 116.202 79.2002 54.9239 254.157 118.622 65.6925 63.0072 55.7812 49.8515 45.5233 45.0618 43.8162 52.1667 41.913 36.9729 35.8462 30.313 55.4734 29.1055 81.6202 81.116 28.8005
threshold=1.0000000180025095e-35 19.500000000000004 47648.500000000007 1.0000000180025095e-35 20166.500000000004 21770.500000000004 25904.000000000004 37617.500000000007 37278.500000000007 2.5000000000000004 5004.0000000000009 7137.0000000000009 4681.5000000000009 4768.5000000000009 5284.0000000000009 2988.5000000000005 4753.5000000000009 2740.5000000000005 2.5000000000000004 21701.500000000004 21606.500000000004 25281.000000000004 37617.500000000007 0.47418706119060522 22569.500000000004 22885.500000000004 10655.000000000002 11415.500000000002 9851.0000000000018 9.5000000000000018
decision_type=2 2 2 2 2 2 2 2 2 2 2 2 2 2 2 2 2 2 2 2 2 2 2 2 2 2 2 2 2 2
left_child=4 2 3 18 10 19 24 8 -8 -9 12 14 15 16 -12 17 -14 -1 -2 20 23 -5 -23 -6 -7 -26 28 -28 -13 -3
right_child=1 29 -4 21 5 6 7 9 -10 -11 11 26 13 -15 -16 -17 -18 -19 -20 -21 -22 22 -24 -25 25 -27 27 -29 -30 -31
leaf_value=-0.00026369992394366338 -0.00020474531872263519 0.01269289037829005 0.014708353160655337 0.0005988019322028461 0.019784887107550539 0.0020414334994367151 0.0018947639607825675 -0.0033745363709263773 0.015419238027119357 0.00052566307932738711 -0.014453824015367987 -0.0043783181991657585 0.013074946468943581 -0.00803518717794394 -0.047153060273126782 -0.0093309255125417039 0.047358785341246039 0.019239542019926767 -0.014846466078747615 -0.022840420182057657 0.040531173633189005 0.009168987504134446 0.0033141813897808112 0.0041468088722881125 -0.020995760000881887 -0.0053861188310026587 -0.011518646133292496 -0.0021860613651940655 0.0095593846385580838 -0.067933256159004557
leaf_weight=5520.9376050233841 18252.101638287306 2063.7529733255506 950.06587091088295 13170.336411215365 667.44343779981136 1019.3094133138657 7665.2721159681678 25908.46658192575 2003.3077025040984 26158.540209501982 227.0922212600708 3935.7275362461805 193.88738009333611 136.29836332798004 419.3666537553072 1774.0108956992626 234.00415073335171 316.34238456189632 541.06754615902901 83.888279527425766 168.87670613825321 3171.4544479548931 18005.006070464849 812.59860688447952 654.11687991023064 4382.5430611222982 3457.3798226714134 7267.2020301967859 1420.752110004425 11.135912731289862
leaf_count=25725 78558 16255 7215 64981 2897 4828 36578 126508 9317 117213 1099 19219 962 673 2000 8690 1085 1535 2339 406 791 16143 99134 3897 3169 20850 16830 35050 6802 51
internal_value=2.93418e-06 0.00221276 0.00182735 0.00159705 -0.00131146 -0.00060438 -0.000937032 -0.000457842 0.004697 -0.00141507 -0.0032855 -0.00492709 7.33027e-05 0.0221947 -0.0356663 -0.00156646 0.031824 0.000793248 -0.00062629 0.0124098 0.0142031 0.00281358 0.00419102 0.011199 -0.00582198 -0.00741336 -0.00369138 -0.00519469 -0.000681483 0.0122602
internal_weight=150592 56164.9 54090 53140 94427.4 69524.4 67791.6 61735.6 9668.58 52067 24903 16727.5 8175.48 564.19 646.459 7611.29 427.892 5837.28 18793.2 1732.81 1648.92 34346.8 21176.5 1480.04 6055.97 5036.66 16081.1 10724.6 5356.48 2074.89
internal_count=730800 284676 268370 261155 446124 326454 318463 289616 45895 243721 119670 81000 38670 2720 3099 35950 2047 27260 80897 7991 7585 180258 115277 6794 28847 24019 77901 51880 26021 16306
is_linear=0
shrinkage=0.05


Tree=69
num_leaves=31
num_cat=0
split_feature=0 5 2 0 8 7 7 7 8 8 7 8 8 2 5 7 8 3 7 4 7 7 8 2 7 3 8 8 8 3
split_gain=165.406 99.8484 92.8329 57.6705 49.9218 56.1844 64.5908 59.2192 53.1294 68.1864 51.0383 47.6223 74.7643 58.5957 57.1224 89.2081 47.4337 44.4986 48.8004 105.833 165.59 63.9455 55.6684 33.5047 42.8133 28.1255 51.4566 58.0431 40.8483 27.2048
threshold=6.5000000000000009 23356.250000000004 1.0000000180025095e-35 19.500000000000004 20015.500000000004 1792.5000000000002 115.50000000000001 51.500000000000007 21687.500000000004 21457.500000000004 1662.5000000000002 40643.500000000007 39681.500000000007 2.5000000000000004 36427.611328125007 10916.500000000002 47648.500000000007 46831.000000000007 2988.5000000000005 7308.5000000000009 5284.0000000000009 115.50000000000001 41131.500000000007 4.5000000000000009 10688.500000000002 47139.500000000007 47648.500000000007 47509.000000000007 47081.500000000007 4769.5000000000009
decision_type=2 2 2 2 2 2 2 2 2 2 2 2 2 2 2 2 2 2 2 2 2 2 2 2 2 2 2 2 2 2
left_child=2 23 4 11 29 6 7 -6 9 -7 -8 12 13 -3 15 -13 -10 18 21 20 -20 -4 -21 24 -2 28 27 -27 -19 -1
right_child=1 3 17 -5 5 8 10 -9 16 -11 -12 14 -14 -15 -16 -17 -18 25 19 22 -22 -23 -24 -25 -26 26 -28 -29 -30 -31
leaf_value=-0.0019391048581471242 -0.0026182613056031979 -0.0061448923499041255 -0.0099370762917245382 0.014075205538136116 0.011440612383362594 0.00024608651861822629 0.0062231850253166498 -0.026973077184367974 -0.0023105278544483534 0.037209209551228119 0.039550946348379225 0.0042795562853173586 0.0274765160454334 0.011290899210772625 0.0069393925325093343 -0.0066801196090506935 0.0090493777387638426 0.0019352194893283822 -0.0021679337992305506 0.0018934426225837996 -0.029595660628708421 0.0061293479293103954 -0.0015388405422509886 0.0040234469694244808 -0.019281164365175119 -0.0041370784367605632 0.0076058530092222645 -0.06553506869657795 0.032936979408197752 -0.0084719715706894037
leaf_weight=2508.9770229011774 3966.6922032684088 655.76962710916996 692.09169687330723 1744.1258638203144 157.25037862360477 344.08399978280067 2646.9027915000916 277.1744284927845 53279.335006043315 195.74629303812981 120.08628924190998 5649.9404862895608 522.90218149870634 1817.0028646290302 6422.019097559154 2765.5763669162989 935.04582898318768 194.09266728162766 2025.7662420719862 27379.307925879955 755.53439810872078 5889.559222817421 20779.55684813112 1703.1384840682149 426.99003053456545 170.2833608686924 1791.4277448877692 49.735968351364136 234.77937190234661 4367.9073005318642
leaf_count=13643 19273 3130 2872 14052 764 1828 11831 1426 259924 1025 528 31295 3241 12430 38914 15290 4013 843 8490 117879 3199 24966 89050 10611 2031 747 11288 237 1067 24913
internal_value=2.73235e-06 0.00365761 -0.00074919 0.00539768 -0.00206068 -0.00158275 0.00485551 -0.0130683 -0.00195918 0.0136492 0.0076696 0.004549 0.0102993 0.006667 0.00338801 0.000677897 -0.0021146 0.000668825 0.000388274 -0.000135208 -0.00961862 0.00443989 0.000412483 -0.00192989 -0.00423761 0.00728181 0.00480321 -0.0180163 0.0189067 -0.00608851
internal_weight=150469 25674.2 124795 19577.3 64832.5 57955.6 3201.41 434.425 54754.2 539.83 2766.99 17833.2 2995.67 2472.77 14837.5 8415.52 54214.4 59962.1 57521.8 50940.2 2781.3 6581.65 48158.9 6096.82 4393.68 2440.32 2011.45 220.019 428.872 6876.88
internal_count=730800 150267 580533 118352 319895 281339 14549 2190 266790 2853 12359 104300 18801 15560 85499 46585 263937 260638 246456 218618 11689 27838 206929 31915 21304 14182 12272 984 1910 38556
is_linear=0
shrinkage=0.05


Tree=70
num_leaves=31
num_cat=0
split_feature=0 4 4 2 8 3 3 3 6 1 4 8 4 5 8 4 4 8 7 3 8 8 5 1 3 4 6 6 3 4
split_gain=150.589 96.6621 193.795 92.3532 89.4332 61.437 321.912 98.7735 59.0287 85.6603 55.8227 69.1775 52.7586 66.4336 50.5165 48.3253 99.5214 79.3113 76.1961 51.7609 43.0928 38.4123 46.735 45.7175 32.3308 30.7371 30.589 67.5453 58.0979 126.988
threshold=2.5000000000000004 44355.500000000007 44195.500000000007 3.5000000000000004 44318.500000000007 39673.500000000007 39681.500000000007 37629.500000000007 9.772219657897951 1.5000000000000002 44391.500000000007 44933.500000000007 45819.500000000007 47104.666015625007 44235.500000000007 39529.500000000007 40622.500000000007 38878.500000000007 38841.500000000007 47648.500000000007 44354.500000000007 41247.500000000007 18373.277343750004 6.5000000000000009 45835.500000000007 44803.500000000007 6292.0397949218759 6380.7026367187509 40645.500000000007 27923.500000000004
decision_type=2 2 2 2 2 2 2 2 2 2 2 2 2 2 2 2 2 2 2 2 2 2 2 2 2 2 2 2 2 2
left_child=8 2 3 5 14 7 -7 -2 9 15 24 25 -13 -14 -4 17 -17 18 -1 -18 -6 22 -5 -23 -3 -12 -10 28 -28 -30
right_child=1 10 4 21 20 6 -8 -9 26 -11 11 12 13 -15 -16 16 19 -19 -20 -21 -22 23 -24 -25 -26 -27 27 -29 29 -31
leaf_value=-0.0006090997215995762 0.00013906940092322376 0.016907975674549505 0.001767740531446516 0.00081432311586942998 0.015107795517618866 0.022709416184289337 0.00053454004047111953 -0.0060841377269415381 -0.0054502341167669693 0.0058755251014659567 -0.0032529451537418688 0.010393536897974778 0.0019201118208452214 0.019264829753228633 -0.049582426062924519 -0.017971547617718766 -0.0041407372112517299 0.011515454599600992 -0.036555738398226519 0.0051261709871681495 -0.028349028287592195 -0.0034768342569387553 0.011518502201340559 0.007392138877955489 -0.0072766678338886497 -0.024153558894094276 0.0041628070236761532 -0.0023315498442247457 0.13095425663874002 -0.014732949698080998
leaf_weight=16850.92568911612 34867.23360337317 1282.1193434596062 56.048635669052601 1426.6887056231499 137.16234498471022 1765.957843452692 22350.776496954262 7802.9522766321898 13454.596603021026 4399.6401680111885 1363.3368266820908 3502.7834770604968 8014.3722925856709 592.91164768487215 329.23235432803631 1162.7834748625755 8887.760151848197 1385.9227460622787 148.72108006477356 1814.4926832914352 97.666339464485645 1980.9302830696106 3574.6221512034535 1891.1067470386624 154.88368707150221 201.96660073846579 78.382483676075935 10691.386391445994 35.264828532934189 25.974783435463905
leaf_count=75873 159369 6132 281 7890 640 8395 102570 36545 70072 21859 6381 16816 38387 4155 1570 5133 40579 6063 672 9948 475 12326 25053 15383 756 944 420 55810 169 134
internal_value=2.67895e-06 0.00127349 0.000549715 0.000777872 -0.0272881 0.000141135 0.0021583 -0.000998947 -0.00196798 -0.000643236 0.00492676 0.00394169 0.00522021 0.0031149 -0.0421123 -0.00159132 -0.004079 1.40886e-05 -0.000923578 -0.0025696 -0.0029661 0.00557039 0.008465 0.00183158 0.0143013 -0.00594969 -0.00385811 -0.00188032 0.0326717 0.069161
internal_weight=150329 91392.8 76280.4 75660.3 620.11 66786.9 24116.7 42670.2 58935.9 34650.2 15112.4 13675.4 12110.1 8607.28 385.281 30250.6 11865 18385.6 16999.6 10702.3 234.829 8873.35 5001.31 3872.04 1437 1565.3 24285.6 10831 139.622 61.2396
internal_count=730800 444068 370497 367531 2966 306879 110965 195914 286732 160127 73571 66683 59358 42542 1851 138268 55660 82608 76545 50527 1115 60652 32943 27709 6888 7325 126605 56533 723 303
is_linear=0
shrinkage=0.05


Tree=71
num_leaves=31
num_cat=0
split_feature=9 0 4 4 8 7 5 5 6 3 8 8 3 8 7 2 8 7 7 7 7 7 3 7 13 8 4 5 8 8
split_gain=144.214 69.8421 54.5978 45.4004 108.026 104.144 161.995 221.185 133.995 98.9639 76.961 489.032 180.045 81.778 60.7211 49.8011 70.9713 49.7201 115.103 46.8518 43.9959 56.9291 49.396 43.2772 42.9767 41.162 40.2134 39.2643 38.4148 56.8144
threshold=1.0000000180025095e-35 19.500000000000004 25904.000000000004 25904.000000000004 37617.500000000007 37278.500000000007 31018.694335937504 30693.250000000004 1.5059289336204531 37358.500000000007 39681.500000000007 40417.500000000007 39681.500000000007 41685.000000000007 37571.500000000007 1.0000000180025095e-35 39635.500000000007 22565.500000000004 20189.500000000004 21701.500000000004 2243.5000000000005 156.50000000000003 8146.0000000000009 21606.500000000004 1.5000000000000002 37016.500000000007 22885.500000000004 39266.550781250007 37617.500000000007 39664.500000000007
decision_type=2 2 2 2 2 2 2 2 2 2 2 2 2 2 2 2 2 2 2 2 2 2 2 2 2 2 2 2 2 2
left_child=3 2 -2 17 5 6 7 -5 14 -10 15 12 -12 -13 -7 27 -17 18 20 23 21 -1 -22 -20 28 -8 -19 -6 -4 -30
right_child=1 -3 24 4 10 8 25 -9 9 -11 11 13 -14 -15 -16 16 -18 26 19 -21 22 -23 -24 -25 -26 -27 -28 -29 29 -31
leaf_value=-0.010029163862407748 -0.00033725294468982291 0.011103969594883223 0.0072494030537793054 0.0022398135192291282 -0.012422936040438634 -0.00061376823091223269 -0.027906785402925807 0.03596504947976855 0.080547383914862977 0.018582837481424436 0.043736926260218377 -0.0060427589068109836 0.0023549603049888724 -0.00028220056871595581 0.018137873037820416 0.00039182051623461059 -0.016133330945449796 -0.020578600370657771 0.011442515824887402 -5.1398862639258147e-05 -0.0087062338452760339 0.0030870897753379647 -0.002726103584815343 0.037668531000211308 0.0073069622090241168 -0.0084488956706865997 -0.0059761150240095927 -0.0011871475132036822 -0.0048512455178088831 0.0024104744057898311
leaf_weight=992.94227826595306 20817.06412397325 2035.6498129889369 3312.3638879433274 5869.6934457942843 3051.1599296480417 789.54612104594707 397.30526547133923 530.0719151571393 123.56593431532383 134.65522264689207 838.94676264375448 7519.8006371632218 382.76654770970345 34094.158088311553 952.58690929412842 4256.6347262561321 766.76661829650402 556.94683907926083 1106.0911148637533 831.15463229268789 4363.1071646511555 4958.7016176730394 16556.44106630981 183.38184279203415 4796.8157819062471 860.39766672253609 3072.1186711713672 1043.4729349017143 3070.1896972060204 21954.247735671699
leaf_count=4727 98865 16306 16097 28023 16906 3571 1855 2452 615 705 3817 36117 1680 157719 4426 18804 3250 2719 5030 3934 21284 22818 80569 855 30664 4248 14572 5428 15165 107579
internal_value=2.60356e-06 0.00201249 0.00166945 -0.00119153 -0.000392954 0.00446298 0.00180923 0.00503317 0.0146217 0.0482346 -0.00129564 -0.000407776 0.0307718 -0.00132316 0.00963951 -0.00546672 -0.00213056 -0.00269981 -0.00200918 0.00920552 -0.00289422 0.00089884 -0.00397336 0.0151722 0.00293022 -0.0145956 -0.00821713 -0.00955962 0.00218933 0.00151955
internal_weight=150219 55986.3 53950.7 94232.4 61611.5 9657.82 7657.47 6399.77 2000.35 258.221 51953.7 42835.7 1221.71 41614 1742.13 9118.03 5023.4 32620.9 28991.8 2120.63 26871.2 5951.64 20919.5 1289.47 33133.6 1257.7 3629.07 4094.63 28336.8 25024.4
internal_count=730800 284676 268370 446124 289616 45895 36578 30475 9317 1320 243721 199333 5497 193836 7997 44388 22054 156508 139217 9819 129398 27545 101853 5885 169505 6103 17291 22334 138841 122744
is_linear=0
shrinkage=0.05


Tree=72
num_leaves=31
num_cat=0
split_feature=0 5 2 7 7 7 7 7 7 7 7 7 7 7 7 7 1 7 7 3 7 8 7 3 3 7 0 8 3 3
split_gain=132.004 88.4276 78.1434 49.4615 64.6898 54.6885 45.2122 91.7342 81.0299 89.0218 55.3806 60.1177 136.148 61.5633 53.9966 62.4368 41.9706 39.8743 39.3919 100.949 94.9856 157.2 122.567 56.1938 69.8542 55.3612 32.1151 32.1606 41.1055 63.3209
threshold=6.5000000000000009 30693.250000000004 1.0000000180025095e-35 10916.500000000002 3799.5000000000005 3435.5000000000005 826.50000000000011 537.50000000000011 498.50000000000006 156.50000000000003 12613.500000000002 22565.500000000004 23841.500000000004 21204.500000000004 10605.500000000002 10809.000000000002 6.5000000000000009 9851.0000000000018 2988.5000000000005 9878.5000000000018 4768.5000000000009 7137.0000000000009 4753.5000000000009 10555.000000000002 11768.500000000002 115.50000000000001 10.500000000000002 46786.500000000007 44355.500000000007 43113.500000000007
decision_type=2 2 2 2 2 2 2 2 2 2 2 2 2 2 2 2 2 2 2 2 2 2 2 2 2 2 2 2 2 2
left_child=2 3 6 4 5 -2 7 8 9 -1 14 13 -13 -12 17 -16 -5 -8 25 20 22 -22 -20 -21 -25 -4 27 28 29 -3
right_child=1 26 18 16 -6 -7 10 -9 -10 -11 11 12 -14 -15 15 -17 -18 -19 19 23 21 -23 -24 24 -26 -27 -28 -29 -30 -31
leaf_value=-0.0090344476376018473 -0.00042176312810312156 0.0039086939002556586 -0.0090663213290663857 -0.0012798644684969679 0.0065486614889236523 -0.020814214501673797 -0.0040041625562311275 0.018659032114459712 -0.028553138844279694 0.01342460714978262 0.00040380024333445106 -0.016147653967288317 -0.0014193520608191817 0.010786979724968386 -0.023319672568163981 -0.0067197201771270892 -0.015428201816519053 0.0042473721585925125 -0.0034765736517004282 0.012243953473791388 -0.036825180603349703 -0.0068265911175684193 0.033799813279856088 -0.0117604728826402 0.00088021465718605529 0.0058485381245279751 0.0093023651627685416 -0.006174884816269299 0.011056881455380139 -0.024762687274302045
leaf_weight=871.01873813569546 5549.692451454699 5351.8174655660987 695.46684218943119 1427.7364556267858 4097.0640330389142 349.47719769924879 13171.565911024809 799.21687458455563 241.22780464589596 894.15798261761665 7133.9784407913685 1648.0537315309048 32746.340424820781 1784.7248404026031 696.21054045855999 3039.4107561558485 828.25404198467731 1647.1674109697342 1432.7081279233098 1056.2076818645 545.42459724843502 2190.9050764292479 260.63552115857601 1119.1224131062627 46692.514954634011 5903.1207391917706 4930.1931164711714 683.97442428022623 2123.251292064786 199.75820665806532
leaf_count=4480 30488 29659 2885 7989 22484 1854 66251 3685 1153 4170 35870 8317 159442 8846 3629 15650 4584 8402 6004 4427 2313 9225 1090 4681 204939 25074 36819 3765 11554 1071
internal_value=2.46678e-06 0.00327695 -0.000668922 0.000213003 0.0017222 -0.00162985 -0.00187409 0.00433392 -0.00137224 0.00234228 -0.00215562 -0.00117651 -0.00212508 0.00248158 -0.00444124 -0.00981347 -0.00647422 -0.00308697 0.000632365 0.000181189 -0.0070464 -0.0128061 0.00226092 0.000836341 0.000584335 0.00427657 0.00610186 0.00421414 0.00514 0.00287703
internal_weight=150110 25541.2 124569 12252.2 9996.23 5899.17 64673.1 2805.62 2006.4 1765.18 61867.5 43313.1 34394.4 8918.7 18554.4 3735.62 2255.99 14818.7 59896.1 53297.5 4429.67 2736.33 1693.34 48867.8 47811.6 6598.59 13289 8358.8 7674.83 5551.58
internal_count=730800 150267 580533 67399 54826 32342 319895 13488 9803 8650 306407 212475 167759 44716 93932 19279 12573 74653 260638 232679 18632 11538 7094 214047 209620 27959 82868 46049 42284 30730
is_linear=0
shrinkage=0.05


Tree=73
num_leaves=31
num_cat=0
split_feature=9 0 8 10 3 3 3 4 4 4 8 7 8 4 8 7 7 7 7 7 7 7 7 6 4 13 5 7 4 4
split_gain=124.539 61.4123 53.161 49.8002 40.9254 55.7754 54.3149 39.7856 94.925 50.8497 97.4757 93.6981 72.5682 43.2691 205.694 109.009 56.0246 54.9947 43.7399 42.5543 41.6027 38.4021 40.3322 29.8206 29.5123 26.4636 25.4135 24.7215 24.2735 44.9417
threshold=1.0000000180025095e-35 19.500000000000004 47648.500000000007 2.0833333730697636 25904.500000000004 4769.5000000000009 37629.500000000007 20166.500000000004 21770.500000000004 25904.000000000004 37617.500000000007 37278.500000000007 38878.500000000007 5004.0000000000009 7137.0000000000009 4681.5000000000009 4768.5000000000009 5284.0000000000009 2988.5000000000005 2740.5000000000005 4753.5000000000009 21701.500000000004 21606.500000000004 0.47418706119060522 17658.500000000004 7.5000000000000009 18705.750000000004 11415.500000000002 22569.500000000004 22885.500000000004
decision_type=2 2 2 2 2 2 2 2 2 2 2 2 2 2 2 2 2 2 2 2 2 2 2 2 2 2 2 2 2 2
left_child=7 2 3 4 5 -2 -6 13 21 28 11 -11 -12 15 17 18 20 -15 19 -1 -17 22 23 -9 27 26 -3 -16 -10 -30
right_child=1 25 -4 -5 6 -7 -8 8 9 10 12 -13 -14 14 24 16 -18 -19 -20 -21 -22 -23 -24 -25 -26 -27 -28 -29 29 -31
leaf_value=-0.00035605008697653444 0.0045031906421660666 -0.0051346245578675152 0.013401598290415366 -0.0071365078236354119 0.0063133688024093254 -0.0019223727734027215 0.0015426933750376961 0.01787400032390701 0.0018593503569109061 0.00173668276869201 -0.0084960169569155107 0.013896958052893777 -0.00073821927125553727 -0.012408930923738532 -0.0039996859051814005 0.013048086783303249 -0.006704871484831185 -0.043252733819473151 -0.0083210846965575645 0.01849219895521954 0.04433217674076672 -0.022019940988669381 0.035674965952645563 0.0036312115324590461 -0.0082944116767962265 -0.084074678289042512 0.012778414801071987 0.00036205334398476036 -0.018922465824616777 -0.0047828495811374529
leaf_weight=5513.0879600718617 4512.823015652597 222.71420250087976 930.07356061041355 1676.6144560426474 7783.8555741235614 13420.95715533942 25549.687160506845 669.73524624109268 1019.7449485659599 7652.688342615962 3213.4563490971923 1997.6093938797712 48678.487976238132 224.18266628682613 8256.2993749603629 193.80252958834171 135.22701145708561 406.6926401257515 1762.5088092982769 316.66213320195675 235.2929260134697 83.612009800970554 171.40293960273266 814.39772152155638 2402.4081761240959 7.3784833997488013 1784.3486328572035 5356.0257702469826 645.03927519917488 4363.8141991496086
leaf_count=25725 21249 1508 7215 7920 39740 63615 128631 2897 4828 36578 16050 9317 227671 1099 40331 962 673 2000 8690 1535 1085 406 791 3897 11721 33 14765 25849 3169 20850
internal_value=2.32285e-06 0.00187188 0.00155138 0.0013432 0.00162052 -0.000305456 0.00265671 -0.00110791 -0.000492936 -0.000789795 -0.0003605 0.00425386 -0.00121863 -0.00282646 -0.00428836 0.000156926 0.0213586 -0.0322923 -0.00141896 0.000667755 0.0302026 0.0110409 0.0127106 0.0100585 -0.00318519 0.0104432 0.0107907 -0.00228348 -0.0051722 -0.00660375
internal_weight=150001 55888.5 53874 52943.9 51267.3 17933.8 33333.5 94112.2 69310 67570.8 61542.2 9650.3 51891.9 24802.2 16645.6 8156.58 564.322 630.875 7592.26 5829.75 429.095 1739.15 1655.54 1484.13 16014.7 2014.44 2007.06 13612.3 6028.6 5008.85
internal_count=730800 284676 268370 261155 253235 84864 168371 446124 326454 318463 289616 45895 243721 119670 81000 38670 2720 3099 35950 27260 2047 7991 7585 6794 77901 16306 16273 66180 28847 24019
is_linear=0
shrinkage=0.05


Tree=74
num_leaves=31
num_cat=0
split_feature=0 5 8 0 3 8 3 8 8 6 1 8 7 7 4 4 8 4 3 7 7 7 7 3 3 8 8 3 8 5
split_gain=118.374 83.8894 157.676 93.0958 63.8208 74.3689 62.0749 54.0089 60.9074 48.9697 76.3759 46.8045 44.6581 59.212 44.4347 87.1555 71.1996 71.0544 44.9578 44.3361 45.9881 43.7337 32.7807 29.7822 111.116 62.4029 165.843 104.446 83.3198 51.9513
threshold=2.5000000000000004 30531.062500000004 31020.500000000004 9.5000000000000018 47130.000000000007 46786.500000000007 47139.500000000007 42935.500000000007 42907.500000000007 9.772219657897951 1.5000000000000002 42965.500000000007 2243.5000000000005 3799.5000000000005 39529.500000000007 40622.500000000007 38878.500000000007 38870.500000000007 47648.500000000007 10770.000000000002 12239.500000000002 156.50000000000003 115.50000000000001 30699.500000000004 30693.500000000004 39681.500000000007 40710.500000000007 40645.500000000007 41685.000000000007 39646.550781250007
decision_type=2 2 2 2 2 2 2 2 2 2 2 2 2 2 2 2 2 2 2 2 2 2 2 2 2 2 2 2 2 2
left_child=9 7 -3 4 5 -4 -6 8 12 10 14 -9 21 -14 16 -16 17 -1 -17 22 -21 -2 -13 24 -11 29 27 -27 -28 -25
right_child=1 2 3 -5 6 -7 -8 11 -10 23 -12 19 13 -15 15 18 -18 -19 -20 20 -22 -23 -24 25 -26 26 28 -29 -30 -31
leaf_value=-0.00065077323392709384 -0.0057845124632124748 0.036484963684686483 0.0016287500904124408 0.007988914944440104 0.038314316025823691 -0.0081613635845836138 0.0075815178598609926 -0.021589265627587326 0.01791584818893794 -0.0018742117056380109 0.0056088226138069179 -0.016208454888762543 -0.006898508444891681 9.4542492713596611e-05 -0.01686248343846267 -0.0038785409334644583 0.011001322976862685 -0.077308059929118961 0.0047748844652913541 -0.023722272790724322 -0.0055634039466363064 0.0050166145218478808 -0.00043994638489745812 -0.012144367517130486 0.063223321958608344 0.0099034670795703772 -0.015575951823625421 0.056178175569081661 -0.0029621162596671535 0.057196001292071835
leaf_weight=16933.194849774241 1094.4594626203179 339.07270742207766 40455.117616206408 6230.4064430445433 206.86504849046469 2037.4905251264572 798.61916414648294 364.77318523079157 488.28633844107389 10393.702851757407 4405.9828590303659 348.64017222076654 3542.1639502868056 20814.313462525606 1156.9138098806143 8872.6987135112286 1385.3565530776978 30.283095687627792 1806.5703582018614 462.96481969207525 1412.2411064356565 6521.0794302970171 6032.7161367982626 2888.9470021426678 65.968321591615677 550.09674336016178 1545.6898865103722 156.66760256886482 8555.3263043314219 27.267424553632736
leaf_count=76407 5190 1771 186059 44976 987 9234 5131 1777 2340 55715 21859 1714 16879 98244 5133 40579 6063 138 9948 2196 6618 31120 29832 15806 324 2613 8248 773 42999 127
internal_value=2.17739e-06 0.00113037 0.00250438 0.00227269 0.00145393 0.00115932 0.0139044 -0.000544198 0.00039011 -0.00174744 -0.000540692 -0.00406197 0.000122451 -0.000922457 -0.00143831 -0.00382686 0.000102457 -0.000787621 -0.00241467 -0.00328762 -0.0100466 0.00346434 -0.00130145 -0.00347352 -0.00146365 -0.00500533 -0.00325398 0.0201611 -0.00489233 -0.011496
internal_weight=149924 91149.2 50067.6 49728.5 43498.1 42492.6 1005.48 41081.6 32460.3 58774.7 34591 8621.34 31972 24356.5 30185 11836.2 18348.8 16963.5 10679.3 8256.56 1875.21 7615.54 6381.36 24183.7 10459.7 13724 10807.8 706.764 10101 2916.21
internal_count=730800 444068 248158 246387 201411 195293 6118 195910 153773 286732 160127 42137 151433 115123 138268 55660 82608 76545 50527 40360 8814 36310 31546 126605 56039 70566 54633 3386 51247 15933
is_linear=0
shrinkage=0.05


Tree=75
num_leaves=31
num_cat=0
split_feature=13 2 8 8 8 3 3 3 7 7 5 8 8 8 10 3 5 8 3 8 3 7 8 8 7 8 7 13 3 5
split_gain=114.492 77.8174 49.5383 253.28 201.11 145.63 145.308 101.517 82.9057 215.268 98.6629 69.4272 124.753 94.6115 41.5068 37.0676 37.0168 85.1454 59.8319 207.163 108.682 58.087 52.4883 64.6409 39.9779 32.8605 32.6805 27.2379 22.7895 22.7437
threshold=1.5000000000000002 1.0000000180025095e-35 39664.500000000007 40417.500000000007 39681.500000000007 37629.500000000007 39681.500000000007 38755.500000000007 37278.500000000007 37307.500000000007 31018.694335937504 41685.000000000007 40710.500000000007 41740.500000000007 1.055555582046509 38811.500000000007 20627.166992187504 21687.500000000004 4769.5000000000009 7137.0000000000009 4737.5000000000009 5284.0000000000009 24982.000000000004 37645.500000000007 2988.5000000000005 13540.500000000002 39606.500000000007 6.5000000000000009 47130.000000000007 25651.416992187504
decision_type=2 2 2 2 2 2 2 2 2 2 2 2 2 2 2 2 2 2 2 2 2 2 2 2 2 2 2 2 2 2
left_child=1 2 5 4 26 8 -6 -7 10 -10 -1 12 -5 -13 29 -9 18 -18 20 21 24 -20 -19 -24 -3 -21 -4 28 -16 -2
right_child=14 16 3 11 6 7 -8 15 9 -11 -12 13 -14 -15 27 -17 17 22 19 25 -22 -23 23 -25 -26 -27 -28 -29 -30 -31
leaf_value=-0.0014384878848280078 0.0035942722587933521 0.0034817873991034145 -0.009787024895330565 0.0063402715921019029 0.043750939722224672 -0.033465650811526464 0.0047613031779758794 0.0023852448019319977 0.055232619827312701 -0.0012777630553681368 -0.015702149841322646 0.018903351530931395 -0.0096887421585109754 -0.00083837526626264619 -1.8664431491121516e-05 -0.011680804088995085 0.018227090377271851 -0.0076612203848795517 -0.012899009657553093 0.0018711475958013701 0.029872532878640695 -0.045368415800701001 0.0051233982433370991 0.00062358729328249691 -0.0069776237276591019 -0.0037669789035649753 0.010978060371843484 -0.059472096366498084 0.029007915207048353 0.0097068744295080583
leaf_weight=17803.641866713762 2378.7133871614933 4211.131297647953 490.69116348028183 1577.3641471713781 743.24592371284962 498.29533851146698 352.19972638785839 567.02333910763264 226.97468975186348 654.41220688819885 1300.9499136060476 617.70425555109978 5267.7263531982899 34681.235016226768 2768.9903698936105 2692.0555657595396 743.26157046854496 1625.3193480521441 228.14848911762238 4020.8447470664978 352.47000722587109 347.61164580285549 9807.7123502492905 42851.06672424078 1166.682809010148 7233.4305992126465 308.67164228856564 18.938834816217422 69.313938111066818 4224.1521040797234
leaf_count=95562 13558 18043 2277 7500 3213 2736 1549 3099 1117 3398 6900 3042 25942 161572 16843 14606 3088 6774 966 16719 1510 1502 44821 206649 4907 31661 1392 95 584 29175
internal_value=2.01959e-06 -0.000356794 -0.00157507 -0.000582556 0.0173003 -0.00341597 0.0312153 -0.0124472 -0.0017181 0.0132748 -0.00240979 -0.00138658 -0.00599506 -0.00049291 0.00532612 -0.00923355 0.000780828 0.00141867 -0.00121793 -0.00324919 0.00297555 -0.0325022 0.00118853 0.00146168 0.00121268 -0.00175263 -0.00176865 0.000291413 0.000690191 0.00750478
internal_weight=149830 140370 67782.2 44038.8 1894.81 23743.4 1095.45 3757.37 19986 881.387 19104.6 42144 6845.09 35298.9 9460.11 3259.08 72587.7 55027.4 17560.3 11830 5730.28 575.76 54284.1 52658.8 5377.81 11254.3 799.363 2857.24 2838.3 6602.87
internal_count=730800 670545 333905 206487 8431 127418 4762 20441 106977 4515 102462 198056 33442 164614 60255 17705 336640 261332 75308 50848 24460 2468 258244 251470 22950 48380 3669 17522 17427 42733
is_linear=0
shrinkage=0.05


Tree=76
num_leaves=31
num_cat=0
split_feature=13 2 8 8 8 3 3 3 5 8 7 7 5 8 5 10 7 7 5 8 7 7 8 3 3 3 4 9 5 3
split_gain=103.664 70.3156 44.8921 206.73 162.909 132.088 96.2944 89.5427 73.9968 73.9326 73.726 190.203 96.0342 44.7147 42.1734 37.7327 36.1922 63.811 52.5264 91.946 52.2352 49.3446 81.3214 54.2499 37.0136 33.0069 25.2832 24.1925 21.158 20.7349
threshold=1.5000000000000002 1.0000000180025095e-35 39652.500000000007 40710.500000000007 41252.500000000007 37629.500000000007 40683.500000000007 38755.500000000007 35755.308593750007 39681.500000000007 37278.500000000007 37307.500000000007 31018.694335937504 39635.500000000007 28834.325195312504 1.055555582046509 115.50000000000001 826.50000000000011 21341.500000000004 21687.500000000004 537.50000000000011 99.500000000000014 39541.500000000007 102.00000000000001 4769.5000000000009 199.50000000000003 37080.500000000007 9.5000000000000018 28834.325195312504 47130.000000000007
decision_type=2 2 2 2 2 2 2 2 2 2 2 2 2 2 2 2 2 2 2 2 2 2 2 2 2 2 2 2 2 2
left_child=1 2 5 6 8 10 9 -7 -5 -4 12 -12 -1 -9 -6 28 21 20 24 -20 25 -3 23 -23 -19 -18 -8 29 -2 -17
right_child=15 16 3 4 14 7 26 13 -10 -11 11 -13 -14 -15 -16 27 17 18 19 -21 -22 22 -24 -25 -26 -27 -28 -29 -30 -31
leaf_value=-0.0013908495772452813 0.0042076404551379658 -0.0004850388677550272 -0.0017282120895821132 -0.0043957860576769913 -0.0043491321598447602 -0.032109888668167608 0.016190826509304281 -0.0068785217784415502 -0.02087956001202234 0.013814395777737723 0.05135806734058064 -0.0013974914961698013 -0.015687956831764511 -0.02624571867219851 2.5241257733202853e-05 2.6948609247861782e-05 0.020366151414556641 0.0022180883648553859 0.020341656571088097 0.0010812825481611951 0.016492689706765918 -0.075489227444586929 -0.053761810523156255 0.0065619318526820326 -0.0034234206688880521 -2.9062560058845082e-05 0.06692637273868067 -0.050242642875924538 0.0098847496878792553 0.028022493201370971
leaf_weight=17717.863305643201 3155.6147240623832 590.95129385590553 1093.220239892602 1251.1818684190512 6696.1413053572178 485.25244189798832 33.357337787747383 2729.4464299231768 1493.5463491231203 2549.3361125290394 231.61394082009792 651.26008832454681 1257.9359656572342 334.55818922817707 31103.589904129505 2764.9991683363914 228.8434219956398 3884.9773517400026 627.01485393941402 52720.947827339172 1139.1030653342605 22.918437927961349 138.65971232950687 166.4767410159111 11554.940993249416 1489.9957921430469 93.05910462141037 23.501915290951729 3419.790392562747 67.760837584733963
leaf_count=95191 18662 2613 5223 6065 31482 2712 160 14928 7513 11661 1114 3383 6720 1816 145496 16824 989 16551 2612 250800 5317 93 624 706 49462 6873 441 115 24071 583
internal_value=1.77381e-06 -0.000339367 -0.00149811 -0.00056248 -0.00160372 -0.00326936 0.0106386 -0.0121537 -0.0133654 0.00914968 -0.00168149 0.0124424 -0.00233863 -0.00899322 -0.00074967 0.00507588 0.000742038 0.000868505 0.000564352 0.00130766 0.00818919 -0.00911737 -0.0246675 -0.00336696 -0.00200391 0.00268632 0.0535389 0.000277475 0.00716024 0.000696614
internal_weight=149718 140286 67721.4 44313.4 40544.5 23407.9 3768.97 3549.26 2744.73 3642.56 19858.7 882.874 18975.8 3064 37799.7 9431.67 72564.8 71645.8 68787.9 53348 2857.94 919.006 328.055 189.395 15439.9 1718.84 126.416 2856.26 6575.41 2832.76
internal_count=730800 670545 333905 208041 190556 125864 17485 19456 13578 16884 106408 4497 101911 16744 176978 60255 336640 332604 319425 253412 13179 4036 1423 799 66013 7862 601 17522 42733 17407
is_linear=0
shrinkage=0.05


Tree=77
num_leaves=31
num_cat=0
split_feature=9 0 4 4 7 3 7 7 7 5 8 7 2 11 8 4 5 4 4 0 4 5 13 8 7 8 7 3 3 5
split_gain=98.6596 51.6828 48.1202 83.7091 35.6049 183.359 65.3165 101.138 59.3419 45.3996 165.984 73.7674 33.2446 41.481 34.3159 32.6665 28.4418 26.0017 34.6193 25.7521 22.9467 21.3728 21.6925 20.6806 19.1675 16.8882 16.5982 16.4298 14.5079 13.7191
threshold=1.0000000180025095e-35 19.500000000000004 44355.500000000007 44195.500000000007 156.50000000000003 199.50000000000003 826.50000000000011 537.50000000000011 498.50000000000006 11742.000000000002 11963.000000000002 11104.500000000002 2.5000000000000004 2.5000000000000004 41247.500000000007 44306.000000000007 7786.7221679687509 44391.500000000007 44655.500000000007 10.500000000000002 44402.500000000007 18705.750000000004 7.5000000000000009 44235.500000000007 51.500000000000007 44009.500000000007 99.500000000000014 412.50000000000006 43655.500000000007 20348.286132812504
decision_type=2 2 2 2 2 2 2 2 2 2 2 2 2 2 2 2 2 2 2 2 2 2 2 2 2 2 2 2 2 2
left_child=4 2 3 12 24 -6 7 8 -7 11 -11 -8 13 -2 -14 23 -9 29 20 -20 -19 -3 -23 -5 27 28 -27 -1 -26 -4
right_child=1 21 17 15 5 6 9 16 -10 10 -12 -13 14 -15 -16 -17 -18 18 19 -21 -22 22 -24 -25 25 26 -28 -29 -30 -31
leaf_value=-0.0078614006990531376 0.00057336428390073661 -0.0049925761228620117 -0.045194046935589885 -0.0011685956542704767 0.055948756730803975 0.0034803794845653076 -0.0041707229288227505 0.0086906921731261366 -0.021059634884940101 0.041054720311156846 -0.00095775720283696689 -0.041515585044523545 0.0063094218273516108 -0.0079357083509807753 0.00013469701923431737 -0.0070612894290195821 0.024666084439937105 0.00053817935979429631 0.0036309466268919493 0.012986896816482974 -0.022699559155413575 0.011799880211110517 -0.073122995005395305 -0.043021828937624962 -0.010931190672909777 0.00024061027165563444 -0.038845483205575244 0.014771718268677514 0.053477106805278278 0.013892314103089784
leaf_weight=209.7093788087368 33715.872519113123 223.02484334260225 9.9440397769212705 35.617978557944298 141.75250621140003 1100.2034159302711 7758.9827266037464 479.72742798924446 317.42478650063276 235.77571728825569 81815.383905231953 134.52654312551022 5122.1052801534534 1495.8122243583202 4012.9291060417891 187.31916756182909 664.5601863861084 234.98284628242254 6911.9730407297611 823.0700940862298 193.89831517636776 1754.8165551349521 7.5520616620779029 172.26074206084013 763.26181185245514 36.440005078911781 106.6761110574007 129.82123076915741 8.8443474769592267 814.0457454547286
leaf_count=971 151786 1508 50 178 631 4972 37716 2179 1478 1085 388411 682 32276 6769 27603 881 2953 1168 35487 6198 948 14765 33 833 3688 169 526 624 39 4193
internal_value=1.54038e-06 0.00166841 0.00137567 0.000705019 -0.000987455 -0.000874151 -0.000961224 0.00691105 -0.00201444 -0.00118545 -0.000837033 -0.00480718 0.000909181 0.000211894 0.00359693 -0.0222049 0.0179686 0.00471419 0.00385981 0.00462649 -0.00996766 0.00959051 0.011436 -0.0358507 -0.00935358 -0.0131176 -0.0288934 0.000792486 -0.0101934 0.0131793
internal_weight=149618 55715.2 53729.8 44741.9 93903.1 92648.3 92506.6 2561.92 1417.63 89944.7 82051.2 7893.51 44346.7 35211.7 9135.03 395.198 1144.29 8987.91 8163.92 7735.04 428.881 1985.39 1762.37 207.879 1254.75 915.222 143.116 339.531 772.106 823.99
internal_count=730800 284676 268370 220326 446124 440107 439476 11582 6450 427894 389496 38398 218434 158555 59879 1892 5132 48044 43801 41685 2116 16306 14798 1011 6017 4422 695 1595 3727 4243
is_linear=0
shrinkage=0.05


Tree=78
num_leaves=31
num_cat=0
split_feature=0 4 4 8 2 4 3 1 4 8 4 5 8 3 8 3 6 1 4 8 8 5 7 1 6 7 6 6 7 5
split_gain=92.7837 76.4445 164.676 77.1333 63.3798 52.0521 62.8109 55.6708 48.9688 60.3109 51.861 54.7957 42.5578 39.7986 231.974 184.567 48.9377 63.4363 50.9526 38.5125 37.2176 38.2303 36.12 35.7962 31.9905 37.9801 34.1526 28.5053 34.0441 27.9601
threshold=2.5000000000000004 44355.500000000007 44195.500000000007 44318.500000000007 3.5000000000000004 42953.500000000007 39673.500000000007 2.5000000000000004 44391.500000000007 44951.500000000007 45819.500000000007 47104.666015625007 44235.500000000007 4769.5000000000009 7137.0000000000009 4737.5000000000009 9.772219657897951 1.5000000000000002 39529.500000000007 44354.500000000007 41247.500000000007 18373.277343750004 5533.0000000000009 6.5000000000000009 469.12855529785162 41591.500000000007 0.53327885270118724 75.883831024169936 46814.000000000007 39646.550781250007
decision_type=2 2 2 2 2 2 2 2 2 2 2 2 2 2 2 2 2 2 2 2 2 2 2 2 2 2 2 2 2 2
left_child=13 2 4 12 5 6 -2 -7 24 -10 -11 -12 -4 15 22 -1 17 18 -16 -5 21 -6 -15 -22 26 -26 -3 29 -29 -18
right_child=1 8 3 19 20 7 -8 -9 9 10 11 -13 -14 14 16 -17 27 -19 -20 -21 23 -23 -24 -25 25 -27 -28 28 -30 -31
leaf_value=0.0005334365731977128 -0.00087029577193992007 -0.0053520603874838268 0.0013272186285892035 0.014418215863091034 0.00052651694910777706 0.0056513054312269349 0.0023875754789664506 -0.013044404314144895 -0.0055038313621941322 0.009866063372085768 0.0014506098993703946 0.017424386973695551 -0.045910677329580436 -0.020242209422854596 0.00076354113375526377 0.045058879075041455 -0.019396407499456952 0.0055309834680988892 -0.0036370342559089749 -0.026651950944212383 -0.0038199085819687951 0.010248793683991619 -0.043645355226949435 0.0058709891128151731 0.012970625975375134 -0.012203317742329911 0.033209297796675356 -0.002995782617986156 0.042924436252387371 -0.0050502315821398811
leaf_weight=5036.6647050380707 41597.376074962318 71.155118644237518 55.747985303401947 136.8248248025775 1421.3453022837639 549.09779852628708 22961.223831109703 1448.7858376204967 1689.0465874671936 3349.742254987359 7972.5987974479795 575.63623857498169 329.46808554977179 345.88508714735508 14843.108603969216 244.01916003227234 521.71570102870464 4048.08574411273 11812.942541331053 97.938821136951447 1971.343050301075 3503.5743034034967 315.03241334855556 1844.4909212961793 873.77785407751799 180.83681016415358 297.4523916170001 20438.926276892424 40.442029133439064 973.12228174507618
leaf_count=24479 191573 330 281 640 7890 2348 106160 6798 7902 16239 38387 4155 1570 1750 66729 1160 2908 19892 55660 475 12326 25053 1586 15383 4370 834 1354 107542 163 4863
internal_value=1.48574e-06 0.00100147 0.000356823 -0.0253066 0.00056813 4.24332e-05 0.000288414 -0.00790608 0.00426187 0.00333758 0.00459271 0.00252628 -0.0390745 -0.00154962 -0.00195954 0.00259095 -0.00159021 -0.000300965 -0.00118663 -0.00271546 0.00457105 0.00744292 -0.0313975 0.00086446 0.0130858 0.008654 0.0257655 -0.00339164 -0.0029051 -0.0100572
internal_weight=149547 90927.5 75917.2 619.98 75297.2 66556.5 64558.6 1997.88 15010.2 13587 11898 8548.24 385.216 58619.9 53339.3 5280.68 52678.3 30704.1 26656.1 234.764 8740.75 4924.92 660.918 3815.83 1423.22 1054.61 368.608 21974.2 20479.4 1494.84
internal_count=730800 444068 370497 2966 367531 306879 297733 9146 73571 66683 58781 42542 1851 286732 261093 25639 257757 142281 122389 1115 60652 32943 3336 27709 6888 5204 1684 115476 107705 7771
is_linear=0
shrinkage=0.05


Tree=79
num_leaves=31
num_cat=0
split_feature=13 2 8 8 3 3 3 10 7 7 7 5 8 7 8 3 5 8 5 7 4 3 3 3 13 3 4 3 8 8
split_gain=85.997 58.9563 42.6456 75.4637 49.7575 38.3204 35.0119 33.4685 30.447 54.4346 44.7477 44.3494 83.5549 42.4089 70.0103 48.7444 33.5343 30.3368 30.7553 29.0693 25.8567 21.7875 144.714 93.246 21.4028 19.1496 18.9916 18.8277 18.6639 15.2113
threshold=1.5000000000000002 1.0000000180025095e-35 21058.500000000004 21687.500000000004 907.50000000000011 46770.500000000007 539.50000000000011 1.055555582046509 115.50000000000001 826.50000000000011 537.50000000000011 21341.500000000004 21687.500000000004 99.500000000000014 39541.500000000007 102.00000000000001 2478.416625976563 21457.500000000004 21341.500000000004 498.50000000000006 15204.000000000002 4769.5000000000009 4737.5000000000009 7005.5000000000009 6.5000000000000009 25904.500000000004 12549.500000000002 47130.000000000007 2242.5000000000005 47648.500000000007
decision_type=2 2 2 2 2 2 2 2 2 2 2 2 2 2 2 2 2 2 2 2 2 2 2 2 2 2 2 2 2 2
left_child=1 2 21 17 6 -6 -5 25 13 10 19 16 -13 -3 15 -15 -11 18 -4 -10 -19 22 28 -23 27 -2 -12 -9 -1 -27
right_child=7 8 3 4 5 -7 -8 24 9 11 26 12 -14 14 -16 -17 -18 20 -20 -21 -22 23 -24 -25 -26 29 -28 -29 -30 -31
leaf_value=0.0023560026645955672 0.0029836453109779726 -0.0003412914421162044 -0.010362168374155864 0.0038466898258297279 -0.0015163680465397277 0.0047265704035249689 0.026517481742736573 -0.00015631835984032297 0.0052058827192307065 0.0070352241277883854 0.01005643660169696 0.019375125499257052 0.00098513350652935081 -0.071204428965946157 -0.049534211220761709 0.0065251028309432045 -0.0024547219458364872 0.056604734676928274 0.033306966550849214 -0.013068050882066893 0.02044163962791469 -0.029595980091070753 0.052845837729434679 -0.0048368940484435421 -0.052203188969513474 0.0082122064951363517 0.023308486820243311 0.026874370792158528 -0.007053318538697298 0.030205383202589527
leaf_weight=781.83517570793629 2336.4295659288764 590.74587686359882 110.33332890272141 492.19858565926552 56875.359261780977 2569.0921490639448 260.40370841324329 2762.7214144691825 1461.2551961019635 995.0488912910223 684.2413175329566 624.99023599922657 52656.813659153879 22.953159436583519 140.04785913974047 166.30319529026747 14439.319055251777 78.241816163063049 63.537650570273399 255.70857083797455 134.22508892416954 419.30200237035751 117.49613356590271 4085.96949185431 19.414942167699337 4110.8500878587365 446.95361196994781 65.958197318017483 1617.0110467970371 80.152569256722927
leaf_count=4116 13951 2613 581 2335 277302 11364 1152 16843 6707 4126 3078 2612 250800 93 624 706 61887 405 332 1155 680 2529 646 23467 95 28068 2239 584 8996 714
internal_value=1.40493e-06 -0.000308863 -0.00137096 -0.00094344 -0.00108481 -0.00124656 0.0116909 0.00463744 0.00068174 0.000797932 0.00757133 0.000517187 0.00120085 -0.00835606 -0.0227339 -0.002902 -0.00184291 0.0210841 0.00559584 0.00248433 0.0337588 -0.00505969 -0.00133293 -0.0071412 0.000114884 0.00661076 0.0152925 0.000473974 -0.00398662 0.00863282
internal_weight=149465 140089 67605 60583.4 60197.1 59444.5 752.602 9375.53 72484.4 71564.3 2848.16 68716.2 53281.8 920.05 329.304 189.256 15434.4 386.338 173.871 1716.96 212.467 7021.61 2516.34 4505.27 2848.09 6527.43 1131.19 2828.68 2398.85 4191
internal_count=730800 670545 333905 294151 292153 288666 3487 60255 336640 332604 13179 319425 253412 4036 1423 799 66013 1998 913 7862 1085 39754 13758 25996 17522 42733 5317 17427 13112 28782
is_linear=0
shrinkage=0.05


Tree=80
num_leaves=31
num_cat=0
split_feature=9 8 0 10 4 7 3 7 7 7 4 8 4 4 8 7 5 5 13 7 2 3 2 7 3 8 8 8 3 9
split_gain=81.5379 44.6275 43.2411 40.3672 32.6465 31.0778 162.76 55.336 86.669 51.8508 37.6894 75.7855 37.5337 30.1367 29.9363 29.8044 24.3314 20.6504 18.1436 16.8532 16.3649 15.5679 18.0952 16.5029 14.9882 14.3808 15.5325 14.2857 13.0054 11.4186
threshold=1.0000000180025095e-35 47648.500000000007 19.500000000000004 2.0833333730697636 25904.000000000004 156.50000000000003 199.50000000000003 826.50000000000011 537.50000000000011 498.50000000000006 25904.000000000004 37617.500000000007 22569.500000000004 10655.000000000002 37617.500000000007 40424.500000000007 7786.7221679687509 18705.750000000004 6.5000000000000009 51.500000000000007 7.5000000000000009 37608.500000000007 1.0000000180025095e-35 24346.500000000004 412.50000000000006 44009.500000000007 44366.500000000007 46802.500000000007 43655.500000000007 1.5000000000000002
decision_type=2 2 2 2 2 2 2 2 2 2 2 2 2 2 2 2 2 2 2 2 2 2 2 2 2 2 2 2 2 2
left_child=5 2 3 4 13 19 -7 8 9 -8 12 -12 -9 -2 -6 17 -10 -4 -19 24 -17 23 -23 -5 -1 28 -27 -28 -21 -3
right_child=1 29 15 21 14 6 7 10 16 -11 11 -13 -14 -15 -16 20 -18 18 -20 25 -22 22 -24 -25 -26 26 27 -29 -30 -31
leaf_value=-0.0074931840582622925 0.0019634074357139713 0.0084506248744306324 -0.005134430118657194 -0.0055202671457709653 0.0066535023043864938 0.05252960837237404 0.0032305053194681371 -0.0017551695734154085 0.0080164815832871449 -0.019742855156128516 0.0037448839674460426 -0.0011295786400747408 -0.0065658419778975427 -0.001960618242194265 0.0017711652682048697 -0.13830619286342016 0.022787143381684877 0.011519212711419891 -0.046965851919128422 -0.010275703392138432 -0.025537047472262597 -0.024491173965010743 -0.0071267662677906782 0.011324443689069432 0.014119514304788791 -0.039416693193952829 0.0060934137225773597 -0.067381411926243834 0.050503411064458062 0.020203713833573833
leaf_weight=209.46784627437592 8618.1222056895494 614.01051949709654 222.45650672912598 744.72909060120583 3543.2988189384341 142.89151997864246 1099.9130348861217 24454.320414334536 479.8495768904686 316.22228004038334 9449.2640319466591 51071.674186661839 4860.506006538868 11319.793337725103 27561.225518368185 4.7872601300477973 665.47234170883894 1694.2173081189394 13.36550287157297 760.86335195600986 9.8091968074440938 207.27649576961994 543.25362122803926 180.6791697666049 130.00443622469902 90.192751780152321 43.767372906208038 7.7935143113136283 8.9044987410306913 311.49760616570711
leaf_count=971 41055 4724 1504 3442 17882 631 4972 118663 2179 1478 45081 240720 23430 54089 140209 42 2953 14417 70 3688 104 892 2711 875 624 468 194 33 39 2660
internal_value=1.29566e-06 0.00151867 0.00133433 0.00106424 0.00131494 -0.000898028 -0.000792205 -0.000874667 0.00637179 -0.00189943 -0.00108128 -0.000368518 -0.0025528 -0.000264466 0.00232734 0.00865639 0.0165988 0.0091947 0.0110614 -0.00872604 -0.0625224 -0.0065713 -0.0119224 -0.00223146 0.000783623 -0.0122677 -0.0269026 -0.00501243 -0.00957262 0.0124064
internal_weight=149380 55588.5 54663 52718.4 51042.4 93791.1 92540.1 92397.2 2561.46 1416.14 89835.8 60520.9 29314.8 19937.9 31104.5 1944.64 1145.32 1930.04 1707.58 1250.99 14.5965 1675.94 750.53 925.408 339.472 911.521 141.754 51.5609 769.768 925.508
internal_count=730800 284676 277292 261155 253235 446124 440107 439476 11582 6450 427894 285801 142093 95144 158091 16137 5132 15991 14487 6017 146 7920 3603 4317 1595 4422 695 227 3727 7384
is_linear=0
shrinkage=0.05


Tree=81
num_leaves=31
num_cat=0
split_feature=0 5 8 6 2 7 7 7 7 1 8 3 6 3 8 8 1 13 8 8 3 3 7 7 8 3 8 3 3 8
split_gain=77.6946 69.844 154.857 98.8293 56.499 57.9696 57.179 92.3094 79.6453 55.5936 82.7112 64.3741 49.4843 40.6681 39.9457 50.7568 41.2722 40.7253 37.5712 98.9301 45.8027 181.718 131.72 75.3303 47.691 36.9979 35.3794 34.5099 30.5292 25.0051
threshold=2.5000000000000004 39646.550781250007 40417.500000000007 0.53327885270118724 2.5000000000000004 37639.500000000007 37278.500000000007 37292.500000000007 30710.500000000004 4.5000000000000009 46786.500000000007 47130.000000000007 695.80307006835949 47139.500000000007 41506.500000000007 25856.500000000004 5.5000000000000009 1.5000000000000002 47648.500000000007 47509.000000000007 37629.500000000007 38755.500000000007 37571.500000000007 37359.500000000007 37600.500000000007 39375.500000000007 46786.500000000007 44355.500000000007 38811.500000000007 41524.000000000007
decision_type=2 2 2 2 2 2 2 2 2 2 2 2 2 2 2 2 2 2 2 2 2 2 2 2 2 2 2 2 2 2
left_child=18 4 3 -3 5 6 8 -8 -2 11 27 26 25 -13 15 16 -6 29 19 20 22 -22 23 -1 -24 -7 -4 -11 -23 -16
right_child=1 2 9 -5 14 12 7 -9 -10 10 -12 13 -14 -15 17 -17 -18 -19 -20 -21 21 28 24 -25 -26 -27 -28 -29 -30 -31
leaf_value=-0.00061703775137085829 -0.00031803244609542031 -0.01638704838170902 0.0008685787763070326 0.030499604275738459 0.0007731600367439119 -0.015295190262053664 0.039953305262002942 0.004269726521434686 -0.014741856646762287 0.004537875249086519 -0.0096645506339586018 0.037429809616939584 -0.03238396562799372 0.0092243563762681707 -0.042024376438201533 0.0074475494409435199 -0.023768216017069334 0.0055249815371068755 0.0051938754697898656 -0.060277293378697888 -0.030574847842801418 0.0067734558328556588 0.032259762033492463 -0.022332633058932957 0.0099046181578634103 0.0020835970720538928 -0.0099963675476986147 0.013390774815349124 -0.0027832723196622509 -0.0031342342726978396
leaf_weight=27950.788396298885 51243.826219163835 131.56463057547808 14077.737725734711 771.14687661826611 2168.8661588206887 609.09205336868763 211.8038045167923 1255.8742094486952 975.2756854891777 1977.6248432993889 646.97350336611271 159.34807524085045 218.55439129471779 645.48943065851927 41.833648547530174 6251.7441601157188 186.00945957750082 1881.8803808391094 2071.6821195036173 71.89402662217617 587.96929694712162 864.1730160266161 323.15750971436501 405.15032437443733 911.47982552647591 615.95324540138245 791.38501390814781 2482.8442853838205 25339.614270105958 3448.530303709209
leaf_count=137831 232085 591 63264 3954 10518 2813 994 5944 4489 10850 3636 772 992 4625 235 40808 1064 15441 11072 334 3047 4252 1447 1897 4221 2757 3553 13473 122631 21210
internal_value=1.25774e-06 0.000916961 0.0033927 0.0236662 0.000140159 -0.000579726 -0.000313859 0.0094193 -0.000587421 0.00251205 0.00704241 0.00103581 -0.0104672 0.0148087 0.00297927 0.00509096 -0.00116534 -0.000403775 -0.00141931 -0.00166199 -0.00158725 -0.00308493 -0.00023122 -0.000927311 0.0157559 -0.00655713 0.00029031 0.00946569 -0.0024681 -0.00360035
internal_weight=149319 90793.4 21684.1 902.712 69109.2 55130.4 53686.8 1467.68 52219.1 20781.4 5107.44 15674 1443.6 804.838 13978.9 8606.62 2354.88 5372.24 58525.9 56454.2 56382.3 26791.8 29590.6 28355.9 1234.64 1225.05 14869.1 4460.47 26203.8 3490.36
internal_count=730800 444068 104718 4545 339350 250074 243512 6938 236574 100173 27959 72214 6562 5397 89276 52390 11582 36886 286732 275660 275326 129930 145396 139728 5668 5570 66817 24323 126883 21445
is_linear=0
shrinkage=0.05


Tree=82
num_leaves=31
num_cat=0
split_feature=2 3 8 8 8 6 6 8 8 8 7 8 8 3 8 3 6 7 8 8 8 8 5 1 8 2 1 13 4 0
split_gain=70.473 48.3142 139.002 82.7154 106.995 75.6831 68.0826 44.3103 182.52 104.329 43.4005 42.9192 57.1127 155.543 89.5896 40.6008 37.224 35.4482 32.2649 57.3556 64.8157 42.8152 39.0705 37.3867 34.1437 33.92 32.5623 29.2762 28.6525 25.7116
threshold=1.5000000000000002 46770.500000000007 46710.500000000007 46523.500000000007 46568.500000000007 3.5106816291809086 1.4922503829002383 44366.500000000007 44009.500000000007 44399.500000000007 46706.500000000007 46786.500000000007 47081.500000000007 47139.500000000007 47648.500000000007 45820.500000000007 5.5226340293884286 115.50000000000001 41215.500000000007 42080.500000000007 42025.500000000007 25856.500000000004 2478.416625976563 5.5000000000000009 42298.500000000007 5.5000000000000009 5.5000000000000009 1.5000000000000002 38837.500000000007 1.5000000000000002
decision_type=2 2 2 2 2 2 2 2 2 2 2 2 2 2 2 2 2 2 2 2 2 2 2 2 2 2 2 2 2 2
left_child=1 2 3 7 6 -4 -5 8 -1 -9 -6 29 -13 -14 -15 -7 -17 -2 21 20 23 22 -19 -20 -21 28 -24 -26 -23 -3
right_child=17 11 5 4 10 15 -8 9 -10 -11 -12 12 13 14 -16 16 -18 18 19 24 -22 25 26 -25 27 -27 -28 -29 -30 -31
leaf_value=-0.0008052478294805019 -0.010851946187734883 -0.016713865782637238 -0.034589407075026946 -0.011662096488104776 -0.0024921718178889767 -0.0033936971882133379 0.024437158483029662 0.010565943301311213 -0.014878938596280485 5.2223035314148793e-05 0.03963593057622794 -0.0075082215544561006 0.031897565613266975 -0.018455595199532066 0.0055001471369277516 0.031591783853092796 -0.015092391278921849 0.013133436051657283 -0.0083281269000062396 0.016036716908505208 -0.04176047870618476 0.0060925794115129026 -0.00045537306164271482 0.0043345392906239139 0.00025334171959848819 0.012482392014941494 -0.019222955993054097 0.0059152764310136741 8.6433231184153517e-05 0.021028152406828551
leaf_weight=79087.358504995704 525.44423411786556 49.662096351385117 287.88815584778786 150.18733190000057 1396.3567344397306 2110.5531767755747 1002.0328980013728 2667.0987012758851 2372.8617826402187 20463.524885490537 63.934352904558182 1041.0149867236614 489.76838672161102 474.52582696825266 2198.3673031330109 43.862346351146698 1610.7905138283968 510.34162837266922 1811.675267457962 420.22352116554976 120.37811823189259 7179.1633075997233 4396.3129143640399 859.45094025880098 9937.3698893636465 1506.8957074135542 243.9449454843998 2964.1026695966721 2744.9028218016028 493.94084463268518
leaf_count=371012 2789 270 1419 724 6458 9539 4515 11838 11276 92897 293 4815 2095 2040 11809 196 7426 2372 8960 2499 645 39409 20089 5945 55457 12155 1306 23480 14850 2222
internal_value=1.30813e-06 -0.000580162 -0.000790943 -0.0004473 0.00834043 -0.00988022 0.0197318 -0.000666803 -0.0012152 0.00126452 -0.000647722 0.00435967 0.00265005 0.00599372 0.00124722 -0.00799095 -0.0138549 0.00203178 0.00223884 0.000645462 -0.00587124 0.0037872 2.18105e-06 -0.00425384 0.00201101 0.00549267 -0.00144201 0.00155417 0.00443134 0.0175801
internal_weight=149224 116004 111256 107203 2612.51 4053.09 1152.22 104591 81460.2 23130.6 1460.29 4747.28 4203.68 3162.66 2672.89 3765.21 1654.65 33220.2 32694.8 16113.2 2791.5 16581.6 5150.6 2671.13 13321.7 11431 4640.26 12901.5 9924.07 543.603
internal_count=730800 540844 517593 499013 11990 18580 5239 487023 382288 104735 6751 23251 20759 15944 13849 17161 7622 189956 187167 96986 15550 90181 23767 14905 81436 66414 21395 78937 54259 2492
is_linear=0
shrinkage=0.05


Tree=83
num_leaves=31
num_cat=0
split_feature=9 8 0 10 3 3 3 6 1 3 8 0 7 4 8 4 4 8 7 3 3 7 7 4 7 7 3 3 7 7
split_gain=67.7047 38.0836 37.0767 36.111 28.9585 47.3145 44.2905 28.1333 103.111 77.11 93.8921 46.8378 43.0722 37.8982 40.4476 36.6081 79.9744 79.6965 95.9437 32.7549 29.1537 26.29 24.8626 24.2427 21.1147 20.8384 53.7951 39.3968 20.2555 72.9319
threshold=1.0000000180025095e-35 47648.500000000007 19.500000000000004 2.0833333730697636 25968.500000000004 37629.500000000007 4769.5000000000009 695.80307006835949 1.5000000000000002 47130.000000000007 46786.500000000007 3.5000000000000004 42302.500000000007 44951.500000000007 46710.500000000007 39529.500000000007 40622.500000000007 38878.500000000007 38841.500000000007 47139.500000000007 47648.500000000007 40424.500000000007 5131.0000000000009 47648.500000000007 38804.500000000007 42395.000000000007 42689.500000000007 42674.500000000007 22565.500000000004 13444.500000000002
decision_type=2 2 2 2 2 2 2 2 2 2 2 2 2 2 2 2 2 2 2 2 2 2 2 2 2 2 2 2 2 2
left_child=7 2 3 4 6 -6 -2 8 15 10 11 -10 13 28 22 17 -17 18 -1 -11 -18 -4 -15 -21 -16 -14 27 -27 29 -9
right_child=1 -3 21 -5 5 -7 -8 12 9 19 -12 -13 25 14 24 16 20 -19 -20 23 -22 -23 -24 -25 -26 26 -28 -29 -30 -31
leaf_value=-0.00089681416983107803 0.0039039966872907797 0.011515385211037446 0.0085537023549336327 -0.0062561184721938281 0.0055812638070235369 0.001058315579324857 -0.0018224745858789891 -0.0024714350795351186 0.0018926320018705014 0.052515310501100469 -0.021356766953798408 0.0081634964582076985 -0.027888605499737741 0.0195988440834403 -0.0074425293666762551 -0.016521922007043416 -0.0036966837256494651 0.011247161194106105 -0.041041147765183264 -0.010219388886168336 0.0036085745380470234 -0.057576363884221861 0.0047771237203162288 0.046220595840343874 0.011773429842069374 -0.015288233513630914 -0.010242411480008222 0.10680749346996188 -0.0033469623396071447 0.0035293362218455464
leaf_weight=16323.911847695708 4490.7970911562443 912.57774715870619 1909.1175876557827 1675.2942311391234 7488.3191479966044 25378.107112407684 13609.05788294971 21591.345575168729 11690.56260406971 110.41921456158161 389.66392567753792 3995.3637609481812 157.44715350866318 318.55257120728493 987.25614058971405 1134.8893429487944 8528.9576635807753 1379.7312025427818 150.20549739897251 51.261934444308281 1626.1109375953674 15.148360274732111 2530.653866648674 30.255319833755493 167.16088850796223 10.708967924118044 1042.1382666528225 17.248421236872673 14825.044021822512 6614.6202678456903
leaf_count=74752 21249 7384 15991 7920 38661 128631 64694 105121 57118 468 1755 18928 735 1397 4395 5104 39314 6123 697 216 7870 146 11397 148 740 51 4788 81 72731 32195
internal_value=1.30682e-06 0.00138555 0.00121613 0.000966943 0.00120437 0.00208883 -0.000401666 -0.000818513 7.47793e-05 0.00326376 0.00288761 0.00348988 -0.00165904 -0.00141773 0.00323529 -0.00170525 -0.00393371 -0.000296074 -0.00126284 0.034768 -0.00252691 0.00803311 0.00643425 0.0107284 -0.00466004 -0.0109051 -0.00840623 0.0600392 -0.00185065 -0.00106419
internal_weight=149152 55478.4 54565.8 52641.6 50966.3 32866.4 18099.9 93673.5 45411.3 16267.5 16075.6 15685.9 48262.2 47034.6 4003.62 29143.8 11290 17853.8 16474.1 191.936 10155.1 1924.27 2849.21 81.5173 1154.42 1227.54 1070.1 27.9574 43031 28206
internal_count=730800 284676 277292 261155 253235 167292 85943 446124 212493 78633 77801 76046 233631 227976 17929 133860 52288 81572 75449 832 47184 16137 12794 364 5135 5655 4920 132 210047 137316
is_linear=0
shrinkage=0.05


Tree=84
num_leaves=31
num_cat=0
split_feature=0 5 8 0 8 8 3 3 8 8 7 7 7 7 7 3 8 3 6 1 4 7 7 5 6 7 5 7 4 7
split_gain=63.5002 63.7882 140.531 65.3045 49.7815 55.5649 48.9235 50.0137 48.9447 41.4887 37.7592 40.1663 33.3378 56.9031 33.9683 33.1354 205.433 156.092 40.5398 56.2828 42.4548 34.5514 27.2502 43.0816 26.9784 28.0931 25.6329 25.136 24.7056 23.9254
threshold=2.5000000000000004 30531.062500000004 31020.500000000004 7.5000000000000009 42935.500000000007 42907.500000000007 47130.000000000007 47139.500000000007 46568.500000000007 42965.500000000007 10770.000000000002 12239.500000000002 2243.5000000000005 2311.0000000000005 537.50000000000011 4769.5000000000009 7137.0000000000009 4737.5000000000009 9.772219657897951 1.5000000000000002 39529.500000000007 5533.0000000000009 10688.500000000002 36803.449218750007 75.883831024169936 46814.000000000007 39646.550781250007 4753.5000000000009 8176.5000000000009 3089.0000000000005
decision_type=2 2 2 2 2 2 2 2 2 2 2 2 2 2 2 2 2 2 2 2 2 2 2 2 2 2 2 2 2 2
left_child=15 4 -3 6 5 12 8 -8 -4 -6 -11 -12 14 -14 -2 17 21 29 19 20 -18 -17 27 -24 26 -26 -20 -5 -19 -1
right_child=1 2 3 22 9 -7 7 -9 -10 10 11 -13 13 -15 -16 16 18 28 24 -21 -22 -23 23 -25 25 -27 -28 -29 -30 -31
leaf_value=0.0025212426665736816 -0.0016863048540799504 0.034513797335847744 0.0012262235808819695 0.0027930602927194789 -0.020527835465251679 0.017051386659214011 0.035634736458785357 0.0064798182368942907 -0.0046688657958289803 -0.0014453759417043261 -0.022307814522906463 -0.0053292107323039926 -0.023064204718288323 -0.00062917934953417016 0.005347803191938276 -0.018670495383657445 0.00080282184686824513 0.034484601820122619 -0.018475992002562745 0.0053500994116082541 -0.0032201531431308981 -0.041801896594702216 -0.0021920732430650595 0.0064431498687063165 -0.0025670451616413249 0.03924435257468873 -0.0046749887265069559 0.011720452484281456 0.078392705859463063 -0.0055500807433307656
leaf_weight=3820.952933177352 2628.7320596426725 330.79064191877842 34545.042276315391 1156.8797073289752 364.32702656835318 485.64234808087349 183.4466462880373 742.37235447019339 3920.5918011069298 6349.8716188594699 462.6966597288847 1409.3360579609871 286.00349166989326 23981.590849809349 4944.7916200384498 340.02032272517681 14825.491051331162 211.09352038800716 515.34917804598808 4050.7328674346209 11760.035235375166 307.37163288891315 2209.6265638545156 4170.6908510401845 20346.621875569224 40.253978416323662 969.17910765111446 2475.9914923980832 37.768497452139854 1208.5422090888023
leaf_count=18315 12499 1771 156233 7935 1777 2340 881 4910 17178 31546 2196 6618 1358 113765 23811 1750 66729 961 2908 19892 55660 1586 14160 28753 107542 163 4863 16337 199 6164
internal_value=1.25731e-06 0.000829763 0.00203274 0.00181526 -0.000632624 0.000266239 0.000898742 0.0122567 0.000625369 -0.0040168 -0.00328517 -0.00952569 1.02309e-05 -0.000893585 0.0029063 -0.00128401 -0.00165921 0.00249439 -0.00131407 -0.000140195 -0.00097673 -0.0296529 0.00542082 0.00345261 -0.00295836 -0.00248449 -0.00946596 0.00887754 0.0411483 0.000581777
internal_weight=149082 90648.4 49735.4 49404.6 40913 32326.8 39391.5 925.819 38465.6 8586.23 8221.9 1872.03 31841.1 24267.6 7573.52 58433.4 53155.1 5278.36 52507.7 30636.3 26585.5 647.392 10013.2 6380.32 21871.4 20386.9 1484.53 3632.87 248.862 5029.5
internal_count=730800 444068 248158 246387 195910 153773 179202 5791 173411 42137 40360 8814 151433 115123 36310 286732 261093 25639 257757 142281 122389 3336 67185 42913 115476 107705 7771 24272 1160 24479
is_linear=0
shrinkage=0.05


Tree=85
num_leaves=31
num_cat=0
split_feature=13 4 8 8 8 3 8 3 3 8 8 4 8 5 7 7 7 8 7 3 7 7 7 5 5 10 4 4 9 8
split_gain=61.3094 45.2192 84.5492 102.654 518.858 154.156 92.0185 114.5 131.438 71.6459 62.3743 61.1787 90.9366 80.9509 56.9145 76.0495 48.0318 41.7084 40.386 58.8441 48.4501 35.0963 34.9684 34.9328 30.8563 29.7149 27.3858 21.2696 19.4937 16.4982
threshold=1.5000000000000002 25904.000000000004 37617.500000000007 39681.500000000007 40417.500000000007 39681.500000000007 37571.500000000007 37358.500000000007 37297.000000000007 42252.000000000007 37600.500000000007 39633.500000000007 39638.500000000007 39266.550781250007 22565.500000000004 20189.500000000004 23841.500000000004 21687.500000000004 2243.5000000000005 9878.5000000000018 156.50000000000003 37135.500000000007 24542.500000000004 24380.250000000004 21341.500000000004 1.055555582046509 24721.500000000004 20838.000000000004 12.500000000000002 44933.500000000007
decision_type=2 2 2 2 2 2 2 2 2 2 2 2 2 2 2 2 2 2 2 2 2 2 2 2 2 2 2 2 2 2
left_child=1 14 6 11 5 -5 7 8 -3 -6 21 13 -13 -4 15 18 -16 24 20 -20 -1 -8 23 -18 -17 29 -24 -19 -27 -2
right_child=25 2 3 4 9 -7 10 -9 -10 -11 -12 12 -14 -15 16 17 22 27 19 -21 -22 -23 26 -25 -26 28 -28 -29 -30 -31
leaf_value=-0.006625713951727551 0.0041549808954373137 0.002120814936871582 -0.0053323624429361897 0.037259296344672004 -0.0030593027212334383 0.0041221558520338477 0.010101425163260505 -0.021288370353031463 0.027185160476211685 0.00082539783360275091 0.0062325321095264606 -0.037545101215785588 -0.0077383383618639433 0.0050433704884295322 -0.012504784500791885 -0.0037832403238449012 -0.0062104692040166835 0.023170714608198001 -0.0061779706594413892 -0.0011277331502844354 0.0028948772570419157 0.031172144152515131 -0.021546569640983976 0.016836397569331082 0.01992828179742297 -0.00017999249377104686 -0.0036026130091710053 0.0016122939986942732 -0.11025545495728822 0.0096728962744312662
leaf_weight=1595.4213852360845 4520.5849895998836 9840.9738901555538 8233.1999442651868 1220.6340986341238 15888.70024934411 492.61081187427044 300.13485492765903 489.6537090241909 552.41969460994005 46915.623225606978 1135.1878493577242 311.59690201282501 1431.2483856603503 2436.0720974579453 2010.1799965277314 167.67532403767109 277.44767469912767 121.44721332937479 7541.9394053146243 24521.258074186742 8227.9419300034642 578.62419693171978 237.02463120222092 403.58779268711805 754.98334011435509 2825.4870487004519 2066.2026250660419 1974.5357297286391 4.0278331637382498 1934.2709712460637
leaf_count=7537 28888 47273 42002 5894 77089 2228 1540 2323 2590 223960 5529 1492 6627 11312 9664 757 1282 579 36285 118127 38200 2865 1115 1920 3278 17504 9750 9327 18 13845
internal_value=1.19376e-06 -0.00026024 0.000410167 -0.00021792 0.000583195 0.0277313 0.00415666 0.00233984 0.00345301 -0.000157382 0.0139745 -0.00438207 -0.0130674 -0.00296331 -0.00146707 -0.000903916 -0.00653041 0.00676089 -0.0014563 -0.00231566 0.00134863 0.0239756 -0.00250612 0.00744731 0.0156192 0.00393568 -0.00544922 0.00286145 -0.000336686 0.00580849
internal_weight=149011 139726 89826.7 76929.7 64517.6 1713.24 12897 10883 10393.4 62804.3 2013.95 12412.1 1742.85 10669.3 49899.6 44905.2 4994.44 3018.64 41886.6 32063.2 9823.36 878.759 2984.26 681.035 922.659 9284.37 2303.23 2095.98 2829.51 6454.86
internal_count=730800 670545 432724 370604 309171 8122 62120 52186 49863 301049 9934 61433 8119 53314 237821 214090 23731 13941 200149 154412 45737 4405 14067 3202 4035 60255 10865 9906 17522 42733
is_linear=0
shrinkage=0.05


Tree=86
num_leaves=31
num_cat=0
split_feature=2 8 8 3 9 3 8 3 8 8 4 4 8 5 7 7 7 7 4 7 8 8 8 5 3 6 3 4 3 3
split_gain=59.0012 38.9341 63.3999 42.0946 37.169 31.5287 31.4475 30.3184 111.823 30.7741 28.3346 29.5021 27.7588 26.7724 26.7323 46.0036 24.8598 22.9708 22.6555 25.4859 22.1818 90.3442 50.5009 198.59 39.1061 57.5731 47.2124 45.2932 40.7898 42.0488
threshold=1.0000000180025095e-35 21058.500000000004 21687.500000000004 907.50000000000011 1.0000000180025095e-35 539.50000000000011 44655.500000000007 46770.500000000007 46710.500000000007 46786.500000000007 44655.500000000007 44402.500000000007 21457.500000000004 21341.500000000004 115.50000000000001 99.500000000000014 826.50000000000011 826.50000000000011 15204.000000000002 13444.500000000002 41208.500000000007 42252.000000000007 42686.500000000007 42516.125000000007 39679.500000000007 0.53327885270118724 39681.500000000007 40622.500000000007 39535.500000000007 39375.500000000007
decision_type=2 2 2 2 2 2 2 2 2 2 2 2 2 2 2 2 2 2 2 2 2 2 2 2 2 2 2 2 2 2
left_child=1 -1 12 5 20 6 -4 8 -5 -9 11 14 13 -3 15 -6 -7 -16 19 -14 24 -22 23 -23 28 27 -27 -26 29 -2
right_child=4 2 3 7 10 16 -8 9 -10 -11 -12 -13 18 -15 17 -17 -18 -19 -20 -21 21 22 -24 -25 25 26 -28 -29 -30 -31
leaf_value=-0.0046019059995964767 0.00018478904655835069 -0.010370653772096334 -0.0030252587013152085 -0.00067987799856293347 0.0020197950320190775 0.032706708867529903 0.027512569122376391 0.017271572365702797 -0.010738163433170012 0.0020492799103997909 0.00568627774930313 -0.023042382743642783 0.030241253871822901 0.03005095824433783 0.0070745599460721722 -0.026960541367225817 -0.0025354265690368809 0.0015014411110493959 0.018934812550077132 0.08820021859017356 -0.0085772576721104051 0.0010528311107259809 -0.000679259298013927 0.050248115323637044 -0.018027028756466456 0.030412896367200973 0.0083336474344589736 0.0061958899455847871 -0.010087608951091599 0.0093479278326987335
leaf_weight=7006.4575147330761 21921.472959257662 110.59467454254627 404.47582776844501 55387.752770721912 361.50896675884724 210.17089204490185 106.50266826152802 390.56455573439598 2908.3781071305275 2215.0126306414604 4803.0627170726657 121.35119926184416 49.568134918808937 65.062685057520866 1975.8056676387787 220.44026054441929 65.676521778106689 28791.061042509973 136.22587428987026 30.722994655370712 3534.210164219141 1271.4384690374136 12351.171647146344 244.6061802059412 301.58911654353142 337.45980001986027 856.97143824398518 535.90015204250813 909.17397280037403 1327.8385194838047
leaf_count=39871 93622 586 1961 271387 1897 912 458 1796 13146 9799 30463 662 247 332 10909 1097 295 156774 682 159 14871 5440 53435 995 1249 1730 4132 2232 3905 5756
internal_value=1.20578e-06 -0.00106873 -0.000669971 -0.000797372 0.00092675 0.0106936 0.00333971 -0.000945831 -0.00118168 0.00433103 0.00210922 0.00156328 0.0193701 0.00460133 0.00165853 -0.00895785 0.0243159 0.00185934 0.0313518 0.052419 -5.71993e-05 -0.00144091 0.000377867 0.00899024 0.000862165 0.00752414 0.0145716 -0.00252705 0.00030184 0.000708124
internal_weight=148952 69087.2 62080.7 61688.5 79865.1 786.826 510.978 60901.7 58296.1 2605.58 36273.2 31470.2 392.174 175.657 31348.8 581.949 275.847 30766.9 216.517 80.2911 43591.8 17401.4 13867.2 1516.04 26190.4 2031.92 1194.43 837.489 24158.5 23249.3
internal_count=730800 341631 301760 299754 389169 3626 2419 296128 284533 11595 201802 171339 2006 918 170677 2994 1207 167683 1088 406 187367 74741 59870 6435 112626 9343 5862 3481 103283 99378
is_linear=0
shrinkage=0.05


Tree=87
num_leaves=31
num_cat=0
split_feature=0 4 4 8 4 0 1 4 4 8 3 8 7 7 5 7 7 3 3 6 5 8 1 6 5 5 7 7 7 7
split_gain=53.9367 59.6431 142.515 67.6915 46.6932 51.2269 50.1893 45.2861 43.2066 37.5736 35.9019 35.8314 32.0266 195.747 189.567 41.6589 111.195 67.5144 43.7295 34.4528 31.1788 57.6608 35.5808 35.4554 26.893 25.5716 24.2493 23.8319 27.3375 21.0315
threshold=2.5000000000000004 44355.500000000007 44195.500000000007 44318.500000000007 42953.500000000007 19.500000000000004 2.5000000000000004 44381.500000000007 25904.000000000004 44235.500000000007 42674.500000000007 44354.500000000007 4768.5000000000009 4753.5000000000009 7292.3332519531259 9851.0000000000018 9896.0000000000018 45057.500000000007 37629.500000000007 1.4922503829002383 47104.666015625007 46786.500000000007 4.5000000000000009 54.938568115234382 46118.074218750007 22707.833007812504 5284.0000000000009 9487.0000000000018 8553.0000000000018 4659.5000000000009
decision_type=2 2 2 2 2 2 2 2 2 2 2 2 2 2 2 2 2 2 2 2 2 2 2 2 2 2 2 2 2 2
left_child=12 2 4 9 5 8 -6 -3 -2 -4 -8 -5 13 29 26 27 17 -17 -18 -15 21 22 -9 -22 -23 -7 -14 28 -16 -1
right_child=1 7 3 11 6 25 10 20 -10 -11 -12 -13 14 19 15 16 18 -19 -20 -21 23 24 -24 -25 -26 -27 -28 -29 -30 -31
leaf_value=-0.00013958696964693848 -0.00095042835753327058 0.015767779730700714 0.0013944101540144555 0.014041672017104309 0.0056961746307341047 -0.0012254170651939567 -0.0057546372567790494 0.0020086562672208329 0.0015279805478292672 -0.043081418710569377 -0.021139410459758055 -0.025606937421527972 -0.014821956311084312 0.034388657764639084 -0.0082341119740574932 0.026460618456899815 0.00071311348513214629 0.12741258281507026 -0.0023619331994430576 0.076492176727673361 0.010239989266051713 -0.0020492781795315783 0.0079369433942450308 0.050872517452855572 -0.015669935464756892 0.012411335222374737 -0.035182173087660557 -0.019155934705321009 0.0034777865847905698 0.012550660991730401
leaf_weight=6414.7532696127892 32255.836096830666 733.63927711546421 55.519642941653728 136.28625648468733 602.46882548183203 461.80104243755341 1082.648946352303 7889.0882309824228 38663.452818609774 328.22038149088621 583.62545645982027 97.929081425070763 220.3175126761198 138.83281707763672 2018.2330458760262 197.32661053538322 19917.759230688214 18.079171821475029 27557.182819902897 74.747414976358414 492.46606507152319 1541.9205311313272 3726.6302055045962 60.256810955703259 473.73676217347383 1345.1087068840861 434.96139158308506 353.43965029716492 661.57153043150902 343.99797728657722
leaf_count=31930 151144 3592 281 640 2647 3112 5520 34895 190598 1570 2972 475 1124 603 10947 1006 96625 94 134694 396 3849 8105 20612 307 2211 11538 2285 1842 3412 1774
internal_value=1.1499e-06 0.000765194 0.000195153 -0.0237182 0.000392198 0.000612556 -0.00667153 0.00365454 0.000400739 -0.0366466 -0.0111433 -0.00253603 -0.00118425 0.00199558 -0.00161576 -0.00127057 -0.000909192 0.0349336 -0.00107182 0.0491238 0.00302801 0.00255596 0.00391061 0.0146697 -0.00525052 0.00892612 -0.0283367 -0.0069523 -0.00534276 0.000506304
internal_weight=148882 90530.6 75612.9 617.955 74994.9 72726.2 2268.74 14917.7 70919.3 383.74 1666.27 234.215 58351.2 6972.33 51378.9 50723.6 47690.3 215.406 47474.9 213.58 14184.1 13631.4 11615.7 552.723 2015.66 1806.91 655.279 3033.24 2679.8 6758.75
internal_count=730800 444068 370497 2966 367531 356392 11139 73571 341742 1851 8492 1115 286732 34703 252029 248620 232419 1100 231319 999 69979 65823 55507 4156 10316 14650 3409 16201 14359 33704
is_linear=0
shrinkage=0.05


Tree=88
num_leaves=31
num_cat=0
split_feature=2 8 8 5 8 8 8 3 6 3 3 7 9 4 3 1 3 4 3 8 7 3 8 8 7 8 8 8 3 3
split_gain=51.6599 35.1234 34.895 157.42 82.6405 180.353 147.527 87.7596 68.117 66.9276 75.6369 72.9925 32.4688 32.0049 24.9826 26.6551 33.7084 32.1132 26.4229 63.5263 46.4847 39.5432 23.7657 47.511 25.1298 20.313 81.5494 45.6439 180.928 35.2503
threshold=1.0000000180025095e-35 20015.500000000004 31020.500000000004 30693.250000000004 39652.500000000007 40710.500000000007 41252.500000000007 40683.500000000007 148.06764984130862 37629.500000000007 38755.500000000007 37278.500000000007 1.0000000180025095e-35 30697.500000000004 25968.500000000004 3.5000000000000004 37675.000000000007 46783.500000000007 4769.5000000000009 7137.0000000000009 5533.0000000000009 4737.5000000000009 21687.500000000004 21457.500000000004 826.50000000000011 41208.500000000007 42252.000000000007 42686.500000000007 42674.500000000007 39679.500000000007
decision_type=2 2 2 2 2 2 2 2 2 2 2 2 2 2 2 2 2 2 2 2 2 2 2 2 2 2 2 2 2 2
left_child=1 -1 3 22 9 7 -7 -6 13 11 -11 -4 25 -5 18 16 -16 -18 21 20 -20 -14 23 -3 -24 29 -27 28 -28 -2
right_child=12 2 4 8 5 6 -8 -9 -10 10 -12 -13 14 -15 15 -17 17 -19 19 -21 -22 -23 24 -25 -26 26 27 -29 -30 -31
leaf_value=-0.0044248634748564209 0.00029677426191267045 0.000512110801816876 -0.0045148946717114592 0.046870665560760333 0.0087746990611870957 -0.01226594385299134 -0.00036046340326218763 0.050772903191090207 0.087528441500563672 -0.029426910803820028 -0.0079329520598712226 0.01109011144996633 0.0027463344824590237 0.0011443856031390441 0.0058087153585757688 0.0046403733623548715 -0.0015442357907774051 0.0086034580889590862 -0.010878259768342086 -0.00054575077572977947 -0.068561262126608485 0.02606227184775238 0.012354672845452334 0.029369502881714995 -0.00033157579063151991 -0.0081553860309417688 0.0015028502357106329 -0.00065255273226198828 0.050950320263786542 0.0071643010253706358
leaf_weight=6755.3235805779696 24149.694501422346 407.24848915636539 4660.0109626203775 85.151171147823334 3696.07632394135 2788.4120022654533 38937.469274476171 128.71834024786949 64.378127261996269 472.59877756237984 3055.846946015954 892.95173393189907 3227.5704556927085 69.500871926546097 2933.482333868742 11745.794851630926 7215.7474937140942 874.07018220424652 87.960046485066414 9881.6112668067217 57.928071573376656 192.70431736856699 415.77523429691792 219.51470631361008 6385.4997951388359 3534.8149608522654 1299.313592299819 12348.645415946841 215.70539072155952 2025.2380709126592
leaf_count=38645 103283 2144 24371 387 17178 13891 183061 604 275 2730 16860 4504 16145 325 14892 77266 34613 7154 376 50169 242 945 1931 1088 33637 14871 5546 53435 889 9343
internal_value=1.0297e-06 -0.00100047 -0.000629032 0.00253439 -0.00107183 -0.000203524 -0.00115607 0.0101881 0.0443115 -0.00542708 -0.0108118 -0.00200551 0.000867527 0.0263212 0.00197385 0.00298307 0.00121715 -0.000447821 0.000265094 -0.00102931 -0.0337826 0.00406 0.00130251 0.010619 0.000443959 -5.20172e-05 -0.00137615 0.000352345 0.00854308 0.000828137
internal_weight=148825 69034.5 62279.2 7647.07 54632.1 45550.7 41725.9 3824.79 219.03 9081.41 3528.45 5552.96 79790.3 154.652 36216.9 22769.1 11023.3 8089.82 13447.8 10027.5 145.888 3420.27 7428.04 626.763 6801.28 43573.4 17398.5 13863.7 1515.02 26174.9
internal_count=730800 341631 302986 39787 263199 214734 196952 17782 987 48465 19590 28875 389169 712 201802 133925 56659 41767 67877 50787 618 17090 38800 3232 35568 187367 74741 59870 6435 112626
is_linear=0
shrinkage=0.05


Tree=89
num_leaves=31
num_cat=0
split_feature=13 3 8 8 8 6 6 7 4 3 7 8 8 3 8 3 6 10 8 1 8 3 9 8 5 3 4 4 6 4
split_gain=48.856 40.9257 137.307 71.8489 126.5 74.9286 71.4245 48.8287 66.4399 58.6351 48.4494 38.6429 39.8396 123.319 93.278 34.7544 33.7647 26.9044 25.7614 24.5809 23.6351 20.8008 18.067 15.7725 15.2637 14.8053 13.1806 17.6149 11.9705 10.9513
threshold=1.5000000000000002 46770.500000000007 46710.500000000007 46523.500000000007 46568.500000000007 1.4922503829002383 3.5106816291809086 45982.500000000007 44355.500000000007 46128.000000000007 46706.500000000007 46786.500000000007 47081.500000000007 47139.500000000007 47648.500000000007 45953.500000000007 5.5226340293884286 1.055555582046509 47288.500000000007 2.5000000000000004 46909.500000000007 24623.500000000004 9.5000000000000018 46796.500000000007 28834.325195312504 47130.000000000007 415.50000000000006 10798.500000000002 75.883831024169936 25281.000000000004
decision_type=2 2 2 2 2 2 2 2 2 2 2 2 2 2 2 2 2 2 2 2 2 2 2 2 2 2 2 2 2 2
left_child=1 2 3 7 5 -5 -4 8 -1 -9 -6 19 20 18 -15 21 -17 24 -14 -3 23 -8 25 -13 -2 28 -26 -28 -19 -30
right_child=17 11 6 4 10 -7 15 9 -10 -11 -12 12 13 14 -16 16 -18 22 -20 -21 -22 -23 -24 -25 26 -27 27 -29 29 -31
leaf_value=-0.00055843010419400299 0.0027937712703602654 0.0039363115402731045 -0.032476579108173004 -0.012073659037746116 -0.0035330076389520921 0.023740201465116698 -0.0095189332158443721 -0.017637876555609371 0.003152372345823651 -0.0012448096998352782 0.037268057557231594 -0.014974232117313566 0.028200188681136568 -0.017844394326269844 0.0050504519209590409 0.0276882056613931 -0.013867881054548821 -0.01056774325247424 -0.026549960073028119 0.02391539634798627 -0.018170185313902524 0.00011568293826428084 -0.043799810058722292 0.0017558685974340242 -0.054777605650765643 0.024042053763108983 0.020641297487113571 0.0067932814089758792 -0.0034601419049405027 0.0032826645321489831
leaf_weight=110751.75275848806 3101.9746187776327 263.43292794376612 302.6585291326046 167.39427541941404 1568.839749738574 1145.0789506807923 885.52447833120823 880.76067522913218 13536.731313034892 1432.9296092838049 76.297206908464432 175.56370220333338 562.00667940825224 538.75942724198103 2553.1290507018566 50.32444903254509 1703.3182857260108 277.4016690403223 22.339189670979977 370.44184114038944 281.69923857599497 1524.9280856996775 23.936953231692314 713.05704962462187 8.4267227724194509 61.717511422932148 248.31709263473749 3052.9194660037756 1054.814819611609 1403.3072480559349
leaf_count=533576 18662 1253 1510 808 7424 5401 4088 4120 62578 6788 349 837 2555 2384 14634 226 8176 1555 108 1768 1374 7218 115 3370 59 583 1800 22212 6053 9216
internal_value=8.62704e-07 -0.00023226 -0.000405434 -0.00010828 0.00759534 0.0191725 -0.00902449 -0.000288248 -0.000154273 -0.00748522 -0.00164076 0.00400279 0.0024844 0.00504217 0.00106104 -0.00731992 -0.0126753 0.00352332 0.0261071 0.0156123 -0.00555013 -0.00342377 -0.000545641 -0.00154948 0.0053137 -0.0001755 0.0076755 0.00783492 -0.000721884 0.000389231
internal_weight=148740 139507 134027 129560 2957.61 1312.47 4466.75 126602 124288 2313.69 1645.14 5480.43 4846.55 3676.23 3091.89 4164.1 1753.64 9232.82 584.346 633.875 1170.32 2410.45 2821.18 888.621 6411.64 2797.24 3309.66 3301.24 2735.52 2458.12
internal_count=730800 670545 642262 621044 13982 6209 21218 607062 596154 10908 7773 28283 25262 19681 17018 19708 8402 60255 2663 3021 5581 11306 17522 4207 42733 17407 24071 24012 16824 15269
is_linear=0
shrinkage=0.05


Tree=90
num_leaves=31
num_cat=0
split_feature=7 7 7 8 7 7 5 8 1 8 3 5 3 3 7 3 8 4 3 3 8 7 3 3 2 4 7 1 2 4
split_gain=47.5741 115.031 86.1417 105.328 83.671 119.498 63.3676 79.4833 91.6781 76.6111 106.809 73.6464 59.3437 58.8127 103.302 53.9438 51.3007 38.4652 36.1574 288.699 216.457 58.1721 51.3571 35.5703 32.1353 22.6592 19.4914 43.9126 24.1545 14.8117
threshold=115.50000000000001 826.50000000000011 99.500000000000014 39541.500000000007 537.50000000000011 498.50000000000006 27207.583007812504 37617.500000000007 2.5000000000000004 37571.500000000007 37358.500000000007 39646.550781250007 102.00000000000001 199.50000000000003 156.50000000000003 46788.500000000007 37600.500000000007 12549.500000000002 4769.5000000000009 4737.5000000000009 7137.0000000000009 5533.0000000000009 9878.5000000000018 3435.5000000000005 1.0000000180025095e-35 8720.5000000000018 51.500000000000007 3.5000000000000004 1.0000000180025095e-35 25904.000000000004
decision_type=2 2 2 2 2 2 2 2 2 2 2 2 2 2 2 2 2 2 2 2 2 2 2 2 2 2 2 2 2 2
left_child=2 4 26 12 5 13 18 9 15 10 -8 -10 -4 14 -2 -9 -11 25 19 23 21 -20 -22 -3 -21 -6 27 -1 -28 -15
right_child=1 6 3 -5 17 -7 7 8 11 16 -12 -13 -14 29 -16 -17 -18 -19 20 24 22 -23 -24 -25 -26 -27 28 -29 -30 -31
leaf_value=-0.0038679302032274434 -0.00061220098248385981 0.001207427659292886 -0.059073116530117667 -0.042474790928045653 0.011172893635949775 -0.018729363776210702 0.0043101473731463587 -0.0021361389884281229 0.00017117661507277674 0.022799991050184924 -0.018739183339232114 0.0045223383611519693 0.0044290610758148906 0.00092140257976426891 0.046409637651055533 0.0041974511155503701 0.0063535033603187296 0.021893296770385491 -0.015987612988040394 0.052686741338247502 -0.0064700944555539999 -0.043106092134663834 -0.0010582674030924593 -0.0061314045610924356 0.027373542988642655 -0.0092567895925722236 -0.020643216390874162 0.023609157023559906 0.0014653289976105188 0.0094964361538773662
leaf_weight=392.43021899461746 238.375592418015 4882.8883953019977 41.742854610085487 328.4759374782443 1191.8359296172857 575.5241214632988 6956.6674385294318 38273.842055790126 27402.676701068878 872.17982220649719 541.75064139813185 15074.535600662231 310.11263270676136 1923.4474174752831 229.01753880083561 3685.6102073267102 1038.9828814268112 974.04253616183996 445.15607537329197 184.33947403728962 5049.6096703708172 355.82192738354206 33248.780377231538 2494.6384204253554 392.00454553961754 153.1679063513875 196.34459066390991 231.00130695104599 333.19150124490261 682.1907961294055
leaf_count=1828 1132 23259 201 1671 5611 2802 33640 182271 141991 4461 2603 74071 1511 9223 1034 20301 5125 4984 2230 924 24827 1837 161303 12157 1750 760 1022 1181 1600 3490
internal_value=8.6313e-07 0.000100783 -0.00800383 -0.0221132 0.00690018 0.00218008 -0.000187196 0.000563623 7.78663e-05 0.00492255 0.00264486 0.00171534 -0.00310461 0.00609605 0.022428 -0.00157981 0.013859 0.0143263 -0.00168468 0.00138837 -0.00230982 -0.0280346 -0.00177181 -0.00127413 0.0354698 0.00884638 0.000321696 0.00631321 -0.00673221 0.00316646
internal_weight=148700 146867 1833.3 680.331 5967.6 3648.56 140899 93846.2 84436.7 9409.58 7498.42 42477.2 351.855 3073.03 467.393 41959.5 1911.16 2319.05 47053.2 7953.87 39099.4 800.978 38298.4 7377.53 576.344 1345 1152.97 623.432 529.536 2605.64
internal_count=730800 721786 9014 3383 29036 17681 692750 464463 418634 45829 36243 216062 1712 14879 2166 202572 9586 11355 228287 38090 190197 4067 186130 35416 2674 6371 5631 3009 2622 12713
is_linear=0
shrinkage=0.05


Tree=91
num_leaves=31
num_cat=0
split_feature=2 3 8 8 8 6 6 7 7 7 3 8 8 3 8 8 8 5 1 1 1 7 4 8 13 4 5 5 7 8
split_gain=45.6668 40.6061 116.297 68.2453 101.615 66.013 61.1625 45.0116 43.1317 37.4524 36.915 32.6096 45.3864 117.398 85.8274 31.1981 27.9616 27.8588 27.1931 24.7353 22.7306 21.5386 21.3828 19.6203 17.3185 19.4526 15.8471 15.8261 14.3483 13.8041
threshold=3.5000000000000004 46770.500000000007 46710.500000000007 46523.500000000007 46568.500000000007 3.5106816291809086 1.4922503829002383 46434.500000000007 46706.500000000007 115.50000000000001 45820.500000000007 46786.500000000007 47081.500000000007 47139.500000000007 47648.500000000007 41247.500000000007 46786.500000000007 18373.277343750004 6.5000000000000009 3.5000000000000004 2.5000000000000004 24542.500000000004 47288.500000000007 46909.500000000007 3.5000000000000004 38796.500000000007 41914.300781250007 32470.852539062504 10916.500000000002 24982.000000000004
decision_type=2 2 2 2 2 2 2 2 2 2 2 2 2 2 2 2 2 2 2 2 2 2 2 2 2 2 2 2 2 2
left_child=1 2 3 7 6 -4 -5 9 -6 -1 21 20 23 22 -15 17 -12 -2 26 24 -3 -7 -14 -13 25 -19 -17 28 -20 -26
right_child=15 11 5 4 8 10 -8 -9 -10 -11 16 12 13 14 -16 18 -18 19 27 -21 -22 -23 -24 -25 29 -27 -28 -29 -30 -31
leaf_value=-0.0079277259665518542 0.00026411489010575063 0.0033023767983249145 -0.030878947590826097 -0.01091820691111659 -0.0025133091546946408 -0.0061645175830654028 0.021501810563771956 -0.051896551906345151 0.036159583926762835 -0.00018718107734276462 -0.0073541186949326242 -0.0022816970220449488 0.027161608270862937 -0.016602321804968467 0.0052884515843860998 -0.0049911481254865057 -0.020022160413933673 0.0077170300139850021 0.0029345798079217483 0.012178137986661551 0.022561231052284525 0.0033664316074735476 -0.041128916529168606 -0.017300716803293443 -0.12811787502009672 -0.005390815678100758 0.0036179521599469205 0.0091504370510200224 -0.012967677166622983 -0.013948752468728582
leaf_weight=1582.6644010618329 1415.7622978165746 259.9181210398674 297.9445316195488 165.87033033370972 1643.3334647491574 1591.7548213750124 1183.3440615162253 42.258423015475273 75.406269833445549 123906.40071865171 1235.256821334362 898.51949238777161 576.63923299312592 543.49351074546576 2541.946469374001 2062.361547999084 672.87363643199205 1006.0006592273712 983.36770206689835 2003.2021351084113 373.19384381175041 944.50030659139156 11.695074424147604 286.87990133464336 4.3500402867794019 393.86097487807274 721.54722521454096 1041.6232387274504 165.75803043693304 6.7650462910532951
leaf_count=7558 7890 1234 1502 802 7876 7803 5622 206 343 586936 5921 4248 2647 2408 14733 13006 3342 6472 7971 15924 1774 4338 52 1400 24 2581 5065 9754 1316 52
internal_value=7.73259e-07 -0.000232128 -0.000405673 -0.000122111 0.0072457 -0.0080951 0.0175161 -0.000302179 -0.000816613 -0.000284805 -0.00656771 0.00398119 0.00259052 0.00533543 0.00143244 0.00329867 -0.0118213 0.00616107 0.000519544 0.00860637 0.0146547 -0.0026152 0.0258041 -0.00591647 0.00353544 0.00402904 -0.0027598 0.00468679 0.000640726 -0.0586304
internal_weight=148638 138834 133342 128599 3067.95 4742.33 1349.21 125531 1718.74 125489 4444.39 5492.29 4859.17 3673.77 3085.44 9804.6 1908.13 4829.94 4974.66 3414.18 633.112 2536.26 588.334 1185.4 1410.98 1399.86 2783.91 2190.75 1149.13 11.1151
internal_count=730800 660745 632249 609343 14643 22906 6424 594700 8219 594494 21404 28496 25488 19840 17141 70055 9263 32943 37112 25053 3008 12141 2699 5648 9129 9053 18071 19041 9287 76
is_linear=0
shrinkage=0.05


Tree=92
num_leaves=31
num_cat=0
split_feature=2 8 8 3 9 8 8 3 8 3 4 4 7 7 7 8 3 5 8 8 5 3 8 8 8 1 7 4 6 7
split_gain=44.2243 30.2015 52.0243 35.859 26.5705 25.2534 38.6176 25.1987 26.9365 24.5915 21.2247 27.1327 20.9533 35.7957 20.5065 19.697 61.4819 58.7521 56.2063 42.4129 168.163 33.7838 26.4161 25.37 23.2786 18.7448 18.347 17.6633 36.4624 16.0286
threshold=1.0000000180025095e-35 21058.500000000004 21687.500000000004 907.50000000000011 1.0000000180025095e-35 47648.500000000007 46710.500000000007 539.50000000000011 44655.500000000007 20089.500000000004 44655.500000000007 44402.500000000007 115.50000000000001 99.500000000000014 826.50000000000011 41131.500000000007 40470.500000000007 40454.083984375007 42252.000000000007 42686.500000000007 42516.125000000007 41888.500000000007 39681.500000000007 42696.500000000007 41150.500000000007 4.5000000000000009 826.50000000000011 15498.500000000002 4377.2463378906259 977.50000000000011
decision_type=2 2 2 2 2 2 2 2 2 2 2 2 2 2 2 2 2 2 2 2 2 2 2 2 2 2 2 2 2 2
left_child=1 29 9 7 15 6 -5 8 -4 -3 11 12 13 -6 -9 16 17 22 21 20 -20 24 -2 -21 -17 -12 -14 28 -11 -1
right_child=4 2 3 5 10 -7 -8 14 -10 27 25 -13 26 -15 -16 18 -18 -19 19 23 -22 -23 -24 -25 -26 -27 -28 -29 -30 -31
leaf_value=0.001275419813857908 0.0002414831464784079 -0.0018266524009819401 -0.0026250957510609409 -0.00059516084918876928 0.0018107530480426697 0.0072061967223065919 -0.0053973687384395374 0.029558072852345879 0.025623805962434677 0.07627773594323993 0.0026046759980537133 -0.022201380450204193 0.0062856606878138321 -0.023635074453811678 -0.0024166453631080552 -0.022389732813435845 0.016495842713408673 -0.055710459468927033 0.00090210735496042127 -0.02148338963669396 0.046271740097179784 -0.025729097378910638 0.0082247996578317297 -0.00042438054916089175 -0.0043910228479788682 0.0091787897362481628 0.001285017631350738 0.01528404591904943 0.017823855711058569 -0.0051305865234085417
leaf_weight=1174.7521738857031 23472.998733796179 116.85868772864342 402.39968743920326 55296.586651131511 360.22090907394886 962.24536262452602 4529.3375573456287 212.50464437901974 106.7803553044796 44.085349678993225 3079.6405971348286 121.9833335056901 1959.4367127716541 224.24979146569967 65.630515664815903 187.92687368392944 614.7835296317935 46.419392570853233 1270.2545021474361 144.71404637396336 243.36996993422508 209.95077423751354 1084.0497561991215 12190.20120331645 4076.1038259789348 1673.5029390975833 28705.245301440358 169.25824192166328 67.566205993294716 5785.4727223515511
leaf_count=6081 100065 592 1961 271387 1897 4177 20564 912 458 219 18244 662 10909 1097 295 865 2666 196 5440 598 995 897 5109 52837 17699 12219 156774 844 351 33790
internal_value=8.18692e-07 -0.000926464 -0.000575729 -0.000692164 0.000803188 -0.000829483 -0.000958729 0.00991014 0.00329899 0.0174486 0.00180569 0.00133393 0.00142581 -0.00795231 0.0220131 -2.85517e-05 0.000877926 0.00048767 -0.00127618 0.000297853 0.00819692 -0.00614838 0.0005939 -0.000671446 -0.00518427 0.00491931 0.00160455 0.0254671 0.0409042 -0.00404938
internal_weight=148599 68933.5 61973.3 61575.5 79665.1 60788.2 59825.9 787.315 509.18 397.768 36124.3 31371.1 31249.2 584.471 278.135 43540.8 25218.3 24603.5 18322.5 13848.5 1513.62 4473.98 24557 12334.9 4264.03 4753.14 30664.7 280.91 111.652 6960.22
internal_count=730800 341631 301760 299754 389169 296128 291951 3626 2419 2006 201802 171339 170677 2994 1207 187367 108036 105370 79331 59870 6435 19461 105174 53435 18564 30463 167683 1414 570 39871
is_linear=0
shrinkage=0.05


Tree=93
num_leaves=31
num_cat=0
split_feature=13 3 3 7 7 8 3 3 3 3 7 3 7 8 4 7 7 7 1 10 7 1 7 13 5 0 3 8 7 7
split_gain=40.5777 35.8928 63.1178 109.884 169.673 126.228 103.011 118.395 170.101 90.3729 49.9914 49.1444 79.495 38.9041 36.3218 34.7496 33.5326 47.8547 30.1474 24.3302 23.7756 21.8724 22.4138 16.3925 13.7763 13.6306 13.5218 12.4524 12.1259 20.2191
threshold=1.5000000000000002 2245.5000000000005 9878.5000000000018 5131.0000000000009 4659.5000000000009 7137.0000000000009 10555.000000000002 11768.500000000002 11881.000000000002 11106.500000000002 4768.5000000000009 102.00000000000001 99.500000000000014 44933.500000000007 24981.000000000004 5284.0000000000009 10350.500000000002 10073.500000000002 2.5000000000000004 1.055555582046509 5284.0000000000009 9.5000000000000018 826.50000000000011 6.5000000000000009 25651.416992187504 17.500000000000004 47130.000000000007 47081.500000000007 1109.0000000000002 10463.500000000002
decision_type=2 2 2 2 2 2 2 2 2 2 2 2 2 2 2 2 2 2 2 2 2 2 2 2 2 2 2 2 2 2
left_child=1 11 3 4 14 15 16 9 -9 -8 -6 12 -1 21 -3 -5 17 -4 -18 24 -7 22 -13 26 -2 -23 -21 -15 -26 -30
right_child=19 2 6 5 10 20 7 8 -10 -11 -12 13 -14 27 -16 -17 18 -19 -20 23 -22 25 -24 -25 28 -27 -28 -29 29 -31
leaf_value=-0.0025344392290255237 0.0018666596739376669 -0.0059635575929018747 0.012307469195754379 -0.010790632362932605 0.022480088003190103 -0.018548973664364098 -0.0061019079741209585 0.026655219084739581 -0.00014360364093102439 -0.029224770007202611 -0.00049848474687945313 0.0074145803155071998 -0.054036077422537 0.02257156656006264 0.0034597502022572385 -0.037847815778416873 0.024245280059429108 -0.0067965142068035778 0.001762652693278918 -0.00084907192064304559 -0.0053883039641815268 -0.038793534064973226 0.00089860946379442515 -0.046002210682971889 -0.0036651342312262374 0.0064808003135779684 0.023069764677929063 -0.0088011934668971049 0.011856573964261385 0.0044054717259879531
leaf_weight=485.51041225343943 2332.513417288661 3838.4067096710205 995.23377370089293 162.03746992349625 966.81463115662336 371.57272738218307 2159.3831165507436 595.17864762991667 115466.72729456425 525.37674622237682 313.42862367630005 2602.8283967077732 88.600154042243958 367.00081506371498 1393.9467425644398 443.3354544788599 604.67549419403076 488.80664473026991 197.90801065415144 2735.2746494859457 4490.2010688781738 48.555916130542755 2677.3002747297287 19.787427753210068 264.17661339044571 25.279942385852337 60.391998894512653 34.612036302685738 1527.3516620099545 2254.204848408699
leaf_count=2244 13558 18446 4754 790 4503 1831 10431 2769 556644 2597 1553 11912 453 1653 6754 2317 2834 2326 930 16843 21831 238 12419 95 1968 160 584 156 11419 15788
internal_value=7.83649e-07 -0.000211492 -0.000386547 -0.00384855 0.000538953 -0.00907505 -4.38821e-05 -0.000246299 -6.17623e-06 -0.0106268 0.0168545 0.00346715 -0.0104825 0.0048586 -0.0034531 -0.0306055 0.0104678 0.00601508 0.0187013 0.0032181 -0.00639414 0.00373273 0.00411064 -0.000653351 0.00492702 -0.0232925 -0.000332377 0.0198678 0.00669143 0.00741493
internal_weight=148536 139343 133013 11979.7 6512.6 5467.15 121033 118747 116062 2684.76 1280.24 6329.69 574.111 5755.58 5232.35 605.373 2286.62 1484.04 802.584 9193.7 4861.77 5353.96 5280.13 2815.45 6378.25 73.8359 2795.67 401.613 4045.73 3781.56
internal_count=730800 670545 641310 58025 31256 26769 583285 572441 559413 13028 6056 29235 2697 26538 25200 3107 10844 7080 3764 60255 23662 24729 24331 17522 42733 398 17427 1809 29175 27207
is_linear=0
shrinkage=0.05


Tree=94
num_leaves=31
num_cat=0
split_feature=2 8 8 3 8 3 3 8 8 8 3 3 6 7 7 7 7 3 5 3 7 6 6 0 8 7 7 8 7 7
split_gain=39.4371 28.3439 343.81 119.688 102.898 87.9881 84.7063 53.2284 89.1604 86.3456 101.928 70.2244 60.6147 48.5058 157.685 87.8584 99.0195 62.336 46.4276 41.8954 29.4061 27.7865 44.6833 24.5208 21.6799 21.6751 38.8094 64.4718 38.1952 39.6971
threshold=1.0000000180025095e-35 39681.500000000007 40417.500000000007 39681.500000000007 40415.500000000007 37629.500000000007 38755.500000000007 41685.000000000007 41740.500000000007 40710.500000000007 40683.500000000007 41733.500000000007 5763.4333496093759 37278.500000000007 37307.500000000007 30714.500000000004 30284.000000000004 37297.000000000007 22367.583007812504 39679.500000000007 37618.500000000007 3.5106816291809086 19.501922607421879 19.500000000000004 40415.500000000007 115.50000000000001 99.500000000000014 39541.500000000007 826.50000000000011 537.50000000000011
decision_type=2 2 2 2 2 2 2 2 2 2 2 2 2 2 2 2 2 2 2 2 2 2 2 2 2 2 2 2 2 2
left_child=1 5 3 19 -5 13 -7 9 11 10 -4 -9 -11 15 17 16 -1 -15 -10 24 -16 -8 -23 25 -3 26 -2 -28 29 -27
right_child=23 2 7 4 -6 6 21 8 18 12 -12 -13 -14 14 20 -17 -18 -19 -20 -21 -22 22 -24 -25 -26 28 27 -29 -30 -31
leaf_value=-0.0013173803008698201 0.00081831206654915916 0.01399403218504737 0.0015546023697752512 -0.012907389038285769 0.047511357763493328 -0.028625515403096075 0.00057984767052201083 0.0038821071130206298 -0.0086877187054364372 -0.013259175218434022 0.047605856935824899 0.037465723226923292 -0.0025901799497353314 0.010993199517723706 -0.0048069294471886894 -0.022610374403562641 0.027270660254439819 0.0636173523821532 4.0872243551656567e-06 0.046901650375171744 0.040243561460788536 -0.039864789561919071 -0.0075957878018013767 0.0064602067879311019 0.051264970338421735 0.0015914497984518589 -0.00036321506318486686 -0.041302157477592187 0.00048577244929556601 0.012867999249017296
leaf_weight=18493.235097691417 666.4453077018261 191.70670631527901 1491.8029517680407 258.86012433469296 96.82955639064312 475.38704094290733 1072.8056658357382 356.4863393008709 1608.8780268132687 2655.8766343593597 130.68334348499775 276.30725841224194 2669.2966897040606 87.731584832072258 626.24747805297375 475.55933551490307 307.93861585855484 156.94251957535744 34090.531579107046 508.3097310513258 38.446192026138306 111.78241500258446 2662.7257359921932 1842.1345352679491 48.987482756376266 1994.9525499492884 210.34625472128391 177.17115277796984 73436.950470879674 1281.9808645620942
leaf_count=100121 3051 800 7055 1137 429 2784 5766 1716 7238 13599 604 1392 12933 420 3214 2552 1451 719 160074 2262 208 612 14341 16277 204 9647 905 822 352049 6418
internal_value=6.79016e-07 -0.00087521 -0.000121584 0.0274229 0.00354043 -0.00224 -0.00871395 -0.000824642 -5.78598e-05 -0.00483447 0.00526381 0.0185463 -0.00791123 -0.000853652 0.010431 -0.001386 -0.000849146 0.0447482 -0.000387629 0.0387644 -0.00220119 -0.00625361 -0.00889588 0.000758661 0.0215796 0.000623605 -0.00649794 -0.0190803 0.000721448 0.00600299
internal_weight=148503 68893.4 44384.6 1104.69 355.69 24508.8 4322.7 43279.9 36332.2 6947.66 1622.49 632.794 5325.17 20186.1 909.368 19276.7 18801.2 244.674 35699.4 749.004 664.694 3847.31 2774.51 79610 240.694 77767.8 1053.96 387.517 76713.9 3276.93
internal_count=730800 341631 209443 4832 1566 132188 23503 204611 170420 34191 7659 3108 26532 108685 4561 104124 101572 1139 167312 3266 3422 20719 14953 389169 1004 372892 4778 1727 368114 16065
is_linear=0
shrinkage=0.05


Tree=95
num_leaves=31
num_cat=0
split_feature=2 3 8 8 8 6 6 3 8 8 3 3 8 8 3 8 8 5 4 1 1 1 7 4 8 4 9 8 5 4
split_gain=37.0636 36.2912 103.549 60.5961 91.9082 60.3209 55.1031 44.2747 94.2531 51.2843 40.5198 34.3454 30.312 39.5587 108.562 75.6533 29.1211 25.7394 24.9663 23.1974 22.4452 20.5381 19.9239 19.3336 17.7482 15.5335 20.1496 15.1123 14.5102 14.0891
threshold=3.5000000000000004 46770.500000000007 46710.500000000007 46523.500000000007 46568.500000000007 1.5059289336204531 1.4922503829002383 46015.500000000007 44951.500000000007 46074.500000000007 46688.500000000007 45820.500000000007 46786.500000000007 47081.500000000007 47139.500000000007 47648.500000000007 41247.500000000007 18373.277343750004 46845.500000000007 6.5000000000000009 3.5000000000000004 2.5000000000000004 24542.500000000004 47288.500000000007 46909.500000000007 38796.500000000007 6.5000000000000009 41259.000000000007 31645.746093750004 6151.0000000000009
decision_type=2 2 2 2 2 2 2 2 2 2 2 2 2 2 2 2 2 2 2 2 2 2 2 2 2 2 2 2 2 2
left_child=1 2 3 7 6 -4 -5 8 -1 -9 -6 22 21 24 23 -16 17 -2 -13 27 25 -3 -7 -15 -14 26 -19 29 -21 -18
right_child=16 12 5 4 10 11 -8 9 -10 -11 -12 18 13 14 15 -17 19 20 -20 28 -22 -23 -24 -25 -26 -27 -28 -29 -30 -31
leaf_value=-0.00056562024423807678 8.4481269466531465e-05 0.0033028317753748663 -0.031430199257610696 -0.010402440796439413 -0.0048864303108415779 -0.0058716695633571851 0.020417369476279854 -0.019035598881636161 0.003969948845644381 -0.0030696778008065975 0.013689759259758223 -0.0095007584724074601 -0.0020483448485291143 0.026050280460165432 -0.015690517761353603 0.0048815932942709514 -0.10345691919422217 0.0071419460320865467 -0.02923037265099232 -1.5583706824476396e-05 0.011545938310756771 0.021633678116860153 0.0032997567044213642 -0.038733033115987851 -0.016343449414788266 -0.005106320683304905 -0.081611441747527325 -0.0021888921553593638 0.0081596236049375874 -0.019873295562612012
leaf_weight=107522.28010141104 1412.7548473477364 259.68607775866985 252.13288949429989 165.35241962969303 1341.8264341726899 1590.5417576804757 1179.9840324819088 566.3186579272151 12820.120332047343 4495.8864864930511 375.7664428576827 1773.4035155773163 897.06853786855936 573.31964842230082 542.66207350790501 2532.4753115624189 5.5658510923385611 1004.0874227657914 176.28490219265223 1061.9311885610223 1982.1046747267246 371.26114448904991 943.38628736138344 11.752728469669817 286.46826121211052 396.00688299536705 6.4359376430511466 2724.4221711531281 1110.2214328274131 53.540552690625191
leaf_count=510687 7890 1234 1308 802 6467 7803 5622 2648 60193 21172 1752 8640 4248 2647 2408 14733 31 6498 817 8549 15924 1774 4338 52 1400 2591 40 17714 10492 326
internal_value=4.70345e-07 -0.000209101 -0.00037308 -0.000105421 0.00684296 -0.00763392 0.0166294 -0.000275131 -8.24444e-05 -0.00485582 -0.000822424 -0.00629575 0.00378064 0.00243786 0.0050073 0.00125128 0.00297912 0.00575424 -0.0112847 0.000290398 0.00811802 0.014089 -0.00245713 0.0247489 -0.00550839 0.00328735 0.00657668 -0.00273154 0.00416289 -0.0277441
internal_weight=148435 138678 133203 128468 3062.93 4735.75 1345.34 125405 120342 5062.21 1717.59 4483.62 5474.69 4843.75 3660.21 3075.14 9757.07 4801.39 1949.69 4955.68 3388.63 630.947 2533.93 585.072 1183.54 1406.53 1010.52 2783.53 2172.15 59.1064
internal_count=730800 660745 632249 609343 14643 22906 6424 594700 570880 23820 8219 21598 28496 25488 19840 17141 70055 32943 9457 37112 25053 3008 12141 2699 5648 9129 6538 18071 19041 357
is_linear=0
shrinkage=0.05


Tree=96
num_leaves=31
num_cat=0
split_feature=9 5 7 8 7 7 7 1 7 7 8 7 3 3 8 4 6 6 3 7 4 7 5 5 7 1 1 4 7 7
split_gain=34.9463 27.6153 37.7484 35.7915 35.0389 41.5536 49.8556 36.135 80.4888 33.6074 31.9113 23.5324 22.6096 156.275 145.16 32.6914 32.1989 77.6971 59.3523 38.4329 35.8647 27.9003 26.785 22.6873 22.5522 20.6856 20.1921 24.0398 18.9865 18.7278
threshold=1.0000000180025095e-35 21341.500000000004 2243.5000000000005 21687.500000000004 10688.500000000002 27760.500000000004 21974.500000000004 6.5000000000000009 4681.5000000000009 2311.0000000000005 37617.500000000007 115.50000000000001 4769.5000000000009 4737.5000000000009 7137.0000000000009 24981.000000000004 695.80307006835949 0.4615792334079743 47130.000000000007 42302.500000000007 39529.500000000007 5284.0000000000009 3121.2692871093755 40836.875000000007 4768.5000000000009 9.5000000000000018 5.5000000000000009 3685.0000000000005 42395.000000000007 156.50000000000003
decision_type=2 2 2 2 2 2 2 2 2 2 2 2 2 2 2 2 2 2 2 2 2 2 2 2 2 2 2 2 2 2
left_child=12 2 25 -3 7 6 -6 11 -9 -4 -7 -5 13 15 21 22 17 20 -19 23 -16 -14 29 -18 -15 -2 -11 -28 -21 -1
right_child=1 3 9 4 5 10 -8 8 -10 26 -12 -13 14 24 16 -17 19 18 -20 28 -22 -23 -24 -25 -26 -27 27 -29 -30 -31
leaf_value=-0.007754556920354397 0.0037778565423074884 0.023363315019435171 -0.026396055651609476 -0.016323279158839115 0.00077966490360898517 0.0087772015504927955 -0.0055512730999625719 0.00036527676048935453 0.012081962000993695 -0.0016607750206496575 0.0015119066041352773 0.0017265941569901762 -0.012602625786608056 0.035802863371655051 0.00032805075372016785 0.0061668425651943233 -0.0017732631213279821 0.0028497742882867068 0.031556015221427203 -0.026621740162778906 -0.003428360838922419 -0.033754405679265 -0.004931808159801594 0.0017285411022182461 -0.068504521816953698 -0.0065697096376088259 -0.034032357838570663 -0.0067826937674880534 -0.0079476556782501831 0.0037169975044378614
leaf_weight=418.70382714271545 3996.0262062400579 188.05789840221405 153.22610750794411 185.53453840315342 8693.9048981145024 1686.0569468960166 4841.4056365638971 2767.7171906605363 3115.9747528582811 6454.1895640492439 14589.775371111929 6755.3736636862159 274.16581898927689 352.43683888018131 14573.776891581714 1865.6148348599672 37267.313574634492 15037.878305517137 182.2452986240387 156.03882439434528 11266.380123928189 361.42595900595188 2799.5648125261068 5280.6898391246796 5.2593523412942877 549.38394726067781 87.677099674940109 1052.9193076640368 1066.0230070799589 2367.4048129767179
leaf_count=1968 18923 847 724 874 45291 8801 24262 17942 20532 29308 75196 32802 1426 1590 66590 8927 182661 72951 809 735 52510 2000 13649 24456 25 3223 456 5495 4920 10907
internal_value=5.15452e-07 0.000998684 -0.00109017 0.00159833 0.00150233 0.000562193 -0.00148483 0.0036877 0.00657038 -0.00321231 0.00226454 0.00124411 -0.000589314 0.00198602 -0.000824621 0.000436275 -0.000646255 0.000359501 0.0031935 -0.00158975 -0.00130976 -0.0246305 -0.00147773 -0.00133865 0.0342692 0.00252719 -0.00274457 -0.00887736 -0.0103321 0.00199302
internal_weight=148392 55117.2 12293.4 42823.8 42635.7 29811.1 13535.3 12824.6 5883.69 7748.01 16275.8 6940.91 93274.9 7808.98 85465.9 7451.29 84830.3 41060.3 15220.1 43770.1 25840.2 635.592 5585.67 42548 357.696 4545.41 7594.79 1140.6 1222.06 2786.11
internal_count=730800 284676 58129 226547 225700 153550 69553 72150 38474 35983 83997 33676 446124 37066 409058 35451 405632 192860 73760 212772 119100 3426 26524 207117 1615 22146 35259 5951 5655 12875
is_linear=0
shrinkage=0.05


end of trees

feature_importances:
max_item_id=786
min_item_id=410
first_item_id=298
interaction_count=283
last_item_id=264
mean_item_id=224
total_time_delta=203
repeated_item_count=179
std_item_id=95
nonzero_time_intervals=87
unique_item_count=58
mean_time_delta=21
max_time_delta=2

parameters:
[boosting: gbdt]
[objective: binary]
[metric: binary_logloss,auc]
[tree_learner: serial]
[device_type: cpu]
[data_sample_strategy: bagging]
[data: ]
[valid: ]
[num_iterations: 300]
[learning_rate: 0.05]
[num_leaves: 31]
[num_threads: 0]
[seed: 42]
[deterministic: 0]
[force_col_wise: 0]
[force_row_wise: 0]
[histogram_pool_size: -1]
[max_depth: 6]
[min_data_in_leaf: 20]
[min_sum_hessian_in_leaf: 0.001]
[bagging_fraction: 1]
[pos_bagging_fraction: 1]
[neg_bagging_fraction: 1]
[bagging_freq: 0]
[bagging_seed: 400]
[bagging_by_query: 0]
[feature_fraction: 1]
[feature_fraction_bynode: 1]
[feature_fraction_seed: 30056]
[extra_trees: 0]
[extra_seed: 12879]
[early_stopping_round: 0]
[early_stopping_min_delta: 0]
[first_metric_only: 0]
[max_delta_step: 0]
[lambda_l1: 0]
[lambda_l2: 0]
[linear_lambda: 0]
[min_gain_to_split: 0]
[drop_rate: 0.1]
[max_drop: 50]
[skip_drop: 0.5]
[xgboost_dart_mode: 0]
[uniform_drop: 0]
[drop_seed: 17869]
[top_rate: 0.2]
[other_rate: 0.1]
[min_data_per_group: 100]
[max_cat_threshold: 32]
[cat_l2: 10]
[cat_smooth: 10]
[max_cat_to_onehot: 4]
[top_k: 20]
[monotone_constraints: ]
[monotone_constraints_method: basic]
[monotone_penalty: 0]
[feature_contri: ]
[forcedsplits_filename: ]
[refit_decay_rate: 0.9]
[cegb_tradeoff: 1]
[cegb_penalty_split: 0]
[cegb_penalty_feature_lazy: ]
[cegb_penalty_feature_coupled: ]
[path_smooth: 0]
[interaction_constraints: ]
[verbosity: -1]
[saved_feature_importance_type: 0]
[use_quantized_grad: 0]
[num_grad_quant_bins: 4]
[quant_train_renew_leaf: 0]
[stochastic_rounding: 1]
[linear_tree: 0]
[max_bin: 255]
[max_bin_by_feature: ]
[min_data_in_bin: 3]
[bin_construct_sample_cnt: 200000]
[data_random_seed: 175]
[is_enable_sparse: 1]
[enable_bundle: 1]
[use_missing: 1]
[zero_as_missing: 0]
[feature_pre_filter: 1]
[pre_partition: 0]
[two_round: 0]
[header: 0]
[label_column: ]
[weight_column: ]
[group_column: ]
[ignore_column: ]
[categorical_feature: ]
[forcedbins_filename: ]
[precise_float_parser: 0]
[parser_config_file: ]
[objective_seed: 16083]
[num_class: 1]
[is_unbalance: 0]
[scale_pos_weight: 1]
[sigmoid: 1]
[boost_from_average: 1]
[reg_sqrt: 0]
[alpha: 0.9]
[fair_c: 1]
[poisson_max_delta_step: 0.7]
[tweedie_variance_power: 1.5]
[lambdarank_truncation_level: 30]
[lambdarank_norm: 1]
[label_gain: ]
[lambdarank_position_bias_regularization: 0]
[eval_at: ]
[multi_error_top_k: 1]
[auc_mu_weights: ]
[num_machines: 1]
[local_listen_port: 12400]
[time_out: 120]
[machine_list_filename: ]
[machines: ]
[gpu_platform_id: -1]
[gpu_device_id: -1]
[gpu_device_id_list: ]
[gpu_use_dp: 0]
[num_gpu: 1]

end of parameters

pandas_categorical:null
